-- MySQL dump 10.13  Distrib 5.6.15, for osx10.7 (x86_64)
--
-- Host: localhost    Database: mc536
-- ------------------------------------------------------
-- Server version	5.6.15

/*!40101 SET @OLD_CHARACTER_SET_CLIENT=@@CHARACTER_SET_CLIENT */;
/*!40101 SET @OLD_CHARACTER_SET_RESULTS=@@CHARACTER_SET_RESULTS */;
/*!40101 SET @OLD_COLLATION_CONNECTION=@@COLLATION_CONNECTION */;
/*!40101 SET NAMES utf8 */;
/*!40103 SET @OLD_TIME_ZONE=@@TIME_ZONE */;
/*!40103 SET TIME_ZONE='+00:00' */;
/*!40014 SET @OLD_UNIQUE_CHECKS=@@UNIQUE_CHECKS, UNIQUE_CHECKS=0 */;
/*!40014 SET @OLD_FOREIGN_KEY_CHECKS=@@FOREIGN_KEY_CHECKS, FOREIGN_KEY_CHECKS=0 */;
/*!40101 SET @OLD_SQL_MODE=@@SQL_MODE, SQL_MODE='NO_AUTO_VALUE_ON_ZERO' */;
/*!40111 SET @OLD_SQL_NOTES=@@SQL_NOTES, SQL_NOTES=0 */;

--
-- Table structure for table `ArtistaMuicalInspirou`
--

DROP TABLE IF EXISTS `ArtistaMuicalInspirou`;
/*!40101 SET @saved_cs_client     = @@character_set_client */;
/*!40101 SET character_set_client = utf8 */;
CREATE TABLE `ArtistaMuicalInspirou` (
  `id_artista` int(11) NOT NULL,
  `id_inspirou` int(11) NOT NULL,
  KEY `id_artista` (`id_artista`),
  KEY `id_inspirou` (`id_inspirou`),
  CONSTRAINT `artistamuicalinspirou_ibfk_1` FOREIGN KEY (`id_artista`) REFERENCES `ArtistaMusical` (`id`),
  CONSTRAINT `artistamuicalinspirou_ibfk_2` FOREIGN KEY (`id_inspirou`) REFERENCES `ArtistaMusical` (`id`)
) ENGINE=InnoDB DEFAULT CHARSET=latin1;
/*!40101 SET character_set_client = @saved_cs_client */;

--
-- Dumping data for table `ArtistaMuicalInspirou`
--

LOCK TABLES `ArtistaMuicalInspirou` WRITE;
/*!40000 ALTER TABLE `ArtistaMuicalInspirou` DISABLE KEYS */;
/*!40000 ALTER TABLE `ArtistaMuicalInspirou` ENABLE KEYS */;
UNLOCK TABLES;

--
-- Table structure for table `ArtistaMusical`
--

DROP TABLE IF EXISTS `ArtistaMusical`;
/*!40101 SET @saved_cs_client     = @@character_set_client */;
/*!40101 SET character_set_client = utf8 */;
CREATE TABLE `ArtistaMusical` (
  `id` int(11) NOT NULL AUTO_INCREMENT,
  `nome_artistico` varchar(60) NOT NULL,
  `url` varchar(255) NOT NULL,
  `mbid` varchar(40) DEFAULT NULL,
  `id_regiao` int(11) DEFAULT NULL,
  PRIMARY KEY (`id`)
) ENGINE=InnoDB AUTO_INCREMENT=628 DEFAULT CHARSET=latin1;
/*!40101 SET character_set_client = @saved_cs_client */;

--
-- Dumping data for table `ArtistaMusical`
--

LOCK TABLES `ArtistaMusical` WRITE;
/*!40000 ALTER TABLE `ArtistaMusical` DISABLE KEYS */;
INSERT INTO `ArtistaMusical` VALUES (1,'Acid Black Cherry','http://en.wikipedia.org/wiki/Acid_Black_Cherry','a3842d12-306c-498a-ae1d-03ee40e3f2ac',1),(2,'Gorillaz','http://en.wikipedia.org/wiki/Gorillaz','e21857d5-3256-4547-afb3-4b6ded592596',2),(3,'Nightmare','http://en.wikipedia.org/wiki/Nightmare_(Japanese_band)','80e8a7f9-fbfc-4f43-921f-94b1b77379ce',3),(4,'ORANGE RANGE','http://en.wikipedia.org/wiki/Orange_Range','fee8e811-a2dc-4c09-8484-3c2aca38c3f9',NULL),(5,'Paul McCartney','http://en.wikipedia.org/wiki/Paul_McCartney','ba550d0e-adac-4864-b88b-407cab5e76af',4),(6,'Queen','http://en.wikipedia.org/wiki/Queen_(band)','0383dadf-2a4e-4d10-a46a-e9e041da8eb3',2),(7,'Sound Horizon','http://en.wikipedia.org/wiki/Sound_Horizon','b042defc-4d12-414d-a678-0dcabefffa26',NULL),(8,'The Beatles','http://en.wikipedia.org/wiki/The_Beatles','b10bbbfc-cf9e-42e0-be17-e2c3e1d2600d',4),(9,'Arctic Monkeys','http://en.wikipedia.org/wiki/Arctic_monkeys','ada7a83c-e3e1-40f1-93f9-3e73dbc9298a',5),(10,'Imagine Dragons','http://en.wikipedia.org/wiki/Imagine_Dragons','012151a8-0f9a-44c9-997f-ebd68b5389f9',6),(11,'Los Hermanos','http://en.wikipedia.org/wiki/Los_Hermanos','557ac15e-7800-44c3-bb62-d4ab34ac1e28',7),(12,'Muse','http://en.wikipedia.org/wiki/Muse_(band)','1695c115-bf3f-4014-9966-2b0c50179193',8),(13,'Nine Inch Nails','http://en.wikipedia.org/wiki/Nine_inch_nails','b7ffd2af-418f-4be2-bdd1-22f8b48613da',9),(14,'Nirvana','http://en.wikipedia.org/wiki/Nirvana_(band)','5b11f4ce-a62d-471e-81fc-a69a8278c7da',10),(15,'Placebo','http://en.wikipedia.org/wiki/Placebo_(band)','81b9963b-7ff7-47f7-9afb-fe454d8db43c',2),(16,'Queens of the Stone Age','http://en.wikipedia.org/wiki/Queens_of_the_stone_age','246aa41e-8a40-4018-a6d6-8fb646418c25',11),(17,'Radiohead','http://en.wikipedia.org/wiki/Radiohead','a74b1b7f-71a5-4011-9441-d0b5e4122711',12),(18,'The Black Keys','http://en.wikipedia.org/wiki/The_Black_Keys','d15721d8-56b4-453d-b506-fc915b14cba2',13),(19,'The Kooks','http://en.wikipedia.org/wiki/The_Kooks','c41c6a32-cd7e-4cce-8859-559efdd457b3',14),(20,'The Strokes','http://en.wikipedia.org/wiki/The_Strokes','f181961b-20f7-459e-89de-920ef03c7ed0',15),(21,'A Pink','http://en.wikipedia.org/wiki/A_Pink','9102bdf6-b03e-4470-9f78-12127c4995cc',16),(22,'Claudia Leitte','http://en.wikipedia.org/wiki/Claudia_Leitte','ff222983-7204-4b53-be2b-0971333ad53a',7),(23,'deadmau5','http://en.wikipedia.org/wiki/Deadmau5','316f2aab-3477-4c62-bb08-eb04dcdcc18f',17),(24,'Eminem','http://en.wikipedia.org/wiki/Eminem','b95ce3ff-3d05-4e87-9e01-c97b66af13d4',18),(25,'Linkin Park','http://en.wikipedia.org/wiki/Linkin_Park','f59c5520-5f46-4d2c-b2c4-822eabf53419',19),(26,'Two Steps from Hell','http://en.wikipedia.org/wiki/Two_Steps_From_Hell','da02dddc-60fa-4ca4-88bb-8012598f1f86',20),(27,'','http://en.wikipedia.org/wiki/Yousei_Teikoku',NULL,NULL),(28,'Zedd','http://en.wikipedia.org/wiki/Zedd_(musician)','56c4b861-0922-4c3a-a9b9-3bfcb00f8274',21),(29,'AC/DC','http://en.wikipedia.org/wiki/AC-DC','66c662b6-6e2f-4930-8610-912e24c63ed1',22),(30,'Helloween','http://en.wikipedia.org/wiki/Helloween','765774a0-2060-469b-8b7d-612eea48579b',23),(31,'Iron Maiden','http://en.wikipedia.org/wiki/Iron_Maiden','7c3762a3-51f8-4cf3-8565-1ee26a90efe2',2),(32,'Karnivool','http://en.wikipedia.org/wiki/Karnivool','9ee2638f-c3a3-4532-bc08-54d397241c2a',24),(33,'Metallica','http://en.wikipedia.org/wiki/Metallica','65f4f0c5-ef9e-490c-aee3-909e7ae6b2ab',20),(34,'Pain of Salvation','http://en.wikipedia.org/wiki/Pain_of_Salvation','f7c65346-9631-4220-9188-5e90baae58d5',25),(35,'Paramore','http://en.wikipedia.org/wiki/Paramore','44cf61b8-5197-448a-b82b-cef6ee89fac5',26),(36,'Protest the Hero','http://en.wikipedia.org/wiki/Protest_the_Hero','6318e724-7e6b-4e41-a35b-080065077c80',27),(37,'TesseracT','http://en.wikipedia.org/wiki/Tesseract','acaede2d-f652-4a37-9ce0-efd994a3e678',28),(38,'The Safety Fire','http://en.wikipedia.org/wiki/The_Safety_Fire','006495a7-2ed5-4df2-bc9b-acb4af499375',2),(39,'Aerosmith','http://en.wikipedia.org/wiki/Aerosmith','3d2b98e5-556f-4451-a3ff-c50ea18d57cb',29),(40,'Arctic Monkeys','http://en.wikipedia.org/wiki/Arctic_monkeys','ada7a83c-e3e1-40f1-93f9-3e73dbc9298a',5),(41,'Audioslave','http://en.wikipedia.org/wiki/Audioslave','020bfbb4-05c3-4c86-b372-17825c262094',20),(42,'Avicii','http://en.wikipedia.org/wiki/Avicii','24b930c0-5f27-4723-a5aa-3b8b830fb914',30),(43,'Bon Jovi','http://en.wikipedia.org/wiki/Bon_jovi','5dcdb5eb-cb72-4e6e-9e63-b7bace604965',31),(44,'Chris Cornell','http://en.wikipedia.org/wiki/Chris_cornell','cbf9738d-8f81-4a92-bc64-ede09341652d',32),(45,'Daft Punk','http://en.wikipedia.org/wiki/Daft_punk','056e4f3e-d505-4dad-8ec1-d04f521cbb56',33),(46,'Eric Clapton','http://en.wikipedia.org/wiki/Eric_clapton','05c35c95-dcbd-4492-b091-7f05a2091d47',34),(47,'Florence + The Machine','http://en.wikipedia.org/wiki/Florence_and_the_Machine','5fee3020-513b-48c2-b1f7-4681b01db0c6',2),(48,'Hardwell','http://en.wikipedia.org/wiki/Hardwell','170d6637-36e0-49dd-a225-c4fd5b77a285',NULL),(49,'Linkin Park','http://en.wikipedia.org/wiki/Linkin_park','f59c5520-5f46-4d2c-b2c4-822eabf53419',19),(50,'Maroon 5','http://en.wikipedia.org/wiki/Maroon_5','0ab49580-c84f-44d4-875f-d83760ea2cfe',20),(51,'','http://en.wikipedia.org/wiki/Matchbox_20',NULL,35),(52,'Muse','http://en.wikipedia.org/wiki/Muse_(band)','1695c115-bf3f-4014-9966-2b0c50179193',8),(53,'Nickelback','http://en.wikipedia.org/wiki/Nickelback','bc710bcf-8815-42cf-bad2-3f1d12246aeb',36),(54,'Nine Inch Nails','http://en.wikipedia.org/wiki/Nine_Inch_Nails','b7ffd2af-418f-4be2-bdd1-22f8b48613da',9),(55,'Oasis','http://en.wikipedia.org/wiki/Oasis_(band)','39ab1aed-75e0-4140-bd47-540276886b60',37),(56,'Pink Floyd','http://en.wikipedia.org/wiki/Pink_Floyd','83d91898-7763-47d7-b03b-b92132375c47',38),(57,'Red Hot Chili Peppers','http://en.wikipedia.org/wiki/Red_Hot_Chili_Peppers','8bfac288-ccc5-448d-9573-c33ea2aa5c30',20),(58,'The Offspring','http://en.wikipedia.org/wiki/The_Offspring','23a03e33-a603-404e-bcbf-2c00159d7067',39),(59,'Zedd','http://en.wikipedia.org/wiki/Zedd_(musician)','56c4b861-0922-4c3a-a9b9-3bfcb00f8274',21),(60,'Alanis Morissette','http://en.wikipedia.org/wiki/Alanis_Morissette','4bdcee62-4902-4773-8cd1-e252e2e31225',40),(61,'Britney Spears','http://en.wikipedia.org/wiki/Britney_Spears','2f4f5d16-7102-4110-97fd-f5c365d6bb26',41),(62,'Céu','http://en.wikipedia.org/wiki/C%C3%A9u','7739f53a-f809-48a3-942a-fbea493f0a17',42),(63,'Clarice Falcão','http://en.wikipedia.org/wiki/Clarice_Falc%C3%A3o','76858c01-acf4-4630-84f3-1b5208c390db',7),(64,'Katie Malco','http://en.wikipedia.org/wiki/Fernando_e_Sorocaba','57ea5b34-a835-41c2-a82d-25a49cb719ca',2),(65,'Guns N\' Roses','http://en.wikipedia.org/wiki/Guns_N%27_Roses','eeb1195b-f213-4ce1-b28c-8565211f8e43',20),(66,'Los Hermanos','http://en.wikipedia.org/wiki/Los_Hermanos','557ac15e-7800-44c3-bb62-d4ab34ac1e28',7),(67,'Metallica','http://en.wikipedia.org/wiki/Metallica','65f4f0c5-ef9e-490c-aee3-909e7ae6b2ab',20),(68,'Nirvana','http://en.wikipedia.org/wiki/Nirvana_(band)','5b11f4ce-a62d-471e-81fc-a69a8278c7da',10),(69,'O Rappa','http://en.wikipedia.org/wiki/O_Rappa','00034ede-a1f1-4219-be39-02f36853373e',7),(70,'Shakira','http://en.wikipedia.org/wiki/Shakira','726cb350-d775-4e07-b006-898555f24b0d',43),(71,'Alice in Chains','http://en.wikipedia.org/wiki/Alice_in_Chains','4bd95eea-b9f6-4d70-a36c-cfea77431553',32),(72,'Bad Company','http://en.wikipedia.org/wiki/Bad_Company','0053dbd9-bfbc-4e38-9f08-66a27d914c38',NULL),(73,'Badlands','http://en.wikipedia.org/wiki/Badlands_(American_band)','019b9b96-35eb-4e82-b794-63e770596282',20),(74,'deadmau5','http://en.wikipedia.org/wiki/Deadmau5','316f2aab-3477-4c62-bb08-eb04dcdcc18f',17),(75,'Explosions in the Sky','http://en.wikipedia.org/wiki/Explosions_in_the_Sky','1c4b9280-7bee-4fdd-8886-daa627d471a0',44),(76,'Metallica','http://en.wikipedia.org/wiki/Metallica','65f4f0c5-ef9e-490c-aee3-909e7ae6b2ab',20),(77,'Pink Floyd','http://en.wikipedia.org/wiki/Pink_Floyd','83d91898-7763-47d7-b03b-b92132375c47',38),(78,'Queen','http://en.wikipedia.org/wiki/Queen_(band)','0383dadf-2a4e-4d10-a46a-e9e041da8eb3',2),(79,'Radiohead','http://en.wikipedia.org/wiki/Radiohead','a74b1b7f-71a5-4011-9441-d0b5e4122711',12),(80,'Serafin','http://en.wikipedia.org/wiki/Serafin_(band)','5ba1a11a-c668-4ff1-813f-6908376cc65c',NULL),(81,'Soundgarden','http://en.wikipedia.org/wiki/Soundgarden','153c9281-268f-4cf3-8938-f5a4593e5df4',32),(82,'Stone Temple Pilots','http://en.wikipedia.org/wiki/Stone_Temple_Pilots','8c32bb01-58a3-453b-8050-8c0620edb0e5',45),(83,'The Strokes','http://en.wikipedia.org/wiki/The_Strokes','f181961b-20f7-459e-89de-920ef03c7ed0',15),(84,'Third Eye Blind','http://en.wikipedia.org/wiki/Third_Eye_Blind','92a42e82-b36f-4308-82c1-68bad2e03c89',46),(85,'Tool','http://en.wikipedia.org/wiki/Tool_(band)','22c94bce-544f-49ba-afdc-026beac4fd3e',20),(86,'Velvet Revolver','http://en.wikipedia.org/wiki/Velvet_Revolver','3a528006-1429-47f4-ae9b-2ea95343e16a',47),(87,'3 Doors Down','http://en.wikipedia.org/wiki/3_Doors_Down','2386cd66-e923-4e8e-bf14-2eebe2e9b973',48),(88,'AC/DC','http://en.wikipedia.org/wiki/AC-DC','66c662b6-6e2f-4930-8610-912e24c63ed1',22),(89,'Aerosmith','http://en.wikipedia.org/wiki/Aerosmith','3d2b98e5-556f-4451-a3ff-c50ea18d57cb',29),(90,'Black Sabbath','http://en.wikipedia.org/wiki/Black_Sabbath','5182c1d9-c7d2-4dad-afa0-ccfeada921a8',49),(91,'Capital Inicial','http://en.wikipedia.org/wiki/Capital_Inicial','8332cf11-f7a2-431b-aab7-5468ece84e3d',50),(92,'Coldplay','http://en.wikipedia.org/wiki/Coldplay','cc197bad-dc9c-440d-a5b5-d52ba2e14234',2),(93,'Creedence Clearwater Revival','http://en.wikipedia.org/wiki/Creed_(band)','109958eb-a335-4c5e-907e-597ff4c6af46',51),(94,'Foo Fighters','http://en.wikipedia.org/wiki/Foo_Fighters','67f66c07-6e61-4026-ade5-7e782fad3a5d',32),(95,'Goo Goo Dolls','http://en.wikipedia.org/wiki/Goo_Goo_Dolls','e2c00c56-8365-4160-9f40-a64682917633',52),(96,'Guns N\' Roses','http://en.wikipedia.org/wiki/Guns_N%27_Roses','eeb1195b-f213-4ce1-b28c-8565211f8e43',20),(97,'Iration','http://en.wikipedia.org/wiki/Ira_(band)','8d6a2958-37a1-407f-842c-7793eedb836c',53),(98,'Iron Maiden','http://en.wikipedia.org/wiki/Iron_Maiden','7c3762a3-51f8-4cf3-8565-1ee26a90efe2',2),(99,'Kansas','http://en.wikipedia.org/wiki/Kansas_(band)','69689acf-d9cd-4d20-a972-47db4ed51b1a',54),(100,'Kiss','http://en.wikipedia.org/wiki/Kiss_(band)','98b67ebc-5606-4cdb-9787-47b12cceb101',15),(101,'Led Zeppelin','http://en.wikipedia.org/wiki/Led_Zeppelin','678d88b2-87b0-403b-b63d-5da7465aecc3',2),(102,'Legião Urbana','http://en.wikipedia.org/wiki/Legiao_urbana','47685be0-926f-4be9-b1ae-e32da47a3b99',50),(103,'Linkin Park','http://en.wikipedia.org/wiki/Linkin_park','f59c5520-5f46-4d2c-b2c4-822eabf53419',19),(104,'Living Colour','http://en.wikipedia.org/wiki/Living_Colour','dc6f8c1f-626b-42b0-9115-7e66ae4cecd6',15),(105,'Mamonas Assassinas','http://en.wikipedia.org/wiki/Mamonas_Assassinas','3abca171-d700-4a1f-aa0f-d683c37ef74d',55),(106,'Metallica','http://en.wikipedia.org/wiki/Metallica','65f4f0c5-ef9e-490c-aee3-909e7ae6b2ab',20),(107,'Nickelback','http://en.wikipedia.org/wiki/Nickelback','bc710bcf-8815-42cf-bad2-3f1d12246aeb',36),(108,'Nirvana','http://en.wikipedia.org/wiki/Nirvana_(band)','5b11f4ce-a62d-471e-81fc-a69a8278c7da',10),(109,'Oasis','http://en.wikipedia.org/wiki/Oasis_(band)','39ab1aed-75e0-4140-bd47-540276886b60',37),(110,'Ozzy Osbourne','http://en.wikipedia.org/wiki/Ozzy_Osbourne','8aa5b65a-5b3c-4029-92bf-47a544356934',49),(111,'Pearl Jam','http://en.wikipedia.org/wiki/Pearl_Jam','83b9cbe7-9857-49e2-ab8e-b57b01038103',32),(112,'Queen','http://en.wikipedia.org/wiki/Queen_(band)','0383dadf-2a4e-4d10-a46a-e9e041da8eb3',2),(113,'Queens of the Stone Age','http://en.wikipedia.org/wiki/Queens_of_the_Stone_Age','246aa41e-8a40-4018-a6d6-8fb646418c25',11),(114,'Rage Against the Machine','http://en.wikipedia.org/wiki/Rage_Against_the_Machine','3798b104-01cb-484c-a3b0-56adc6399b80',20),(115,'Raul Seixas','http://en.wikipedia.org/wiki/Raul_Seixas','c4efd92a-5692-41d5-91bb-b23d4b75e735',56),(116,'Red Hot Chili Peppers','http://en.wikipedia.org/wiki/Red_Hot_Chili_Peppers','8bfac288-ccc5-448d-9573-c33ea2aa5c30',20),(117,'Scorpions','http://en.wikipedia.org/wiki/Scorpions','5dc3d829-9131-4732-839a-432c9cd35c38',57),(118,'Sex Pistols','http://en.wikipedia.org/wiki/Sex_pistols','49855822-68b4-4dff-aec7-642546611518',2),(119,'Skid Row','http://en.wikipedia.org/wiki/Skid_row','6d797b95-2011-4859-91ab-9284d1e1f472',58),(120,'The Calling','http://en.wikipedia.org/wiki/The_Calling','1b67f2e0-b7f7-4e0f-a9dc-4fd4257b0964',20),(121,'The Killers','http://en.wikipedia.org/wiki/The_Killers','24b4aee8-32ed-4163-98f7-55bae67411ae',6),(122,'The Offspring','http://en.wikipedia.org/wiki/The_Offspring','23a03e33-a603-404e-bcbf-2c00159d7067',39),(123,'The Rolling Stones','http://en.wikipedia.org/wiki/The_Rolling_Stones','b071f9fa-14b0-4217-8e97-eb41da73f598',2),(124,'The White Stripes','http://en.wikipedia.org/wiki/The_White_Stripes','11ae9fbb-f3d7-4a47-936f-4c0a04d3b3b5',18),(125,'The Police','http://en.wikipedia.org/wiki/The_police','9e0e2b01-41db-4008-bd8b-988977d6019a',2),(126,'Thin Lizzy','http://en.wikipedia.org/wiki/Thin_Lizzy','6a726ac6-019e-455c-8bbb-571a77bed52e',59),(127,'Titãs','http://en.wikipedia.org/wiki/Titas_(band)','c1a669b9-30f4-4171-a2a9-a15d9461ca04',60),(128,'Twisted Sister','http://en.wikipedia.org/wiki/Twisted_Sister','c6122fee-089f-41c4-a34f-e5f7e5607b05',15),(129,'U2','http://en.wikipedia.org/wiki/U2','704acdbb-1415-4782-b0b6-0596b8c55e46',59),(130,'Van Halen','http://en.wikipedia.org/wiki/Van_halen','b665b768-0d83-4363-950c-31ed39317c15',61),(131,'Whitesnake','http://en.wikipedia.org/wiki/Whitesnake','5dedf5cf-a598-4408-9556-3bf3f149f3ba',62),(132,'','http://en.wikipedia.org/wiki/Yes_band',NULL,NULL),(133,'AC/DC','http://en.wikipedia.org/wiki/AC/DC','66c662b6-6e2f-4930-8610-912e24c63ed1',22),(134,'Angra','http://en.wikipedia.org/wiki/Angra_%28band%29','b0fe8ef0-d59b-4d41-afee-2d21b59112ab',42),(135,'Arctic Monkeys','http://en.wikipedia.org/wiki/Arctic_monkeys','ada7a83c-e3e1-40f1-93f9-3e73dbc9298a',5),(136,'Avantasia','http://en.wikipedia.org/wiki/Avantasia','2ecbc483-dee4-442f-8ce7-f3ab31c73f87',NULL),(137,'The Beatles','http://en.wikipedia.org/wiki/Beatles','b10bbbfc-cf9e-42e0-be17-e2c3e1d2600d',4),(138,'Blind Guardian','http://en.wikipedia.org/wiki/Blind_guardian','7fa7fc04-1011-4876-8095-ecd232edea87',63),(139,'Bon Jovi','http://en.wikipedia.org/wiki/Bon_jovi','5dcdb5eb-cb72-4e6e-9e63-b7bace604965',31),(140,'Dream Theater','http://en.wikipedia.org/wiki/Dream_Theater','28503ab7-8bf2-4666-a7bd-2644bfc7cb1d',29),(141,'Eddie Van Halen','http://en.wikipedia.org/wiki/Eddie_Van_Halen','2a66baa5-9832-4fbc-8365-c9f607a89e47',64),(142,'Edguy','http://en.wikipedia.org/wiki/Edguy','83998f9c-846b-4294-aede-d7735531c901',65),(143,'Eric Clapton','http://en.wikipedia.org/wiki/Eric_clapton','05c35c95-dcbd-4492-b091-7f05a2091d47',34),(144,'Foster the People','http://en.wikipedia.org/wiki/Foster_the_people','e0e1a584-dd0a-4bd1-88d1-c4c62895039d',20),(145,'Franz Ferdinand','http://en.wikipedia.org/wiki/Franz_Ferdinand_%28band%29','aa7a2827-f74b-473c-bd79-03d065835cf7',66),(146,'Iron Maiden','http://en.wikipedia.org/wiki/Iron_Maiden','7c3762a3-51f8-4cf3-8565-1ee26a90efe2',2),(147,'Led Zeppelin','http://en.wikipedia.org/wiki/Led_zeppelin','678d88b2-87b0-403b-b63d-5da7465aecc3',2),(148,'Metallica','http://en.wikipedia.org/wiki/Metallica','65f4f0c5-ef9e-490c-aee3-909e7ae6b2ab',20),(149,'Motörhead','http://en.wikipedia.org/wiki/Motorhead','57961a97-3796-4bf7-9f02-a985a8979ae9',2),(150,'Nirvana','http://en.wikipedia.org/wiki/Nirvana_%28band%29','5b11f4ce-a62d-471e-81fc-a69a8278c7da',10),(151,'Queen','http://en.wikipedia.org/wiki/Queen_%28band%29','0383dadf-2a4e-4d10-a46a-e9e041da8eb3',2),(152,'Ramones','http://en.wikipedia.org/wiki/Ramones','d6ed7887-a401-47a8-893c-34b967444d26',67),(153,'The Rolling Stones','http://en.wikipedia.org/wiki/Rolling_Stones','b071f9fa-14b0-4217-8e97-eb41da73f598',2),(154,'Sonata Arctica','http://en.wikipedia.org/wiki/Sonata_Arctica','319b1175-ced9-438f-986b-9239c3edd92d',68),(155,'The Doors','http://en.wikipedia.org/wiki/The_doors','9efff43b-3b29-4082-824e-bc82f646f93d',20),(156,'Foo Fighters','http://en.wikipedia.org/wiki/The_foo_fighters','67f66c07-6e61-4026-ade5-7e782fad3a5d',32),(157,'U2','http://en.wikipedia.org/wiki/U2','704acdbb-1415-4782-b0b6-0596b8c55e46',59),(158,'Armin van Buuren','http://en.wikipedia.org/wiki/Armin_van_buuren','3349c8d2-81c3-4dd2-9495-4290c9e5c7e3',69),(159,'Avicii','http://en.wikipedia.org/wiki/Avicii','24b930c0-5f27-4723-a5aa-3b8b830fb914',30),(160,'Charlie Brown JR.','http://en.wikipedia.org/wiki/Charlie_Brown_Jr.','29b550f2-04a3-4733-b6f5-4e347fac7e11',70),(161,'deadmau5','http://en.wikipedia.org/wiki/Deadmau5','316f2aab-3477-4c62-bb08-eb04dcdcc18f',17),(162,'Linkin Park','http://en.wikipedia.org/wiki/Linkin_park','f59c5520-5f46-4d2c-b2c4-822eabf53419',19),(163,'Red Hot Chili Peppers','http://en.wikipedia.org/wiki/Red_Hot_Chili_Peppers','8bfac288-ccc5-448d-9573-c33ea2aa5c30',20),(164,'Tiësto','http://en.wikipedia.org/wiki/Tiesto','163a0256-f137-4b6f-8922-77941cbb9532',71),(165,'X JAPAN','http://en.wikipedia.org/wiki/X_japan','0835497f-b901-4aab-9422-ca0dd5413f32',72),(166,'YUI','http://en.wikipedia.org/wiki/Yui_(singer)','7d475ef3-975b-46a8-ad32-0d38a1df8a31',73),(167,'Zedd','http://en.wikipedia.org/wiki/Zedd_(musician)','56c4b861-0922-4c3a-a9b9-3bfcb00f8274',21),(168,'Alice in Chains','http://en.wikipedia.org/wiki/Alice_In_Chains','4bd95eea-b9f6-4d70-a36c-cfea77431553',32),(169,'Arcade Fire','http://en.wikipedia.org/wiki/Arcade_Fire','52074ba6-e495-4ef3-9bb4-0703888a9f68',74),(170,'Arctic Monkeys','http://en.wikipedia.org/wiki/Arctic_Monkeys','ada7a83c-e3e1-40f1-93f9-3e73dbc9298a',5),(171,'Bad Brains','http://en.wikipedia.org/wiki/Bad_Brains','e919b253-da5b-4aae-a444-6a368376a2d6',75),(172,'Black Drawing Chalks','http://en.wikipedia.org/wiki/Black_Drawing_Chalks','43f71d19-681a-4e3d-84a4-87677bf74deb',76),(173,'Black Flag','http://en.wikipedia.org/wiki/Black_Flag','9941a936-196a-4a62-ae53-a69cbc33f20e',77),(174,'Black Label Society','http://en.wikipedia.org/wiki/Black_Label_Society','a8e935c6-3fcc-414c-900c-77e8170e7e7c',20),(175,'Black Sabbath','http://en.wikipedia.org/wiki/Black_Sabbath','5182c1d9-c7d2-4dad-afa0-ccfeada921a8',49),(176,'Blind Guardian','http://en.wikipedia.org/wiki/Blind_Guardian','7fa7fc04-1011-4876-8095-ecd232edea87',63),(177,'Death Cab for Cutie','http://en.wikipedia.org/wiki/Death','0039c7ae-e1a7-4a7d-9b49-0cbc716821a6',78),(178,'System of a Down','http://en.wikipedia.org/wiki/Down','cc0b7089-c08d-4c10-b6b0-873582c17fd6',20),(179,'Exodus','http://en.wikipedia.org/wiki/Exodus','1067b675-7637-48e4-9085-0378526b357a',79),(180,'Hatebreed','http://en.wikipedia.org/wiki/Hatebreed','40b7efb7-1268-4a80-b354-600afdcbe9e2',80),(181,'Iced Earth','http://en.wikipedia.org/wiki/Iced_Earth','8a0e10a9-80c7-40e0-bf5b-89f1d57f9537',81),(182,'Jimi Hendrix','http://en.wikipedia.org/wiki/Jimi_Hendrix','06fb1c8b-566e-4cb2-985b-b467c90781d4',32),(183,'Kreator','http://en.wikipedia.org/wiki/Kreator','39822e8d-f24e-4f07-b51b-28b22e59fbdb',82),(184,'Krisiun','http://en.wikipedia.org/wiki/Krisiun','9e6458d6-7053-48eb-ac8f-bf6fdf9169c6',NULL),(185,'Led Zeppelin','http://en.wikipedia.org/wiki/Led_Zeppelin','678d88b2-87b0-403b-b63d-5da7465aecc3',2),(186,'Lynyrd Skynyrd','http://en.wikipedia.org/wiki/Lynyrd_Skynyrd','98198195-ef1f-4c2c-b74d-5d98505cdd4f',83),(187,'Macaco Bong','http://en.wikipedia.org/wiki/Macaco_Bong','b1f69390-1347-4876-8146-45f547d96708',84),(188,'Miles Davis','http://en.wikipedia.org/wiki/Miles_Davis','561d854a-6a28-4aa7-8c99-323e6ce46c2a',85),(189,'Minor Threat','http://en.wikipedia.org/wiki/Minor_Threat','09037f07-42bc-46ac-a1ee-37f834451fee',75),(190,'Nine Inch Nails','http://en.wikipedia.org/wiki/Nine_Inch_Nails','b7ffd2af-418f-4be2-bdd1-22f8b48613da',9),(191,'Pantera','http://en.wikipedia.org/wiki/Pantera','541f16f5-ad7a-428e-af89-9fa1b16d3c9c',86),(192,'Queens of the Stone Age','http://en.wikipedia.org/wiki/Queens_of_the_Stone_Age','246aa41e-8a40-4018-a6d6-8fb646418c25',11),(193,'Radiohead','http://en.wikipedia.org/wiki/Radiohead','a74b1b7f-71a5-4011-9441-d0b5e4122711',12),(194,'Slayer','http://en.wikipedia.org/wiki/Slayer','72de5171-38cf-4734-bc8a-6ac374dea523',87),(195,'Tame Impala','http://en.wikipedia.org/wiki/Tame_Impala','63aa26c3-d59b-4da4-84ac-716b54f1ef4d',24),(196,'The Allman Brothers Band','http://en.wikipedia.org/wiki/The_Allman_Brothers_Band','531c7210-0583-4380-85f9-eac1b667f1e0',88),(197,'The Misfits','http://en.wikipedia.org/wiki/The_Misfits','aec8e038-59dc-440d-a802-d20c54bdcc5c',89),(198,'The National','http://en.wikipedia.org/wiki/The_National','664c3e0e-42d8-48c1-b209-1efca19c0325',90),(199,'Bruno & Marrone','http://en.wikipedia.org/wiki/Bruno_e_Marrone','f7c823d0-c49f-40d3-84c0-edc32d045ea2',NULL),(200,'','http://en.wikipedia.org/wiki/Chit%C3%A3ozinho_e_Xoror%C3%B3',NULL,42),(201,'Elvis Presley','http://en.wikipedia.org/wiki/Elvis_Presley','01809552-4f87-45b0-afff-2c6f0730a3be',91),(202,'Guns N\' Roses','http://en.wikipedia.org/wiki/Guns_N%27_Roses','eeb1195b-f213-4ce1-b28c-8565211f8e43',20),(203,'Gusttavo Lima','http://en.wikipedia.org/wiki/Gusttavo_Lima','48a3a1c5-8cf3-4a9a-bd5c-5082cf8d3639',92),(204,'','http://en.wikipedia.org/wiki/Jorge_e_Mateus',NULL,NULL),(205,'','http://en.wikipedia.org/wiki/Leandro_e_Leonardo',NULL,NULL),(206,'Legião Urbana','http://en.wikipedia.org/wiki/Legi%C3%A3o_Urbana','47685be0-926f-4be9-b1ae-e32da47a3b99',50),(207,'Luan Santana','http://en.wikipedia.org/wiki/Luan_Santana','70598780-d9bf-47f3-9c7e-292f8608c103',93),(208,'Lulu Santos','http://en.wikipedia.org/wiki/Lulu_Santos','dc06730e-7330-40a8-9c84-4fe3b10c9250',7),(209,'Mamonas Assassinas','http://en.wikipedia.org/wiki/Mamonas_Assassinas','3abca171-d700-4a1f-aa0f-d683c37ef74d',55),(210,'Roberto Carlos','http://en.wikipedia.org/wiki/Roberto_Carlos','cd1e613e-ae5b-4f4b-a379-9008c7bfa195',94),(211,'Roupa Nova','http://en.wikipedia.org/wiki/Roupa_Nova','6e71462e-0e62-49a8-a2d0-ec7179f58f66',7),(212,'Só Pra Contrariar','http://en.wikipedia.org/wiki/S%C3%B3_Pra_Contrariar','25e9d889-b583-489f-8bf5-b880af8593e0',95),(213,'Skank','http://en.wikipedia.org/wiki/Skank_(band)','25db5fde-2384-4baf-8e3d-d8299b4c99ef',96),(214,'Titãs','http://en.wikipedia.org/wiki/Tit%C3%A3s','c1a669b9-30f4-4171-a2a9-a15d9461ca04',60),(215,'Tribalistas','http://en.wikipedia.org/wiki/Tribalistas_(band)','a27207ee-a79e-4887-aa65-e644d2702f5e',NULL),(216,'Zezé Di Camargo & Luciano','http://en.wikipedia.org/wiki/Zez%C3%A9_Di_Camargo_%26_Luciano','17022e90-a743-4c5f-89b4-c9243be7b7ad',97),(217,'Daft Punk','http://en.wikipedia.org/wiki/Daft_punk','056e4f3e-d505-4dad-8ec1-d04f521cbb56',33),(218,'Godsmack','http://en.wikipedia.org/wiki/Godsmack','ac2d1c91-3667-46aa-9fe7-170ca7fce9e2',98),(219,'Matanza','http://en.wikipedia.org/wiki/Matanza_(band)','cdac8d31-3e08-44d7-9620-aa209ecf0c10',7),(220,'Pink Floyd','http://en.wikipedia.org/wiki/Pink_floyd','83d91898-7763-47d7-b03b-b92132375c47',38),(221,'Ratman','http://en.wikipedia.org/wiki/RATM','6fd8573d-68e9-4cba-a7ca-56f6f7c25430',NULL),(222,'Sepultura','http://en.wikipedia.org/wiki/Sepultura','1d93c839-22e7-4f76-ad84-d27039efc048',96),(223,'Shakira','http://en.wikipedia.org/wiki/Shakira','726cb350-d775-4e07-b006-898555f24b0d',43),(224,'Suicidal Tendencies','http://en.wikipedia.org/wiki/Suicidal_Tendencies','e9e2a634-984f-4c10-bf7b-7970179e1ef1',99),(225,'AC/DC','http://en.wikipedia.org/wiki/Acdc','66c662b6-6e2f-4930-8610-912e24c63ed1',22),(226,'The Beatles','http://en.wikipedia.org/wiki/Beatles','b10bbbfc-cf9e-42e0-be17-e2c3e1d2600d',4),(227,'Coldplay','http://en.wikipedia.org/wiki/Cold_play','cc197bad-dc9c-440d-a5b5-d52ba2e14234',2),(228,'Deep Purple','http://en.wikipedia.org/wiki/Deep_Purple','4ba36a26-5624-45d7-bd9f-bdc374ec077c',100),(229,'Enya','http://en.wikipedia.org/wiki/Enya','4967c0a1-b9f3-465e-8440-4598fd9fc33c',101),(230,'Iron Maiden','http://en.wikipedia.org/wiki/Iron_Maiden','7c3762a3-51f8-4cf3-8565-1ee26a90efe2',2),(231,'Led Zeppelin','http://en.wikipedia.org/wiki/Led_Zeppelin','678d88b2-87b0-403b-b63d-5da7465aecc3',2),(232,'Linkin Park','http://en.wikipedia.org/wiki/Linkin_park','f59c5520-5f46-4d2c-b2c4-822eabf53419',19),(233,'Red Hot Chili Peppers','http://en.wikipedia.org/wiki/Red_Hot_Chili_Peppers','8bfac288-ccc5-448d-9573-c33ea2aa5c30',20),(234,'U2','http://en.wikipedia.org/wiki/U2','704acdbb-1415-4782-b0b6-0596b8c55e46',59),(235,'Aerosmith','http://en.wikipedia.org/wiki/Aerosmith','3d2b98e5-556f-4451-a3ff-c50ea18d57cb',29),(236,'Kiss','http://en.wikipedia.org/wiki/Kiss_(band)','98b67ebc-5606-4cdb-9787-47b12cceb101',15),(237,'Led Zeppelin','http://en.wikipedia.org/wiki/Led_Zeppelin','678d88b2-87b0-403b-b63d-5da7465aecc3',2),(238,'Nando Reis','http://en.wikipedia.org/wiki/Nando_Reis','cda86e8a-a26a-4b3a-959c-bc9f8a88a1c1',42),(239,'Paulo Vanzolini','http://en.wikipedia.org/wiki/Paulo_Vanzolini','fb252d06-9318-401d-9516-0bbad7bd390f',42),(240,'Queen','http://en.wikipedia.org/wiki/Queen','0383dadf-2a4e-4d10-a46a-e9e041da8eb3',2),(241,'Antônio Carlos Jobim','http://en.wikipedia.org/wiki/Tom_Jobin','7a8dbe84-f4c0-4457-bfa3-edced1f8cde0',7),(242,'Aerosmith','http://en.wikipedia.org/wiki/Aerosmith','3d2b98e5-556f-4451-a3ff-c50ea18d57cb',29),(243,'Banda Calypso','http://en.wikipedia.org/wiki/Banda_Calypso','050ba21b-c1e3-49ee-9adb-f3da66882a39',NULL),(244,'Bon Jovi','http://en.wikipedia.org/wiki/Bon_jovi','5dcdb5eb-cb72-4e6e-9e63-b7bace604965',31),(245,'Engenheiros Do Hawaii','http://en.wikipedia.org/wiki/Engenheiros_do_Hawaii','92de023e-6f08-4133-8063-c0740c855e3d',102),(246,'Evanescence','http://en.wikipedia.org/wiki/Evanescence','f4a31f0a-51dd-4fa7-986d-3095c40c5ed9',103),(247,'Foo Fighters','http://en.wikipedia.org/wiki/Foo_Fighters','67f66c07-6e61-4026-ade5-7e782fad3a5d',32),(248,'Guns N\' Roses','http://en.wikipedia.org/wiki/Guns_N%27_Roses','eeb1195b-f213-4ce1-b28c-8565211f8e43',20),(249,'Imagine Dragons','http://en.wikipedia.org/wiki/Imagine_Dragons','012151a8-0f9a-44c9-997f-ebd68b5389f9',6),(250,'Jonas Brothers','http://en.wikipedia.org/wiki/Jonas_Brothers','6e019bc6-5c23-4935-94f0-4a896631d846',20),(251,'Kiss','http://en.wikipedia.org/wiki/Kiss_(band)','98b67ebc-5606-4cdb-9787-47b12cceb101',15),(252,'Legião Urbana','http://en.wikipedia.org/wiki/Legi%C3%A3o_Urbana','47685be0-926f-4be9-b1ae-e32da47a3b99',50),(253,'Metallica','http://en.wikipedia.org/wiki/Metallica','65f4f0c5-ef9e-490c-aee3-909e7ae6b2ab',20),(254,'Nightwish','http://en.wikipedia.org/wiki/Nightwish','00a9f935-ba93-4fc8-a33a-993abe9c936b',104),(255,'Red Hot Chili Peppers','http://en.wikipedia.org/wiki/Red_Hot_Chili_Peppers','8bfac288-ccc5-448d-9573-c33ea2aa5c30',20),(256,'Whitesnake','http://en.wikipedia.org/wiki/Whitesnake','5dedf5cf-a598-4408-9556-3bf3f149f3ba',62),(257,'É O Tchan','http://en.wikipedia.org/wiki/%C3%89_o_Tchan','04611209-2171-4652-98cd-e2c5e536ac04',NULL),(258,'3OH!3','http://en.wikipedia.org/wiki/3OH!3','125948ec-7f91-4d1a-8b83-accbf50fae3d',105),(259,'50 Cent','http://en.wikipedia.org/wiki/50_cent','8e68819d-71be-4e7d-b41d-f1df81b01d3f',67),(260,'ABBA','http://en.wikipedia.org/wiki/ABBA','d87e52c5-bb8d-4da8-b941-9f4928627dc8',30),(261,'AFI','http://en.wikipedia.org/wiki/AFI_(band)','1c3919b2-43ca-4a4a-935d-9d50135ec0ef',106),(262,'Avril Lavigne','http://en.wikipedia.org/wiki/Avril_Lavigne','0103c1cc-4a09-4a5d-a344-56ad99a77193',107),(263,'Backstreet Boys','http://en.wikipedia.org/wiki/Backstreet_boys','2f569e60-0a1b-4fb9-95a4-3dc1525d1aad',35),(264,'Black Sabbath','http://en.wikipedia.org/wiki/Black_Sabbath','5182c1d9-c7d2-4dad-afa0-ccfeada921a8',49),(265,'Bon Jovi','http://en.wikipedia.org/wiki/Bon_jovi','5dcdb5eb-cb72-4e6e-9e63-b7bace604965',31),(266,'Britney Spears','http://en.wikipedia.org/wiki/Britney_Spears','2f4f5d16-7102-4110-97fd-f5c365d6bb26',41),(267,'Capital Inicial','http://en.wikipedia.org/wiki/Capital_Inicial','8332cf11-f7a2-431b-aab7-5468ece84e3d',50),(268,'Coldplay','http://en.wikipedia.org/wiki/Coldplay','cc197bad-dc9c-440d-a5b5-d52ba2e14234',2),(269,'Crystal Castles','http://en.wikipedia.org/wiki/Crystal_Castles_(band)','b1570544-93ab-4b2b-8398-131735394202',17),(270,'Elton John','http://en.wikipedia.org/wiki/Elton_John','334c2c2c-2ae3-4b69-8f38-167d07f83d25',2),(271,'Eminem','http://en.wikipedia.org/wiki/Eminem','b95ce3ff-3d05-4e87-9e01-c97b66af13d4',18),(272,'Evanescence','http://en.wikipedia.org/wiki/Evanescence','f4a31f0a-51dd-4fa7-986d-3095c40c5ed9',103),(273,'Fall Out Boy','http://en.wikipedia.org/wiki/Fall_Out_Boy','516cef4d-0718-4007-9939-f9b38af3f784',108),(274,'Guns N\' Roses','http://en.wikipedia.org/wiki/Guns_N%27_Roses','eeb1195b-f213-4ce1-b28c-8565211f8e43',20),(275,'Jennifer Lopez','http://en.wikipedia.org/wiki/Jennifer_Lopez','3e518707-b079-4334-bb6e-bfde317ce4d3',109),(276,'Ke$ha','http://en.wikipedia.org/wiki/Kesha','fab34286-b8e1-4879-bce3-194e1358fbd2',20),(277,'','http://en.wikipedia.org/wiki/Kiss_band',NULL,NULL),(278,'Lady Gaga','http://en.wikipedia.org/wiki/Lady_Gaga','650e7db6-b795-4eb5-a702-5ea2fc46c848',15),(279,'','http://en.wikipedia.org/wiki/Leandro_e_Leonardo',NULL,NULL),(280,'Madonna','http://en.wikipedia.org/wiki/Madonna_(entertainer)','79239441-bfd5-4981-a70c-55c3f15c1287',15),(281,'Maroon 5','http://en.wikipedia.org/wiki/Maroon_5','0ab49580-c84f-44d4-875f-d83760ea2cfe',20),(282,'','http://en.wikipedia.org/wiki/Metalicca',NULL,NULL),(283,'Miley Cyrus','http://en.wikipedia.org/wiki/Miley_cyrus','7e9bd05a-117f-4cce-87bc-e011527a8b18',110),(284,'Ozzy Osbourne','http://en.wikipedia.org/wiki/Ozzy','8aa5b65a-5b3c-4029-92bf-47a544356934',49),(285,'Panic! at the Disco','http://en.wikipedia.org/wiki/Panic!_at_the_Disco','b9472588-93f3-4922-a1a2-74082cdf9ce8',6),(286,'Paramore','http://en.wikipedia.org/wiki/Paramore','44cf61b8-5197-448a-b82b-cef6ee89fac5',26),(287,'Phoenix','http://en.wikipedia.org/wiki/Phoenix_(band)','02f4c1ff-65e0-4412-8e8b-6239b0faecb5',33),(288,'Plain White T\'s','http://en.wikipedia.org/wiki/Plain_White_T%27s','49576e42-fbbd-4d73-968d-93c8dcf7f065',111),(289,'Rihanna','http://en.wikipedia.org/wiki/Rihanna','69989475-2971-49aa-8c53-5d74af88b8be',NULL),(290,'Saosin','http://en.wikipedia.org/wiki/Saosin','47b8b42a-96e8-46fa-9ea6-70c5136ae971',112),(291,'Spice Girls','http://en.wikipedia.org/wiki/Spice_girls','bf0caafc-2b20-4e07-ab85-87e14ff430ce',2),(292,'Sum 41','http://en.wikipedia.org/wiki/Sum_41','f2eef649-a6d5-4114-afba-e50ab26254d2',113),(293,'t.A.T.u.','http://en.wikipedia.org/wiki/T.a.t.u.','7c20f558-d664-42bd-b6f1-81acf9dbb72d',114),(294,'The Killers','http://en.wikipedia.org/wiki/The_Killers','24b4aee8-32ed-4163-98f7-55bae67411ae',6),(295,'The Strokes','http://en.wikipedia.org/wiki/The_Strokes','f181961b-20f7-459e-89de-920ef03c7ed0',15),(296,'The Smiths','http://en.wikipedia.org/wiki/The_smiths','40f5d9e4-2de7-4f2d-ad41-e31a9a9fea27',37),(297,'The Used','http://en.wikipedia.org/wiki/The_used','8262d8e4-9137-4bb3-a787-3caabbbc13e9',115),(298,'Usher','http://en.wikipedia.org/wiki/Usher_(entertainer)','3414d446-735a-443c-931f-10634f57e5b9',116),(299,'AC/DC','http://en.wikipedia.org/wiki/AC/DC','66c662b6-6e2f-4930-8610-912e24c63ed1',22),(300,'Aerosmith','http://en.wikipedia.org/wiki/Aerosmith','3d2b98e5-556f-4451-a3ff-c50ea18d57cb',29),(301,'Black Sabbath','http://en.wikipedia.org/wiki/Black_Sabbath','5182c1d9-c7d2-4dad-afa0-ccfeada921a8',49),(302,'Bob Dylan','http://en.wikipedia.org/wiki/Bob_Dylan','25144665-e9ac-416f-aba3-0c8b4ee547d5',117),(303,'Bon Jovi','http://en.wikipedia.org/wiki/Bon_Jovi','5dcdb5eb-cb72-4e6e-9e63-b7bace604965',31),(304,'Deep Purple','http://en.wikipedia.org/wiki/Deep_Purple','4ba36a26-5624-45d7-bd9f-bdc374ec077c',100),(305,'Fleetwood Mac','http://en.wikipedia.org/wiki/Fleetwood_Mac','bd13909f-1c29-4c27-a874-d4aaf27c5b1a',2),(306,'Guns N\' Roses','http://en.wikipedia.org/wiki/Guns_N%27_Roses','eeb1195b-f213-4ce1-b28c-8565211f8e43',20),(307,'Helloween','http://en.wikipedia.org/wiki/Helloween','765774a0-2060-469b-8b7d-612eea48579b',23),(308,'King Crimson','http://en.wikipedia.org/wiki/King_Crimson','b38225b8-8e5f-42aa-bcdc-7bae5b5bdab3',2),(309,'Led Zeppelin','http://en.wikipedia.org/wiki/Led_Zeppelin','678d88b2-87b0-403b-b63d-5da7465aecc3',2),(310,'Moby','http://en.wikipedia.org/wiki/Moby','00810267-f0ac-45a6-ae99-0b8c9c18f3c2',118),(311,'Neil Young','http://en.wikipedia.org/wiki/Neil_Young','053e3289-1cab-4b44-9535-9ab1beb3b207',17),(312,'Pink Floyd','http://en.wikipedia.org/wiki/Pink_Floyd','83d91898-7763-47d7-b03b-b92132375c47',38),(313,'Queen','http://en.wikipedia.org/wiki/Queen_%28band%29','0383dadf-2a4e-4d10-a46a-e9e041da8eb3',2),(314,'Angra','http://en.wikipedia.org/wiki/Angra_(band)','b0fe8ef0-d59b-4d41-afee-2d21b59112ab',42),(315,'Arctic Monkeys','http://en.wikipedia.org/wiki/Arctic_Monkeys','ada7a83c-e3e1-40f1-93f9-3e73dbc9298a',5),(316,'blink-182','http://en.wikipedia.org/wiki/Blink-182','0743b15a-3c32-48c8-ad58-cb325350befa',45),(317,'Bob Marley','http://en.wikipedia.org/wiki/Bob_Marley','41ac07cd-8c7b-4766-9422-2c772a2b027b',NULL),(318,'Chico Buarque','http://en.wikipedia.org/wiki/Chico_Buarque','3a5d1cc7-627e-48ea-aba3-fdd20d782c33',7),(319,'Hans Zimmer','http://en.wikipedia.org/wiki/Hans_Zimmer','09007862-6b59-4562-93c6-5387a724a7b0',119),(320,'Korpiklaani','http://en.wikipedia.org/wiki/Korpiklaani','50eec634-7c42-41ee-9b1f-b41d9ca28b26',120),(321,'Los Hermanos','http://en.wikipedia.org/wiki/Los_Hermanos','557ac15e-7800-44c3-bb62-d4ab34ac1e28',7),(322,'Pearl Jam','http://en.wikipedia.org/wiki/Pearl_Jam','83b9cbe7-9857-49e2-ab8e-b57b01038103',32),(323,'Pixies','http://en.wikipedia.org/wiki/Pixies','b6b2bb8d-54a9-491f-9607-7b546023b433',29),(324,'Tuatha de Danann','http://en.wikipedia.org/wiki/Tuatha_de_Danann_(band)','2206529d-ccc2-4915-8485-d406723dc22d',121),(325,'Chris Brown','http://en.wikipedia.org/wiki/Chris_Brown','126759e7-ca12-4bb4-884e-eba160e9e406',122),(326,'David Guetta','http://en.wikipedia.org/wiki/David_Guetta','1bb1eec6-88c3-4028-8920-a985c4b9081a',33),(327,'Enrique Iglesias','http://en.wikipedia.org/wiki/Enrique_Iglesias','35f866dc-c061-48ba-8157-cf2e0eac4857',123),(328,'Flo Rida','http://en.wikipedia.org/wiki/Flo_Rida','02c8c7c3-391e-473d-8403-fe76477b88a9',124),(329,'Gusttavo Lima','http://en.wikipedia.org/wiki/Gusttavo_Lima','48a3a1c5-8cf3-4a9a-bd5c-5082cf8d3639',92),(330,'','http://en.wikipedia.org/wiki/Jorge_e_Mateus',NULL,NULL),(331,'Jota Quest','http://en.wikipedia.org/wiki/Jota_Quest','2759ea9d-07c9-4901-b764-5215a7c813d1',96),(332,'Linkin Park','http://en.wikipedia.org/wiki/Linkin_Park','f59c5520-5f46-4d2c-b2c4-822eabf53419',19),(333,'Luan Santana','http://en.wikipedia.org/wiki/Luan_Santana','70598780-d9bf-47f3-9c7e-292f8608c103',93),(334,'Ne-Yo','http://en.wikipedia.org/wiki/Ne-yo','a4a01f5d-18e7-4571-8c3a-76ec0e24e2d7',125),(335,'Paramore','http://en.wikipedia.org/wiki/Paramore','44cf61b8-5197-448a-b82b-cef6ee89fac5',26),(336,'Pitbull','http://en.wikipedia.org/wiki/Pitbull_(rapper)','3f7b5e3e-289a-44d7-95a7-f7ffab7a2bf2',124),(337,'Red Hot Chili Peppers','http://en.wikipedia.org/wiki/Red_Hot_Chilli_Peppers','8bfac288-ccc5-448d-9573-c33ea2aa5c30',20),(338,'Rihanna','http://en.wikipedia.org/wiki/Rihanna','69989475-2971-49aa-8c53-5d74af88b8be',NULL),(339,'Ylvis','http://en.wikipedia.org/wiki/Ylvis','18e9528e-a4af-4e09-9a35-ea11c7a7ae43',126),(340,'a-ha','http://en.wikipedia.org/wiki/A-ha','318a755f-53a4-42b0-b728-4455ec9654e8',127),(341,'Capital Inicial','http://en.wikipedia.org/wiki/Capital_Inicial','8332cf11-f7a2-431b-aab7-5468ece84e3d',50),(342,'Dire Straits','http://en.wikipedia.org/wiki/Dire_Straits','614e3804-7d34-41ba-857f-811bad7c2b7a',128),(343,'Ghost B.C.','http://en.wikipedia.org/wiki/Ghost_BC','8c35dc4d-f3c0-4c92-9a55-84cc6ff647e3',NULL),(344,'Linkin Park','http://en.wikipedia.org/wiki/Linkin_Park','f59c5520-5f46-4d2c-b2c4-822eabf53419',19),(345,'','http://en.wikipedia.org/wiki/MC_Daleste',NULL,129),(346,'Mamonas Assassinas','http://en.wikipedia.org/wiki/Mamonas_Assassinas','3abca171-d700-4a1f-aa0f-d683c37ef74d',55),(347,'Oficina G3','http://en.wikipedia.org/wiki/Oficina_G3','b397349e-1b0f-4e61-89ac-caeca5dea676',42),(348,'Scorpions','http://en.wikipedia.org/wiki/Scorpions_%28band%29','5dc3d829-9131-4732-839a-432c9cd35c38',57),(349,'','http://en.wikipedia.org/wiki/Tom_Jobim',NULL,7),(350,'Chiclete Com Banana','http://en.wikipedia.org/wiki/Chiclete_com_banana','4158202e-7fa6-4056-bb83-67c66eafea03',NULL),(351,'Lady Gaga','http://en.wikipedia.org/wiki/Lady_Gaga','650e7db6-b795-4eb5-a702-5ea2fc46c848',15),(352,'Red Hot Chili Peppers','http://en.wikipedia.org/wiki/Red_Hot_Chilli_Peppers','8bfac288-ccc5-448d-9573-c33ea2aa5c30',20),(353,'Orjan Nilsen','http://en.wikipedia.org/wiki/%C3%98rjan_Nilsen','f7ba60af-39d6-4d9e-ba25-a7c47c417143',130),(354,'Above & Beyond','http://en.wikipedia.org/wiki/Above_%26_Beyond_(band)','370bd5a3-4abf-4356-8576-3a8fc0c11d65',2),(355,'Aerosmith','http://en.wikipedia.org/wiki/Aerosmith','3d2b98e5-556f-4451-a3ff-c50ea18d57cb',29),(356,'Alex M.O.R.P.H.','http://en.wikipedia.org/wiki/Alex_M.O.R.P.H.','487221b2-a653-4832-89db-984890bbfdbb',NULL),(357,'Aly & Fila','http://en.wikipedia.org/wiki/Aly_%26_Fila','045bc733-e2f0-4f3b-8807-6a6d84505ea8',131),(358,'Andrew Rayel','http://en.wikipedia.org/wiki/Andrew_Rayel','a90cbe49-705a-49d4-931b-8a8841f431b0',NULL),(359,'Andy Moor','http://en.wikipedia.org/wiki/Andy_Moor_(DJ)','4c815fc0-2cac-457f-90a7-5f57c9dc3dcf',132),(360,'Armin van Buuren','http://en.wikipedia.org/wiki/Armin_van_Buuren','3349c8d2-81c3-4dd2-9495-4290c9e5c7e3',69),(361,'Arty','http://en.wikipedia.org/wiki/Arty_(musician)','52491cf4-55df-4d0f-b4d4-c3652f7e122d',133),(362,'Avicii','http://en.wikipedia.org/wiki/Avicii','24b930c0-5f27-4723-a5aa-3b8b830fb914',30),(363,'The Beatles','http://en.wikipedia.org/wiki/Beatles','b10bbbfc-cf9e-42e0-be17-e2c3e1d2600d',4),(364,'Coldplay','http://en.wikipedia.org/wiki/Coldplay','cc197bad-dc9c-440d-a5b5-d52ba2e14234',2),(365,'Daft Punk','http://en.wikipedia.org/wiki/Daft_punk','056e4f3e-d505-4dad-8ec1-d04f521cbb56',33),(366,'Dash Berlin','http://en.wikipedia.org/wiki/Dash_Berlin','ccfa0410-bd90-4fd1-ab85-8995a57e265b',134),(367,'deadmau5','http://en.wikipedia.org/wiki/Deadmau5','316f2aab-3477-4c62-bb08-eb04dcdcc18f',17),(368,'Deep Purple','http://en.wikipedia.org/wiki/Deep_purple','4ba36a26-5624-45d7-bd9f-bdc374ec077c',100),(369,'Eagles','http://en.wikipedia.org/wiki/Eagles_(band)','a4852e21-7f09-470b-b5ae-9740d939d183',20),(370,'Electric Light Orchestra','http://en.wikipedia.org/wiki/Electric_light_orchestra','0c502791-4ee9-4c5f-9696-0602b721ff3b',49),(371,'Elton John','http://en.wikipedia.org/wiki/Elton_john','334c2c2c-2ae3-4b69-8f38-167d07f83d25',2),(372,'Eric Clapton','http://en.wikipedia.org/wiki/Eric_clapton','05c35c95-dcbd-4492-b091-7f05a2091d47',34),(373,'Ferry Corsten','http://en.wikipedia.org/wiki/Ferry_corsten','3547d05d-2c01-484d-a129-1b11bdc10fad',135),(374,'Foo Fighters','http://en.wikipedia.org/wiki/Foo_Fighters','67f66c07-6e61-4026-ade5-7e782fad3a5d',32),(375,'Giuseppe Ottaviani','http://en.wikipedia.org/wiki/Giuseppe_Ottaviani','2a003970-2017-4c03-8599-261d01fdee6b',NULL),(376,'Guns N\' Roses','http://en.wikipedia.org/wiki/Guns_N%27_Roses','eeb1195b-f213-4ce1-b28c-8565211f8e43',20),(377,'Hans Zimmer','http://en.wikipedia.org/wiki/Hans_zimmer','09007862-6b59-4562-93c6-5387a724a7b0',119),(378,'Hardwell','http://en.wikipedia.org/wiki/Hardwell','170d6637-36e0-49dd-a225-c4fd5b77a285',NULL),(379,'John O\'Callaghan','http://en.wikipedia.org/wiki/John_O%27Callaghan_(musician)','96a19638-1eed-4d69-83ba-b2bc75bda9b9',136),(380,'John Williams','http://en.wikipedia.org/wiki/John_williams','044736f4-188e-47df-9ad9-a0e136ba67d2',67),(381,'Jorn van Deynhoven','http://en.wikipedia.org/wiki/Jorn_van_Deynhoven','39738334-731b-4103-8e51-3c58ada3933b',NULL),(382,'Journey','http://en.wikipedia.org/wiki/Journey_(band)','a26ff336-32ef-4adc-a800-3581c9a517a9',46),(383,'Led Zeppelin','http://en.wikipedia.org/wiki/Led_Zeppelin','678d88b2-87b0-403b-b63d-5da7465aecc3',2),(384,'Lynyrd Skynyrd','http://en.wikipedia.org/wiki/Lynrd_Skynyrd','c544ed4d-2390-4442-a83e-1ea2883b09c8',83),(385,'Markus Schulz','http://en.wikipedia.org/wiki/Markus_Schulz','2125b294-dd61-416c-bd29-65543aedeaf7',137),(386,'Metallica','http://en.wikipedia.org/wiki/Metallica','65f4f0c5-ef9e-490c-aee3-909e7ae6b2ab',20),(387,'Nervo','http://en.wikipedia.org/wiki/Nervo_(duo)','6fcc5601-7c5b-4d53-b982-fdaa0aa45314',138),(388,'Nirvana','http://en.wikipedia.org/wiki/Nirvana_(band)','5b11f4ce-a62d-471e-81fc-a69a8278c7da',10),(389,'Oasis','http://en.wikipedia.org/wiki/Oasis_(band)','39ab1aed-75e0-4140-bd47-540276886b60',37),(390,'Oceanlab','http://en.wikipedia.org/wiki/OceanLab','2f218143-5713-4a06-972e-093e378438db',2),(391,'Paul van Dyk','http://en.wikipedia.org/wiki/Paul_van_Dyk','092ca127-2e07-4cbd-9cba-e412b4ddddd9',139),(392,'Pearl Jam','http://en.wikipedia.org/wiki/Pearl_Jam','83b9cbe7-9857-49e2-ab8e-b57b01038103',32),(393,'Pink Floyd','http://en.wikipedia.org/wiki/Pink_Floyd','83d91898-7763-47d7-b03b-b92132375c47',38),(394,'Queen','http://en.wikipedia.org/wiki/Queen_(band)','0383dadf-2a4e-4d10-a46a-e9e041da8eb3',2),(395,'Radiohead','http://en.wikipedia.org/wiki/Radiohead','a74b1b7f-71a5-4011-9441-d0b5e4122711',12),(396,'Red Hot Chili Peppers','http://en.wikipedia.org/wiki/Red_Hot_Chilli_Peppers','8bfac288-ccc5-448d-9573-c33ea2aa5c30',20),(397,'Sander Van Doorn','http://en.wikipedia.org/wiki/Sander_van_Doorn','3a74e0bc-2055-44d6-a00e-bbc1176b7c26',140),(398,'Simon Patterson','http://en.wikipedia.org/wiki/Simon_Patterson_(musician)','b9c4d4af-dd2d-4374-962d-4e2dca189ca7',141),(399,'Supertramp','http://en.wikipedia.org/wiki/Supertramp','d2ff6b6b-fc30-48dc-8952-06f9d8fc64f8',NULL),(400,'The Doors','http://en.wikipedia.org/wiki/The_Doors','9efff43b-3b29-4082-824e-bc82f646f93d',20),(401,'The Killers','http://en.wikipedia.org/wiki/The_Killers','24b4aee8-32ed-4163-98f7-55bae67411ae',6),(402,'The Trammps','http://en.wikipedia.org/wiki/The_Trammps','8799413d-7df8-4eb9-8542-af8cea6b0feb',142),(403,'The Who','http://en.wikipedia.org/wiki/The_Who','9fdaa16b-a6c4-4831-b87c-bc9ca8ce7eaa',2),(404,'Tiësto','http://en.wikipedia.org/wiki/Ti%C3%ABsto','163a0256-f137-4b6f-8922-77941cbb9532',71),(405,'Tim Maia','http://en.wikipedia.org/wiki/Tim_Maia','446ac261-09ae-43f4-a7e1-2c753c0813ce',7),(406,'Ummet Ozcan','http://en.wikipedia.org/wiki/Ummet_Ozcan','9f1560de-9a9d-482b-afa0-99938e688330',143),(407,'W&W','http://en.wikipedia.org/wiki/W%26W','1a7b1a1f-642a-4c7b-826e-4ac8e518ad19',NULL),(408,'Zedd','http://en.wikipedia.org/wiki/Zedd_(musician)','56c4b861-0922-4c3a-a9b9-3bfcb00f8274',21),(409,'ZZ Top','http://en.wikipedia.org/wiki/Zz_top','a81259a0-a2f5-464b-866e-71220f2739f1',144),(410,'Banda Calypso','http://en.wikipedia.org/wiki/Banda_Calypso','050ba21b-c1e3-49ee-9adb-f3da66882a39',NULL),(411,'Cat Stevens','http://en.wikipedia.org/wiki/Cat_Stevens','5adb8b74-54b8-4700-836e-550b6a2a2f71',2),(412,'Dream Theater','http://en.wikipedia.org/wiki/Dream_Theater','28503ab7-8bf2-4666-a7bd-2644bfc7cb1d',29),(413,'Engenheiros Do Hawaii','http://en.wikipedia.org/wiki/Engenheiros_do_Hawaii','92de023e-6f08-4133-8063-c0740c855e3d',102),(414,'Foo Fighters','http://en.wikipedia.org/wiki/Foo_Fighters','67f66c07-6e61-4026-ade5-7e782fad3a5d',32),(415,'Ghost B.C.','http://en.wikipedia.org/wiki/Ghost_BC','8c35dc4d-f3c0-4c92-9a55-84cc6ff647e3',NULL),(416,'Led Zeppelin','http://en.wikipedia.org/wiki/Led_Zeppelin','678d88b2-87b0-403b-b63d-5da7465aecc3',2),(417,'Los Hermanos','http://en.wikipedia.org/wiki/Los_Hermanos','557ac15e-7800-44c3-bb62-d4ab34ac1e28',7),(418,'Megadeth','http://en.wikipedia.org/wiki/Megadeth','a9044915-8be3-4c7e-b11f-9e2d2ea0a91e',20),(419,'System of a Down','http://en.wikipedia.org/wiki/System_of_a_Down','cc0b7089-c08d-4c10-b6b0-873582c17fd6',20),(420,'É O Tchan','http://en.wikipedia.org/wiki/%C3%89_o_Tchan!','04611209-2171-4652-98cd-e2c5e536ac04',NULL),(421,'30 Seconds to Mars','http://en.wikipedia.org/wiki/30_Seconds_to_Mars','b898f22d-1d89-4d19-8581-8f7bd9ddb0a6',20),(422,'AFI','http://en.wikipedia.org/wiki/AFI_(band)','1c3919b2-43ca-4a4a-935d-9d50135ec0ef',106),(423,'ABBA','http://en.wikipedia.org/wiki/Abba','d87e52c5-bb8d-4da8-b941-9f4928627dc8',30),(424,'Alt-J','http://en.wikipedia.org/wiki/Alt_J','fc7bbf00-fbaa-4736-986b-b3ac0266ca9b',145),(425,'Arctic Monkeys','http://en.wikipedia.org/wiki/Arctic_Monkey','ada7a83c-e3e1-40f1-93f9-3e73dbc9298a',5),(426,'Avril Lavigne','http://en.wikipedia.org/wiki/Avril_Lavigne','0103c1cc-4a09-4a5d-a344-56ad99a77193',107),(427,'Backstreet Boys','http://en.wikipedia.org/wiki/Backstreet_Boys','2f569e60-0a1b-4fb9-95a4-3dc1525d1aad',35),(428,'Beyoncé','http://en.wikipedia.org/wiki/Beyonce','183105b5-3e68-4748-9086-2c1c11bf7a3d',144),(429,'The Black Keys','http://en.wikipedia.org/wiki/Black_keys','d15721d8-56b4-453d-b506-fc915b14cba2',13),(430,'Bombay Bicycle Club','http://en.wikipedia.org/wiki/Bombay_Bicycle_Club','0ae49abe-d6af-44fa-8ab0-b9ace5690e6f',NULL),(431,'Bon Jovi','http://en.wikipedia.org/wiki/Bon_jovi','5dcdb5eb-cb72-4e6e-9e63-b7bace604965',31),(432,'Canon Blue','http://en.wikipedia.org/wiki/Canon_Blue','eb7e56ad-0306-4f32-9812-4538a0964b42',110),(433,'','http://en.wikipedia.org/wiki/Cansei_de_ser_sexy',NULL,60),(434,'Chris Brown','http://en.wikipedia.org/wiki/Chris_Brown','126759e7-ca12-4bb4-884e-eba160e9e406',122),(435,'Daft Punk','http://en.wikipedia.org/wiki/Daft_punk','056e4f3e-d505-4dad-8ec1-d04f521cbb56',33),(436,'Ellie Goulding','http://en.wikipedia.org/wiki/Ellie_Goulding','33ca19f4-18c8-4411-98df-ac23890ce9f5',146),(437,'Eminem','http://en.wikipedia.org/wiki/Eminem','b95ce3ff-3d05-4e87-9e01-c97b66af13d4',18),(438,'Evanescence','http://en.wikipedia.org/wiki/Evanescence','f4a31f0a-51dd-4fa7-986d-3095c40c5ed9',103),(439,'Foals','http://en.wikipedia.org/wiki/Foals','6a65d878-fcd0-42cf-aff9-ca1d636a8bcc',147),(440,'Foster the People','http://en.wikipedia.org/wiki/Foster_the_People','e0e1a584-dd0a-4bd1-88d1-c4c62895039d',20),(441,'Guns N\' Roses','http://en.wikipedia.org/wiki/Guns_and_roses','eeb1195b-f213-4ce1-b28c-8565211f8e43',20),(442,'Imagine Dragons','http://en.wikipedia.org/wiki/Imagine_Dragons','012151a8-0f9a-44c9-997f-ebd68b5389f9',6),(443,'Katy Perry','http://en.wikipedia.org/wiki/Katy_Perry','122d63fc-8671-43e4-9752-34e846d62a9c',53),(444,'Kiss','http://en.wikipedia.org/wiki/Kiss_(band)','98b67ebc-5606-4cdb-9787-47b12cceb101',15),(445,'','http://en.wikipedia.org/wiki/Leandro_e_Leonardo',NULL,NULL),(446,'Madonna','http://en.wikipedia.org/wiki/Madonna_(entertainer)','79239441-bfd5-4981-a70c-55c3f15c1287',15),(447,'Michael Jackson','http://en.wikipedia.org/wiki/Michael_Jackson','210769a3-4aca-4199-a2e1-676ef376e078',148),(448,'Muse','http://en.wikipedia.org/wiki/Muse','1695c115-bf3f-4014-9966-2b0c50179193',8),(449,'Nickelback','http://en.wikipedia.org/wiki/Nickelback','bc710bcf-8815-42cf-bad2-3f1d12246aeb',36),(450,'Paramore','http://en.wikipedia.org/wiki/Paramore','44cf61b8-5197-448a-b82b-cef6ee89fac5',26),(451,'Phoenix','http://en.wikipedia.org/wiki/Phoenix_(band)','02f4c1ff-65e0-4412-8e8b-6239b0faecb5',33),(452,'Rihanna','http://en.wikipedia.org/wiki/Rihanna','69989475-2971-49aa-8c53-5d74af88b8be',NULL),(453,'','http://en.wikipedia.org/wiki/Sandy_e_Junior',NULL,149),(454,'Spice Girls','http://en.wikipedia.org/wiki/Spice_Girls','bf0caafc-2b20-4e07-ab85-87e14ff430ce',2),(455,'System of a Down','http://en.wikipedia.org/wiki/System_of_a_Down','cc0b7089-c08d-4c10-b6b0-873582c17fd6',20),(456,'The Killers','http://en.wikipedia.org/wiki/The_Killers','24b4aee8-32ed-4163-98f7-55bae67411ae',6),(457,'The Strokes','http://en.wikipedia.org/wiki/The_Strokes','f181961b-20f7-459e-89de-920ef03c7ed0',15),(458,'The xx','http://en.wikipedia.org/wiki/The_xx','c5c2ea1c-4bde-4f4d-bd0b-47b200bf99d6',2),(459,'Two Door Cinema Club','http://en.wikipedia.org/wiki/Two_Door_Cinema_Club','6f1de078-6684-4792-820d-2ffad64c15ed',150),(460,'Vampire Weekend','http://en.wikipedia.org/wiki/Vampire_Weekend','af37c51c-0790-4a29-b995-456f98a6b8c9',15),(461,'Albert Hammond, Jr.','http://en.wikipedia.org/wiki/Albert_Hammond,_Jr.','a0498514-c21c-4e85-8dbf-a1b92374a06b',20),(462,'Alt-J','http://en.wikipedia.org/wiki/Alt-J','fc7bbf00-fbaa-4736-986b-b3ac0266ca9b',145),(463,'Arcade Fire','http://en.wikipedia.org/wiki/Arcade_Fire','52074ba6-e495-4ef3-9bb4-0703888a9f68',74),(464,'Arctic Monkeys','http://en.wikipedia.org/wiki/Arctic_Monkeys','ada7a83c-e3e1-40f1-93f9-3e73dbc9298a',5),(465,'Babyshambles','http://en.wikipedia.org/wiki/Babyshambles','8e1e03fe-ebbc-467a-b541-857144db10fb',2),(466,'Best Coast','http://en.wikipedia.org/wiki/Best_Coast','5ab8835e-ac44-4055-9c11-7878199606b5',20),(467,'Björk','http://en.wikipedia.org/wiki/Bj%C3%B6rk','87c5dedd-371d-4a53-9f7f-80522fb7f3cb',151),(468,'Bombay Bicycle Club','http://en.wikipedia.org/wiki/Bombay_Bicycle_Club','0ae49abe-d6af-44fa-8ab0-b9ace5690e6f',NULL),(469,'Bon Iver','http://en.wikipedia.org/wiki/Bon_Iver','437a0e49-c6ae-42f6-a6c1-84f25ed366bc',152),(470,'Breakbot','http://en.wikipedia.org/wiki/Breakbot','64c9974f-20a9-491d-bd94-2168cd738e2a',NULL),(471,'CSS','http://en.wikipedia.org/wiki/CSS_(band)','23b58ea2-1cc3-468a-9e76-5027e196e851',42),(472,'Cage the Elephant','http://en.wikipedia.org/wiki/Cage_the_Elephant','b41b38d4-ef3e-4f37-8c75-cfe9af999696',153),(473,'Cake','http://en.wikipedia.org/wiki/Cake','e78260a0-bdce-4348-9542-cfad7b152cd8',154),(474,'Carissa\'s Wierd','http://en.wikipedia.org/wiki/Carissa%27s_Wierd','4bd31567-70a8-4007-9ac6-3c68c7fc3d45',32),(475,'The Courteeners','http://en.wikipedia.org/wiki/Courteeners','1975afe1-8ad0-4ba0-a4a4-d3acd2ba9d5b',37),(476,'Crystal Castles','http://en.wikipedia.org/wiki/Crystal_Castles_(band)','b1570544-93ab-4b2b-8398-131735394202',17),(477,'Cults','http://en.wikipedia.org/wiki/Cults_(band)','4c671d5a-7027-4398-8055-03e61d1a3967',15),(478,'Daft Punk','http://en.wikipedia.org/wiki/Daft_Punk','056e4f3e-d505-4dad-8ec1-d04f521cbb56',33),(479,'Delta Spirit','http://en.wikipedia.org/wiki/Delta_Spirit','574a5acd-3e0a-418b-9a8e-fb260be389bf',45),(480,'Detektivbyrån','http://en.wikipedia.org/wiki/Detektivbyr%C3%A5n','0f716769-a803-44a5-bb5c-cd9d563716dd',155),(481,'Florence + The Machine','http://en.wikipedia.org/wiki/Florence_and_the_Machine','5fee3020-513b-48c2-b1f7-4681b01db0c6',2),(482,'Foals','http://en.wikipedia.org/wiki/Foals','6a65d878-fcd0-42cf-aff9-ca1d636a8bcc',147),(483,'Foster the People','http://en.wikipedia.org/wiki/Foster_the_People','e0e1a584-dd0a-4bd1-88d1-c4c62895039d',20),(484,'Franz Ferdinand','http://en.wikipedia.org/wiki/Franz_Ferdinand_(band)','aa7a2827-f74b-473c-bd79-03d065835cf7',66),(485,'Gorillaz','http://en.wikipedia.org/wiki/Gorillaz','e21857d5-3256-4547-afb3-4b6ded592596',2),(486,'HAIM','http://en.wikipedia.org/wiki/Haim_(band)','6da01dec-d03c-492f-8f22-3969ea340888',156),(487,'Interpol','http://en.wikipedia.org/wiki/Interpol_(band)','b23e8a63-8f47-4882-b55b-df2c92ef400e',15),(488,'Jake Bugg','http://en.wikipedia.org/wiki/Jake_Bugg','0d9905e6-add6-4713-94ca-9f686f9b5e9b',157),(489,'Julian Casablancas','http://en.wikipedia.org/wiki/Julian_Casablancas','c5ce487b-0462-444e-a184-4de0fef7e028',15),(490,'Justice','http://en.wikipedia.org/wiki/Justice','31a88d29-827e-4c67-ad46-e47fab0de3c1',33),(491,'Justin Bieber','http://en.wikipedia.org/wiki/Justin_Bieber','e0140a67-e4d1-4f13-8a01-364355bee46e',158),(492,'Kaiser Chiefs','http://en.wikipedia.org/wiki/Kaiser_Chiefs','90218af4-4d58-4821-8d41-2ee295ebbe21',145),(493,'Kakkmaddafakka','http://en.wikipedia.org/wiki/Kakkmaddafakka','4ecdfa5d-5516-46ef-8e9b-b15792ed88c3',126),(494,'Kasabian','http://en.wikipedia.org/wiki/Kasabian','69b39eab-6577-46a4-a9f5-817839092033',159),(495,'Kid Cudi','http://en.wikipedia.org/wiki/Kid_Cudi','57b08602-7ea7-4a6d-a93c-72cb1ae0053c',160),(496,'Kings of Convenience','http://en.wikipedia.org/wiki/Kings_of_Convenience','cf0f4547-ffbd-4011-98ad-0bec9ba022db',126),(497,'Linkin Park','http://en.wikipedia.org/wiki/Linkin_Park','f59c5520-5f46-4d2c-b2c4-822eabf53419',19),(498,'Little Joy','http://en.wikipedia.org/wiki/Little_Joy','68a0067a-7a3a-43d3-bd91-391ea7600d8c',20),(499,'Locksley','http://en.wikipedia.org/wiki/Locksley_(band)','8f5bb862-f2a2-416c-b692-d7565d962942',161),(500,'Los Hermanos','http://en.wikipedia.org/wiki/Los_Hermanos','557ac15e-7800-44c3-bb62-d4ab34ac1e28',7),(501,'M83','http://en.wikipedia.org/wiki/M83_(band)','6d7b7cd4-254b-4c25-83f6-dd20f98ceacd',162),(502,'MGMT','http://en.wikipedia.org/wiki/MGMT','50e6288e-3db5-4253-ae51-5e8738ef2c31',163),(503,'Miley Cyrus','http://en.wikipedia.org/wiki/Miley_Cyrus','7e9bd05a-117f-4cce-87bc-e011527a8b18',110),(504,'Muse','http://en.wikipedia.org/wiki/Muse','1695c115-bf3f-4014-9966-2b0c50179193',8),(505,'Neutral Milk Hotel','http://en.wikipedia.org/wiki/Neutral_Milk_Hotel','a506f761-2c22-4b2f-8a94-bd748c2c8f75',164),(506,'Of Monsters and Men','http://en.wikipedia.org/wiki/Of_Monsters_and_Men','9e103f85-7af7-41d7-b83b-49ba8f0c5abf',NULL),(507,'One Direction','http://en.wikipedia.org/wiki/One_Direction','1a425bbd-cca4-4b2c-aeb7-71cb176c828a',2),(508,'Passion Pit','http://en.wikipedia.org/wiki/Passion_Pit','daeec599-bf5d-4428-994a-e76ba5f86e2f',165),(509,'Phoenix','http://en.wikipedia.org/wiki/Phoenix_(band)','02f4c1ff-65e0-4412-8e8b-6239b0faecb5',33),(510,'Queens of the Stone Age','http://en.wikipedia.org/wiki/Queens_of_the_Stone_Age','246aa41e-8a40-4018-a6d6-8fb646418c25',11),(511,'The Raconteurs','http://en.wikipedia.org/wiki/Raconteurs','be407b02-f3e6-4ed5-9489-f8e5f0ab36dc',110),(512,'Radiohead','http://en.wikipedia.org/wiki/Radiohead','a74b1b7f-71a5-4011-9441-d0b5e4122711',12),(513,'','http://en.wikipedia.org/wiki/Rebbeca_Black',NULL,NULL),(514,'System of a Down','http://en.wikipedia.org/wiki/System_of_a_Down','cc0b7089-c08d-4c10-b6b0-873582c17fd6',20),(515,'Tame Impala','http://en.wikipedia.org/wiki/Tame_Impala','63aa26c3-d59b-4da4-84ac-716b54f1ef4d',24),(516,'The Beatles','http://en.wikipedia.org/wiki/The_Beatles','b10bbbfc-cf9e-42e0-be17-e2c3e1d2600d',4),(517,'The Black Keys','http://en.wikipedia.org/wiki/The_Black_Keys','d15721d8-56b4-453d-b506-fc915b14cba2',13),(518,'The Cribs','http://en.wikipedia.org/wiki/The_Cribs','a3a92047-be1c-4f3e-8960-c4f8570984df',166),(519,'The Enemy','http://en.wikipedia.org/wiki/The_Enemy_(UK_band)','0a02e70e-db2f-4cfe-a646-e8ced413f7d5',167),(520,'The Films','http://en.wikipedia.org/wiki/The_Films_(band)','a43dccad-c63f-49e5-b342-f96debc02ac4',NULL),(521,'The Flaming Lips','http://en.wikipedia.org/wiki/The_Flaming_Lips','1f43d76f-8edf-44f6-aaf1-b65f05ad9402',168),(522,'The Fratellis','http://en.wikipedia.org/wiki/The_Fratellis','5ccb7bf1-4e5d-44fe-94fe-a15eeffa2335',66),(523,'The Killers','http://en.wikipedia.org/wiki/The_Killers','24b4aee8-32ed-4163-98f7-55bae67411ae',6),(524,'The Kills','http://en.wikipedia.org/wiki/The_Kills','2c629b8c-d751-4131-b785-5690bb5e0fd7',2),(525,'The Kooks','http://en.wikipedia.org/wiki/The_Kooks','c41c6a32-cd7e-4cce-8859-559efdd457b3',14),(526,'The Last Shadow Puppets','http://en.wikipedia.org/wiki/The_Last_Shadow_Puppets','8a3e1c4f-59a8-457a-826c-fe961419a8ae',5),(527,'The Offspring','http://en.wikipedia.org/wiki/The_Offspring','23a03e33-a603-404e-bcbf-2c00159d7067',39),(528,'The Paddingtons','http://en.wikipedia.org/wiki/The_Paddingtons','160d505d-0930-47e5-9093-b7efd64c8b8d',169),(529,'The Pixies Three','http://en.wikipedia.org/wiki/The_Pixies','b95a3a1d-7bba-403e-b106-5435c04acd91',57),(530,'The Royal Concept','http://en.wikipedia.org/wiki/The_Royal_Concept','4a4898e8-0c6c-46dd-b190-8cdf580b0965',30),(531,'Royalty','http://en.wikipedia.org/wiki/The_Royalty','0a77bad9-0f8a-49d9-b76c-c9c90d5ccee9',170),(532,'The Soft Pack','http://en.wikipedia.org/wiki/The_Soft_Pack','0c9c3cd1-8461-4c3f-bde1-23f181ddee0c',45),(533,'The Strokes','http://en.wikipedia.org/wiki/The_Strokes','f181961b-20f7-459e-89de-920ef03c7ed0',15),(534,'The Vaccines','http://en.wikipedia.org/wiki/The_Vaccines','aa76ec08-45ab-4724-9411-d80b0e59ac59',2),(535,'The View','http://en.wikipedia.org/wiki/The_View_(band)','4dcffc18-b573-4850-833c-d08e2b7e93b3',171),(536,'The Virgins','http://en.wikipedia.org/wiki/The_Virgins','c3e89532-db13-45df-9e5d-82bd2a7100d4',15),(537,'The Libertines','http://en.wikipedia.org/wiki/The_libertines','82b304c0-7da4-45d3-896a-0767c7ae1141',2),(538,'The xx','http://en.wikipedia.org/wiki/The_xx','c5c2ea1c-4bde-4f4d-bd0b-47b200bf99d6',2),(539,'Vampire Weekend','http://en.wikipedia.org/wiki/Vampire_Weekend','af37c51c-0790-4a29-b995-456f98a6b8c9',15),(540,'Weezer','http://en.wikipedia.org/wiki/Weezer','6fe07aa5-fec0-4eca-a456-f29bff451b04',20),(541,'White Lies','http://en.wikipedia.org/wiki/White_Lies_(band)','5bdb38bd-5c5b-4d0f-8901-8bbe1d7062d8',2),(542,'The White Stripes','http://en.wikipedia.org/wiki/White_Stripes','11ae9fbb-f3d7-4a47-936f-4c0a04d3b3b5',18),(543,'Arctic Monkeys','http://en.wikipedia.org/wiki/Arctic_Monkeys','ada7a83c-e3e1-40f1-93f9-3e73dbc9298a',5),(544,'Avicii','http://en.wikipedia.org/wiki/Avicii','24b930c0-5f27-4723-a5aa-3b8b830fb914',30),(545,'Coldplay','http://en.wikipedia.org/wiki/Coldplay','cc197bad-dc9c-440d-a5b5-d52ba2e14234',2),(546,'The Fratellis','http://en.wikipedia.org/wiki/Fratellis','5ccb7bf1-4e5d-44fe-94fe-a15eeffa2335',66),(547,'Macklemore & Ryan Lewis','http://en.wikipedia.org/wiki/Macklemore','97b226c8-7140-4da3-91ac-15e62e131a81',172),(548,'Men at Work','http://en.wikipedia.org/wiki/Men_at_Work','395cc503-63b5-4a0b-a20a-604e3fcacea2',138),(549,'Phoenix','http://en.wikipedia.org/wiki/Phoenix_(band)','02f4c1ff-65e0-4412-8e8b-6239b0faecb5',33),(550,'Vampire Weekend','http://en.wikipedia.org/wiki/Vampire_Weekend','af37c51c-0790-4a29-b995-456f98a6b8c9',15),(551,'AC/DC','http://en.wikipedia.org/wiki/AC/DC','66c662b6-6e2f-4930-8610-912e24c63ed1',22),(552,'Aerosmith','http://en.wikipedia.org/wiki/Aerosmith','3d2b98e5-556f-4451-a3ff-c50ea18d57cb',29),(553,'The Beatles','http://en.wikipedia.org/wiki/Beatles','b10bbbfc-cf9e-42e0-be17-e2c3e1d2600d',4),(554,'Bob Dylan','http://en.wikipedia.org/wiki/Bob_Dylan','25144665-e9ac-416f-aba3-0c8b4ee547d5',117),(555,'Charlie Parker','http://en.wikipedia.org/wiki/Charlie_Parker','3c3cec7c-97ea-4fc9-bfd7-813bbb9add44',173),(556,'Chet Baker','http://en.wikipedia.org/wiki/Chet_Baker','1ba1d493-7114-45e2-b163-a36d49a0c065',174),(557,'Daft Punk','http://en.wikipedia.org/wiki/Daft_Punk','056e4f3e-d505-4dad-8ec1-d04f521cbb56',33),(558,'','http://en.wikipedia.org/wiki/David_Matthews_Band',NULL,NULL),(559,'Deep Purple','http://en.wikipedia.org/wiki/Deep_Purple','4ba36a26-5624-45d7-bd9f-bdc374ec077c',100),(560,'Eagles','http://en.wikipedia.org/wiki/Eagles_(band)','a4852e21-7f09-470b-b5ae-9740d939d183',20),(561,'Elton John','http://en.wikipedia.org/wiki/Elton_John','334c2c2c-2ae3-4b69-8f38-167d07f83d25',2),(562,'Elvis Presley','http://en.wikipedia.org/wiki/Elvis_Presley','01809552-4f87-45b0-afff-2c6f0730a3be',91),(563,'Eric Clapton','http://en.wikipedia.org/wiki/Eric_Clapton','05c35c95-dcbd-4492-b091-7f05a2091d47',34),(564,'Foo Fighters','http://en.wikipedia.org/wiki/Foo_Fighters','67f66c07-6e61-4026-ade5-7e782fad3a5d',32),(565,'Guns N\' Roses','http://en.wikipedia.org/wiki/Guns_N%27_Roses','eeb1195b-f213-4ce1-b28c-8565211f8e43',20),(566,'Iron Maiden','http://en.wikipedia.org/wiki/Iron_Maiden','7c3762a3-51f8-4cf3-8565-1ee26a90efe2',2),(567,'John Coltrane','http://en.wikipedia.org/wiki/John_Coltrane','b625448e-bf4a-41c3-a421-72ad46cdb831',175),(568,'John Williams','http://en.wikipedia.org/wiki/John_Williams','044736f4-188e-47df-9ad9-a0e136ba67d2',67),(569,'Johnny Cash','http://en.wikipedia.org/wiki/Johnny_Cash','d43d12a1-2dc9-4257-a2fd-0a3bb1081b86',176),(570,'Led Zeppelin','http://en.wikipedia.org/wiki/Led_Zeppelin','678d88b2-87b0-403b-b63d-5da7465aecc3',2),(571,'Legião Urbana','http://en.wikipedia.org/wiki/Legi%C3%A3o_Urbana','47685be0-926f-4be9-b1ae-e32da47a3b99',50),(572,'Metallica','http://en.wikipedia.org/wiki/Metallica','65f4f0c5-ef9e-490c-aee3-909e7ae6b2ab',20),(573,'Miles Davis','http://en.wikipedia.org/wiki/Miles_Davis','561d854a-6a28-4aa7-8c99-323e6ce46c2a',85),(574,'Muse','http://en.wikipedia.org/wiki/Muse','1695c115-bf3f-4014-9966-2b0c50179193',8),(575,'Nine Inch Nails','http://en.wikipedia.org/wiki/Nine_Inch_Nails','b7ffd2af-418f-4be2-bdd1-22f8b48613da',9),(576,'Nirvana','http://en.wikipedia.org/wiki/Nirvana_(band)','5b11f4ce-a62d-471e-81fc-a69a8278c7da',10),(577,'Oasis','http://en.wikipedia.org/wiki/Oasis_(band)','39ab1aed-75e0-4140-bd47-540276886b60',37),(578,'Pearl Jam','http://en.wikipedia.org/wiki/Pearl_Jam','83b9cbe7-9857-49e2-ab8e-b57b01038103',32),(579,'Pink Floyd','http://en.wikipedia.org/wiki/Pink_Floyd','83d91898-7763-47d7-b03b-b92132375c47',38),(580,'Queen','http://en.wikipedia.org/wiki/Queen_(band)','0383dadf-2a4e-4d10-a46a-e9e041da8eb3',2),(581,'Radiohead','http://en.wikipedia.org/wiki/Radiohead','a74b1b7f-71a5-4011-9441-d0b5e4122711',12),(582,'Ray Charles','http://en.wikipedia.org/wiki/Ray_Charles','2ce02909-598b-44ef-a456-151ba0a3bd70',177),(583,'Red Hot Chili Peppers','http://en.wikipedia.org/wiki/Red_Hot_Chili_Peppers','8bfac288-ccc5-448d-9573-c33ea2aa5c30',20),(584,'The Rolling Stones','http://en.wikipedia.org/wiki/Rolling_Stones','b071f9fa-14b0-4217-8e97-eb41da73f598',2),(585,'Sex Pistols','http://en.wikipedia.org/wiki/Sex_Pistols','49855822-68b4-4dff-aec7-642546611518',2),(586,'Simon & Garfunkel','http://en.wikipedia.org/wiki/Simon_and_Garfunkel','5d02f264-e225-41ff-83f7-d9b1f0b1874a',178),(587,'The Animals','http://en.wikipedia.org/wiki/The_Animals','4d8afa16-4018-4ca8-8b5e-ede8f9314562',179),(588,'The Cure','http://en.wikipedia.org/wiki/The_Cure','69ee3720-a7cb-4402-b48d-a02c366f2bcf',180),(589,'The Doors','http://en.wikipedia.org/wiki/The_Doors','9efff43b-3b29-4082-824e-bc82f646f93d',20),(590,'The Killers','http://en.wikipedia.org/wiki/The_Killers','24b4aee8-32ed-4163-98f7-55bae67411ae',6),(591,'The Mamas & the Papas','http://en.wikipedia.org/wiki/The_Mamas_%26_the_Papas','04dec8a2-8a41-49a9-b8f5-f7c6d01400ca',15),(592,'The Smiths','http://en.wikipedia.org/wiki/The_Smiths','40f5d9e4-2de7-4f2d-ad41-e31a9a9fea27',37),(593,'The Who','http://en.wikipedia.org/wiki/The_Who','9fdaa16b-a6c4-4831-b87c-bc9ca8ce7eaa',2),(594,'Tim Maia','http://en.wikipedia.org/wiki/Tim_Maia','446ac261-09ae-43f4-a7e1-2c753c0813ce',7),(595,'ZZ Top','http://en.wikipedia.org/wiki/ZZ_Top','a81259a0-a2f5-464b-866e-71220f2739f1',144),(596,'AC/DC','http://en.wikipedia.org/wiki/AC/DC','66c662b6-6e2f-4930-8610-912e24c63ed1',22),(597,'Arctic Monkeys','http://en.wikipedia.org/wiki/Arctic_Monkeys','ada7a83c-e3e1-40f1-93f9-3e73dbc9298a',5),(598,'Linkin Park','http://en.wikipedia.org/wiki/Linkin_Park','f59c5520-5f46-4d2c-b2c4-822eabf53419',19),(599,'Muse','http://en.wikipedia.org/wiki/Muse_(band)','1695c115-bf3f-4014-9966-2b0c50179193',8),(600,'Radiohead','http://en.wikipedia.org/wiki/Radiohead','a74b1b7f-71a5-4011-9441-d0b5e4122711',12),(601,'Snow Patrol','http://en.wikipedia.org/wiki/Snow_patrol','a66999a7-ae5c-460e-ba94-1a01143ae847',171),(602,'System of a Down','http://en.wikipedia.org/wiki/System_of_Down','cc0b7089-c08d-4c10-b6b0-873582c17fd6',20),(603,'The Beatles','http://en.wikipedia.org/wiki/The_Beatles','b10bbbfc-cf9e-42e0-be17-e2c3e1d2600d',4),(604,'The Black Keys','http://en.wikipedia.org/wiki/The_Black_Keys','d15721d8-56b4-453d-b506-fc915b14cba2',13),(605,'The Strokes','http://en.wikipedia.org/wiki/The_Strokes','f181961b-20f7-459e-89de-920ef03c7ed0',15),(606,'AC/DC','http://en.wikipedia.org/wiki/AC_DC','66c662b6-6e2f-4930-8610-912e24c63ed1',22),(607,'Dream Theater','http://en.wikipedia.org/wiki/Dream_theater','28503ab7-8bf2-4666-a7bd-2644bfc7cb1d',29),(608,'Led Zeppelin','http://en.wikipedia.org/wiki/Led_Zepellin','678d88b2-87b0-403b-b63d-5da7465aecc3',2),(609,'Megadeth','http://en.wikipedia.org/wiki/Mega_deth','a9044915-8be3-4c7e-b11f-9e2d2ea0a91e',20),(610,'Metallica','http://en.wikipedia.org/wiki/Metallica','65f4f0c5-ef9e-490c-aee3-909e7ae6b2ab',20),(611,'Queen','http://en.wikipedia.org/wiki/Queen_(band)','0383dadf-2a4e-4d10-a46a-e9e041da8eb3',2),(612,'AC/DC','http://en.wikipedia.org/wiki/AC/DC','66c662b6-6e2f-4930-8610-912e24c63ed1',22),(613,'Aerosmith','http://en.wikipedia.org/wiki/Aerosmith','3d2b98e5-556f-4451-a3ff-c50ea18d57cb',29),(614,'Avenged Sevenfold','http://en.wikipedia.org/wiki/Avenged_Sevenfold','24e1b53c-3085-4581-8472-0b0088d2508c',39),(615,'Black Label Society','http://en.wikipedia.org/wiki/Black_Label_Society','a8e935c6-3fcc-414c-900c-77e8170e7e7c',20),(616,'Coldplay','http://en.wikipedia.org/wiki/Coldplay','cc197bad-dc9c-440d-a5b5-d52ba2e14234',2),(617,'Guns N\' Roses','http://en.wikipedia.org/wiki/Guns_N%27_Roses','eeb1195b-f213-4ce1-b28c-8565211f8e43',20),(618,'Iron Maiden','http://en.wikipedia.org/wiki/Iron_Maiden','7c3762a3-51f8-4cf3-8565-1ee26a90efe2',2),(619,'Metallica','http://en.wikipedia.org/wiki/Metallica','65f4f0c5-ef9e-490c-aee3-909e7ae6b2ab',20),(620,'Ozzy Osbourne','http://en.wikipedia.org/wiki/Ozzy_Osbourne','8aa5b65a-5b3c-4029-92bf-47a544356934',49),(621,'Pearl Jam','http://en.wikipedia.org/wiki/Pearl_Jam','83b9cbe7-9857-49e2-ab8e-b57b01038103',32),(622,'Pink Floyd','http://en.wikipedia.org/wiki/Pink_Floyd','83d91898-7763-47d7-b03b-b92132375c47',38),(623,'Rage Against the Machine','http://en.wikipedia.org/wiki/Rage_Against_the_Machine','3798b104-01cb-484c-a3b0-56adc6399b80',20),(624,'Rammstein','http://en.wikipedia.org/wiki/Rammstein','b2d122f9-eadb-4930-a196-8f221eeb0c66',181),(625,'Scorpions','http://en.wikipedia.org/wiki/Scorpions_(band)','5dc3d829-9131-4732-839a-432c9cd35c38',57),(626,'System of a Down','http://en.wikipedia.org/wiki/System_of_a_Down','cc0b7089-c08d-4c10-b6b0-873582c17fd6',20),(627,'The Doors','http://en.wikipedia.org/wiki/The_Doors','9efff43b-3b29-4082-824e-bc82f646f93d',20);
/*!40000 ALTER TABLE `ArtistaMusical` ENABLE KEYS */;
UNLOCK TABLES;

--
-- Table structure for table `ArtistaMusicalTocouEm`
--

DROP TABLE IF EXISTS `ArtistaMusicalTocouEm`;
/*!40101 SET @saved_cs_client     = @@character_set_client */;
/*!40101 SET character_set_client = utf8 */;
CREATE TABLE `ArtistaMusicalTocouEm` (
  `id_artista` int(11) NOT NULL,
  `id_artista2` int(11) NOT NULL,
  KEY `id_artista` (`id_artista`),
  KEY `id_artista2` (`id_artista2`),
  CONSTRAINT `artistamusicaltocouem_ibfk_1` FOREIGN KEY (`id_artista`) REFERENCES `ArtistaMusical` (`id`),
  CONSTRAINT `artistamusicaltocouem_ibfk_2` FOREIGN KEY (`id_artista2`) REFERENCES `ArtistaMusical` (`id`)
) ENGINE=InnoDB DEFAULT CHARSET=latin1;
/*!40101 SET character_set_client = @saved_cs_client */;

--
-- Dumping data for table `ArtistaMusicalTocouEm`
--

LOCK TABLES `ArtistaMusicalTocouEm` WRITE;
/*!40000 ALTER TABLE `ArtistaMusicalTocouEm` DISABLE KEYS */;
/*!40000 ALTER TABLE `ArtistaMusicalTocouEm` ENABLE KEYS */;
UNLOCK TABLES;

--
-- Table structure for table `Banda`
--

DROP TABLE IF EXISTS `Banda`;
/*!40101 SET @saved_cs_client     = @@character_set_client */;
/*!40101 SET character_set_client = utf8 */;
CREATE TABLE `Banda` (
  `id` int(11) NOT NULL,
  `data_fim` date DEFAULT NULL,
  `data_surgimento` date NOT NULL,
  PRIMARY KEY (`id`),
  CONSTRAINT `banda_ibfk_1` FOREIGN KEY (`id`) REFERENCES `ArtistaMusical` (`id`)
) ENGINE=InnoDB DEFAULT CHARSET=latin1;
/*!40101 SET character_set_client = @saved_cs_client */;

--
-- Dumping data for table `Banda`
--

LOCK TABLES `Banda` WRITE;
/*!40000 ALTER TABLE `Banda` DISABLE KEYS */;
/*!40000 ALTER TABLE `Banda` ENABLE KEYS */;
UNLOCK TABLES;

--
-- Table structure for table `Bloqueio`
--

DROP TABLE IF EXISTS `Bloqueio`;
/*!40101 SET @saved_cs_client     = @@character_set_client */;
/*!40101 SET character_set_client = utf8 */;
CREATE TABLE `Bloqueio` (
  `id_pessoa` int(11) NOT NULL,
  `id_bloqueado` int(11) NOT NULL,
  `tipoBloqueio` varchar(255) NOT NULL,
  `descricao` varchar(511) DEFAULT NULL,
  KEY `id_pessoa` (`id_pessoa`),
  KEY `id_bloqueado` (`id_bloqueado`),
  CONSTRAINT `bloqueio_ibfk_1` FOREIGN KEY (`id_pessoa`) REFERENCES `Pessoa` (`id`),
  CONSTRAINT `bloqueio_ibfk_2` FOREIGN KEY (`id_bloqueado`) REFERENCES `Pessoa` (`id`)
) ENGINE=InnoDB DEFAULT CHARSET=latin1;
/*!40101 SET character_set_client = @saved_cs_client */;

--
-- Dumping data for table `Bloqueio`
--

LOCK TABLES `Bloqueio` WRITE;
/*!40000 ALTER TABLE `Bloqueio` DISABLE KEYS */;
/*!40000 ALTER TABLE `Bloqueio` ENABLE KEYS */;
UNLOCK TABLES;

--
-- Table structure for table `Cantor`
--

DROP TABLE IF EXISTS `Cantor`;
/*!40101 SET @saved_cs_client     = @@character_set_client */;
/*!40101 SET character_set_client = utf8 */;
CREATE TABLE `Cantor` (
  `id` int(11) NOT NULL,
  `id_musico` int(11) NOT NULL,
  KEY `id` (`id`),
  KEY `id_musico` (`id_musico`),
  CONSTRAINT `cantor_ibfk_1` FOREIGN KEY (`id`) REFERENCES `ArtistaMusical` (`id`),
  CONSTRAINT `cantor_ibfk_2` FOREIGN KEY (`id_musico`) REFERENCES `Musico` (`id`)
) ENGINE=InnoDB DEFAULT CHARSET=latin1;
/*!40101 SET character_set_client = @saved_cs_client */;

--
-- Dumping data for table `Cantor`
--

LOCK TABLES `Cantor` WRITE;
/*!40000 ALTER TABLE `Cantor` DISABLE KEYS */;
/*!40000 ALTER TABLE `Cantor` ENABLE KEYS */;
UNLOCK TABLES;

--
-- Table structure for table `Cidade`
--

DROP TABLE IF EXISTS `Cidade`;
/*!40101 SET @saved_cs_client     = @@character_set_client */;
/*!40101 SET character_set_client = utf8 */;
CREATE TABLE `Cidade` (
  `id` int(11) NOT NULL AUTO_INCREMENT,
  `nome_cidade` varchar(100) NOT NULL,
  PRIMARY KEY (`id`)
) ENGINE=InnoDB AUTO_INCREMENT=183 DEFAULT CHARSET=latin1;
/*!40101 SET character_set_client = @saved_cs_client */;

--
-- Dumping data for table `Cidade`
--

LOCK TABLES `Cidade` WRITE;
/*!40000 ALTER TABLE `Cidade` DISABLE KEYS */;
INSERT INTO `Cidade` VALUES (3,'Osaka-shi'),(4,'London'),(5,'Sendai-shi'),(6,'Liverpool'),(7,'Sheffield'),(8,'Las Vegas'),(9,'Rio de Janeiro'),(10,'Teignmouth'),(11,'Cleveland'),(12,'Aberdeen'),(13,'Palm Desert'),(14,'Abingdon'),(15,'Akron'),(16,'Brighton'),(17,'New York'),(18,'Seoul'),(19,'Toronto'),(20,'Detroit'),(21,'Agoura Hills'),(22,'Los Angeles'),(23,'Kaiserslautern'),(24,'Sydney'),(25,'Hamburg'),(26,'Perth'),(27,'Eskilstuna'),(28,'Franklin'),(29,'Whitby'),(30,'Milton Keynes'),(31,'Boston'),(32,'Stockholm'),(33,'Sayreville'),(34,'Seattle'),(35,'Paris'),(36,'Ripley'),(37,'Orlando'),(38,'Hanna'),(39,'Manchester'),(40,'Cambridge'),(41,'Huntington Beach'),(42,'Ottawa'),(43,'Mccomb'),(44,'Sao Paulo'),(45,'Barranquilla'),(46,'Austin'),(47,'San Diego'),(48,'San Francisco'),(49,'Rancho Santa Margarita'),(50,'Escatawpa'),(51,'Birmingham'),(52,'Brasilia'),(53,'El Cerrito'),(54,'Buffalo'),(55,'Santa Barbara'),(56,'Topeka'),(57,'Guarulhos'),(58,'Salvador'),(59,'Hanover'),(60,'Toms River'),(61,'Dublin'),(62,'Paulo'),(63,'Pasadena'),(64,'Middlesbrough'),(65,'Krefeld'),(66,'Nijmegen'),(67,'Fulda'),(68,'Glasgow'),(69,'Queens'),(70,'Kemi'),(71,'Koudekerk Aan den Ryn'),(72,'Santos'),(73,'Breda'),(74,'Chiba'),(75,'Fukuoka'),(76,'Montreal'),(77,'Washington'),(78,'Goiania'),(79,'Hermosa Beach'),(80,'Bellingham'),(81,'Richmond'),(82,'Bridgeport'),(83,'Tampa'),(84,'Essen'),(85,'Jacksonville'),(86,'Cuiaba'),(87,'Alton'),(88,'Arlington'),(89,'Huntington Park'),(90,'Macon'),(91,'Lodi'),(92,'Cincinnati'),(93,'Memphis'),(94,'Presidente Olegário'),(95,'Campo Grande'),(96,'Cachoeiro de Itapemirim'),(97,'Gerais'),(98,'Belo Horizonte'),(99,'Pirenopolis'),(100,'Lawrence'),(101,'Venice'),(102,'Hertfordshire'),(103,'Gweedore'),(104,'Porto Alegre'),(105,'Little Rock'),(106,'Kitee'),(107,'Boulder'),(108,'Ukiah'),(109,'Napanee'),(110,'Wilmette'),(111,'Bronx'),(112,'Nashville'),(113,'Cicero'),(114,'Newport Beach'),(115,'Ajax'),(116,'Moscow'),(117,'Orem'),(118,'Atlanta'),(119,'Duluth'),(120,'Darien'),(121,'Frankfurt'),(122,'Lahti'),(123,'Varginha'),(124,'Tappahannock'),(125,'Allapattah'),(126,'Miami'),(127,'Camden'),(128,'Bergen'),(129,'Oslo'),(130,'Newcastle'),(131,'Penha'),(132,'Kirkenes'),(133,'Cairo'),(134,'Trent'),(135,'Engel\'s'),(136,'The Hague'),(137,'Rotterdam'),(138,'Navan'),(139,'Eschwege'),(140,'Melbourne'),(141,'Eisenhüttenstadt'),(142,'Eindhoven'),(143,'Belfast'),(144,'Philadelphia'),(145,'Amsterdam'),(146,'Houston'),(147,'Leeds'),(148,'Herefordshire'),(149,'Oxford'),(150,'Gary'),(151,'Campinas'),(152,'Bangor'),(153,'Reykjavik'),(154,'Eau Claire'),(155,'Bowling Green'),(156,'Sacramento'),(157,'Gothenburg'),(158,'California City'),(159,'Nottingham'),(160,'Stratford'),(161,'Leicester'),(162,'Brooklyn'),(163,'Madison'),(164,'Antibes'),(165,'Middletown'),(166,'Ruston'),(167,'Wakefield'),(168,'Coventry'),(169,'Oklahoma City'),(170,'Hull'),(171,'San Jose'),(172,'Dundee'),(173,'Richmond Highlands'),(174,'Kansas City'),(175,'Yale'),(176,'Hamlet'),(177,'Kingsland'),(178,'Greenville'),(179,'Forest Hills'),(180,'Newcastle upon Tyne'),(181,'Crawley'),(182,'Berlin');
/*!40000 ALTER TABLE `Cidade` ENABLE KEYS */;
UNLOCK TABLES;

--
-- Table structure for table `Conhece`
--

DROP TABLE IF EXISTS `Conhece`;
/*!40101 SET @saved_cs_client     = @@character_set_client */;
/*!40101 SET character_set_client = utf8 */;
CREATE TABLE `Conhece` (
  `id_pessoa` int(11) NOT NULL,
  `id_conhecido` int(11) NOT NULL,
  KEY `id_pessoa` (`id_pessoa`),
  KEY `id_conhecido` (`id_conhecido`),
  CONSTRAINT `conhece_ibfk_1` FOREIGN KEY (`id_pessoa`) REFERENCES `Pessoa` (`id`),
  CONSTRAINT `conhece_ibfk_2` FOREIGN KEY (`id_conhecido`) REFERENCES `Pessoa` (`id`)
) ENGINE=InnoDB DEFAULT CHARSET=latin1;
/*!40101 SET character_set_client = @saved_cs_client */;

--
-- Dumping data for table `Conhece`
--

LOCK TABLES `Conhece` WRITE;
/*!40000 ALTER TABLE `Conhece` DISABLE KEYS */;
INSERT INTO `Conhece` VALUES (33,36),(33,8),(38,47),(38,17),(38,39),(38,18),(38,45),(38,41),(38,19),(38,26),(38,42),(38,43),(38,20),(38,21),(38,22),(38,15),(38,23),(17,38),(17,39),(17,40),(17,18),(17,24),(17,45),(17,41),(17,19),(17,26),(17,25),(17,42),(17,43),(17,20),(17,21),(17,44),(17,22),(17,15),(17,23),(40,47),(40,38),(40,17),(40,39),(40,18),(40,37),(40,24),(40,45),(40,41),(40,19),(40,26),(40,25),(40,42),(40,43),(40,20),(40,21),(40,44),(40,22),(40,15),(40,23),(51,47),(51,38),(51,7),(51,4),(51,13),(51,49),(51,11),(51,10),(51,8),(51,9),(51,32),(1,7),(18,17),(18,39),(18,26),(18,42),(18,20),(18,22),(18,23),(37,47),(37,24),(37,45),(37,3),(37,19),(37,30),(37,26),(37,25),(37,43),(37,23),(45,50),(3,47),(3,37),(3,16),(3,28),(19,47),(19,38),(19,17),(19,39),(19,40),(19,18),(19,24),(19,45),(19,41),(19,26),(19,25),(19,42),(19,43),(19,20),(19,21),(19,48),(19,15),(19,23),(30,47),(30,37),(30,4),(30,10),(36,16),(36,14),(36,28),(26,47),(26,38),(26,17),(26,39),(26,40),(26,18),(26,37),(26,24),(26,41),(26,19),(26,25),(26,43),(26,20),(26,21),(26,23),(2,47),(2,1),(2,46),(16,3),(16,36),(16,43),(16,28),(43,47),(43,38),(43,17),(43,39),(43,40),(43,18),(43,37),(43,24),(43,45),(43,41),(43,19),(43,36),(43,26),(43,25),(43,42),(43,16),(43,20),(43,46),(43,21),(43,48),(43,22),(43,15),(43,23),(46,47),(46,48),(46,10),(49,51),(49,4),(49,13),(49,11),(49,8),(49,9),(21,19),(21,20),(22,47),(22,17),(22,39),(22,18),(22,42),(8,33),(8,9),(6,47),(6,46),(6,8),(6,29),(6,32),(9,47),(9,7),(9,51),(9,37),(9,4),(9,13),(9,46),(9,49),(9,11),(9,8),(9,32),(23,47),(23,38),(23,17),(23,39),(23,40),(23,18),(23,37),(23,24),(23,45),(23,41),(23,19),(23,26),(23,25),(23,42),(23,43),(23,20),(23,21),(23,44),(23,22),(23,15),(50,45),(28,47),(28,40),(28,24),(28,3),(28,36),(28,25),(28,16),(28,20);
/*!40000 ALTER TABLE `Conhece` ENABLE KEYS */;
UNLOCK TABLES;

--
-- Table structure for table `GeneroArtistaMusical`
--

DROP TABLE IF EXISTS `GeneroArtistaMusical`;
/*!40101 SET @saved_cs_client     = @@character_set_client */;
/*!40101 SET character_set_client = utf8 */;
CREATE TABLE `GeneroArtistaMusical` (
  `id_artista_musical` int(11) NOT NULL,
  `id_genero` int(11) NOT NULL,
  KEY `id_artista_musical` (`id_artista_musical`),
  KEY `id_genero` (`id_genero`),
  CONSTRAINT `generoartistamusical_ibfk_1` FOREIGN KEY (`id_artista_musical`) REFERENCES `ArtistaMusical` (`id`),
  CONSTRAINT `generoartistamusical_ibfk_2` FOREIGN KEY (`id_genero`) REFERENCES `GeneroMusical` (`id`)
) ENGINE=InnoDB DEFAULT CHARSET=latin1;
/*!40101 SET character_set_client = @saved_cs_client */;

--
-- Dumping data for table `GeneroArtistaMusical`
--

LOCK TABLES `GeneroArtistaMusical` WRITE;
/*!40000 ALTER TABLE `GeneroArtistaMusical` DISABLE KEYS */;
INSERT INTO `GeneroArtistaMusical` VALUES (1,543),(1,898),(2,342),(2,898),(3,543),(4,543),(4,538),(4,38),(5,194),(5,898),(5,938),(5,824),(6,194),(6,898),(6,466),(6,433),(7,303),(8,194),(8,898),(8,824),(9,510),(9,898),(10,510),(10,898),(10,508),(11,726),(11,31),(11,898),(12,31),(12,898),(12,854),(13,516),(13,518),(13,898),(13,342),(14,454),(14,898),(14,31),(15,31),(15,898),(15,115),(16,987),(16,898),(16,31),(16,466),(17,31),(17,898),(17,342),(18,87),(18,898),(18,510),(19,510),(19,115),(20,510),(20,898),(20,31),(22,59),(22,824),(23,493),(23,342),(23,851),(23,332),(23,657),(24,879),(24,485),(24,824),(25,898),(25,784),(25,31),(25,646),(26,962),(28,334),(28,342),(28,493),(28,332),(28,315),(29,466),(29,194),(29,898),(29,646),(30,843),(30,977),(30,646),(31,646),(31,789),(31,466),(31,898),(32,854),(32,31),(32,898),(33,646),(33,466),(33,898),(34,852),(34,854),(34,646),(35,898),(35,828),(35,344),(36,648),(36,629),(36,852),(36,837),(36,359),(37,852),(37,299),(37,629),(38,852),(38,299),(39,898),(39,194),(39,466),(40,510),(40,898),(41,898),(41,31),(41,466),(41,454),(42,493),(42,342),(42,851),(42,334),(43,898),(43,466),(43,194),(44,898),(44,454),(44,31),(44,938),(45,342),(45,493),(45,343),(46,194),(46,87),(46,898),(48,493),(48,851),(48,334),(48,332),(49,898),(49,784),(49,31),(49,646),(50,898),(50,824),(50,830),(50,31),(52,31),(52,898),(52,854),(53,898),(53,31),(53,466),(54,516),(54,518),(54,898),(54,342),(55,115),(55,898),(56,854),(56,194),(56,860),(56,898),(57,898),(57,31),(57,405),(57,407),(58,867),(58,898),(58,31),(59,334),(59,342),(59,493),(59,332),(59,315),(60,898),(60,938),(60,824),(61,824),(62,726),(62,92),(63,379),(63,726),(66,726),(66,31),(66,898),(67,646),(67,466),(67,898),(68,454),(68,898),(68,31),(69,898),(69,887),(70,824),(70,589),(70,898),(71,454),(71,898),(71,31),(71,466),(72,194),(72,898),(72,466),(72,311),(73,466),(73,898),(73,194),(73,791),(74,493),(74,342),(74,851),(74,332),(74,657),(75,33),(75,359),(75,833),(76,646),(76,466),(76,898),(77,854),(77,194),(77,860),(77,898),(78,194),(78,898),(78,466),(78,433),(79,31),(79,898),(79,342),(80,898),(80,31),(81,454),(81,898),(81,31),(81,466),(82,454),(82,898),(82,31),(83,510),(83,898),(83,31),(84,898),(84,31),(84,824),(85,852),(85,854),(85,646),(85,898),(86,466),(86,898),(86,31),(86,646),(87,898),(87,31),(87,466),(88,466),(88,194),(88,898),(88,646),(89,898),(89,194),(89,466),(90,466),(90,194),(90,646),(90,898),(91,898),(91,830),(92,898),(92,115),(92,31),(93,194),(93,898),(93,966),(93,379),(94,898),(94,31),(94,454),(94,466),(95,898),(95,31),(95,824),(97,887),(97,469),(97,313),(97,988),(98,646),(98,789),(98,466),(98,898),(99,194),(99,854),(99,898),(99,466),(100,466),(100,194),(100,433),(100,898),(101,194),(101,898),(101,466),(101,854),(102,898),(103,898),(103,784),(103,31),(103,646),(104,898),(104,466),(104,406),(104,407),(105,898),(105,206),(106,646),(106,466),(106,898),(107,898),(107,31),(107,466),(108,454),(108,898),(108,31),(109,115),(109,898),(110,466),(110,646),(110,194),(110,898),(111,454),(111,898),(111,31),(112,194),(112,898),(112,466),(112,433),(113,987),(113,898),(113,31),(113,466),(114,898),(114,31),(114,646),(115,898),(115,194),(115,726),(116,898),(116,31),(116,405),(116,407),(117,466),(117,194),(117,898),(118,867),(118,898),(119,466),(119,898),(120,898),(120,31),(120,830),(120,824),(121,898),(121,510),(121,31),(122,867),(122,898),(122,31),(123,194),(123,898),(123,87),(124,898),(124,31),(124,510),(125,898),(125,194),(125,761),(125,824),(126,466),(126,194),(126,898),(127,898),(128,466),(128,898),(129,898),(129,194),(129,824),(130,466),(130,194),(130,898),(131,466),(131,194),(131,898),(133,466),(133,194),(133,898),(133,646),(134,843),(134,852),(134,646),(135,510),(135,898),(136,843),(136,646),(137,194),(137,898),(137,824),(138,843),(138,977),(138,646),(139,898),(139,466),(139,194),(140,852),(140,854),(140,646),(140,898),(141,466),(142,843),(142,646),(143,194),(143,87),(143,898),(144,508),(145,510),(145,898),(145,115),(146,646),(146,789),(146,466),(146,898),(147,194),(147,898),(147,466),(147,854),(148,646),(148,466),(148,898),(149,466),(149,646),(149,977),(149,898),(150,454),(150,898),(150,31),(151,194),(151,898),(151,466),(151,433),(152,867),(152,898),(152,194),(153,194),(153,898),(153,87),(154,843),(154,646),(155,194),(155,860),(155,898),(157,898),(157,194),(157,824),(158,342),(158,855),(159,493),(159,342),(159,851),(159,334),(160,898),(160,830),(160,824),(161,493),(161,342),(161,851),(161,332),(161,657),(162,898),(162,784),(162,31),(162,646),(163,898),(163,31),(163,405),(163,407),(164,342),(164,343),(165,543),(165,646),(166,538),(166,543),(167,334),(167,342),(167,493),(167,332),(167,315),(168,454),(168,898),(168,31),(168,466),(169,510),(169,898),(170,510),(170,898),(171,469),(171,472),(171,867),(171,887),(172,987),(172,466),(172,898),(173,867),(173,472),(173,469),(173,898),(174,646),(174,466),(174,898),(175,466),(175,194),(175,646),(175,898),(176,843),(176,977),(176,646),(177,510),(177,898),(177,344),(178,646),(178,25),(178,898),(178,784),(179,646),(179,977),(180,469),(180,648),(180,646),(180,260),(181,843),(181,646),(181,852),(182,194),(182,898),(182,87),(183,646),(184,260),(184,119),(184,646),(185,194),(185,898),(185,466),(185,854),(186,194),(186,966),(186,898),(186,466),(187,898),(187,554),(188,554),(188,74),(188,87),(189,469),(189,472),(189,867),(189,988),(190,516),(190,518),(190,898),(190,342),(191,646),(191,453),(191,843),(192,987),(192,898),(192,31),(192,466),(193,31),(193,898),(193,342),(194,646),(194,977),(195,860),(195,510),(195,898),(196,966),(196,194),(196,898),(196,87),(197,490),(197,867),(198,510),(198,898),(198,31),(201,194),(201,898),(203,927),(203,824),(203,929),(206,898),(207,927),(207,929),(207,824),(208,824),(208,726),(208,898),(209,898),(209,206),(210,726),(211,726),(211,898),(212,806),(212,916),(213,898),(213,830),(213,824),(214,898),(215,726),(215,589),(216,927),(217,342),(217,493),(217,343),(218,466),(218,646),(218,784),(218,898),(219,469),(219,898),(219,218),(220,854),(220,194),(220,860),(220,898),(221,311),(222,646),(222,260),(223,824),(223,589),(223,898),(224,469),(224,867),(224,646),(225,466),(225,194),(225,898),(225,646),(226,194),(226,898),(226,824),(228,466),(228,194),(228,898),(228,854),(229,752),(229,141),(229,33),(230,646),(230,789),(230,466),(230,898),(231,194),(231,898),(231,466),(231,854),(232,898),(232,784),(232,31),(232,646),(233,898),(233,31),(233,405),(233,407),(234,898),(234,194),(234,824),(235,898),(235,194),(235,466),(236,466),(236,194),(236,433),(236,898),(237,194),(237,898),(237,466),(237,854),(238,726),(238,898),(238,824),(239,916),(239,726),(240,194),(240,898),(240,466),(240,433),(242,898),(242,194),(242,466),(243,129),(243,106),(243,388),(244,898),(244,466),(244,194),(245,898),(245,901),(246,898),(246,445),(247,898),(247,31),(247,454),(247,466),(249,510),(249,898),(249,508),(250,824),(250,830),(250,898),(250,828),(251,466),(251,194),(251,433),(251,898),(252,898),(253,646),(253,466),(253,898),(254,843),(254,443),(254,646),(255,898),(255,31),(255,405),(255,407),(256,466),(256,194),(256,898),(257,59),(257,806),(258,342),(258,343),(258,231),(258,879),(259,879),(259,485),(260,824),(260,295),(261,867),(261,898),(261,344),(262,824),(262,830),(262,898),(263,824),(264,466),(264,194),(264,646),(264,898),(265,898),(265,466),(265,194),(266,824),(267,898),(267,830),(268,898),(268,115),(268,31),(269,342),(269,758),(269,332),(269,343),(270,824),(270,194),(270,938),(270,898),(271,879),(271,485),(271,824),(272,898),(272,445),(273,828),(273,898),(273,344),(273,867),(275,824),(275,589),(278,824),(278,342),(280,824),(280,342),(281,898),(281,824),(281,830),(281,31),(283,824),(284,466),(284,646),(284,194),(284,898),(285,898),(285,344),(285,828),(286,898),(286,828),(286,344),(287,508),(287,342),(287,898),(288,898),(288,828),(288,344),(289,824),(290,837),(290,344),(290,921),(290,898),(291,824),(292,867),(292,828),(292,898),(293,824),(293,342),(294,898),(294,510),(294,31),(295,510),(295,898),(295,31),(296,761),(296,840),(297,344),(297,921),(297,898),(297,867),(298,824),(298,957),(298,879),(299,466),(299,194),(299,898),(299,646),(300,898),(300,194),(300,466),(301,466),(301,194),(301,646),(301,898),(302,379),(302,938),(302,194),(302,383),(302,898),(303,898),(303,466),(303,194),(304,466),(304,194),(304,898),(304,854),(305,194),(305,898),(305,87),(305,824),(307,843),(307,977),(307,646),(309,194),(309,898),(309,466),(309,854),(310,342),(310,33),(310,343),(311,194),(311,938),(311,898),(311,379),(311,383),(312,854),(312,194),(312,860),(312,898),(313,194),(313,898),(313,466),(313,433),(314,843),(314,852),(314,646),(315,510),(315,898),(317,887),(317,908),(317,939),(317,898),(318,726),(318,92),(318,916),(319,962),(319,199),(320,381),(320,646),(321,726),(321,31),(321,898),(322,454),(322,898),(322,31),(323,898),(323,31),(323,510),(324,381),(324,141),(324,646),(325,879),(325,485),(326,493),(326,342),(327,824),(327,589),(327,596),(328,879),(328,485),(329,927),(329,824),(329,929),(331,830),(331,898),(331,824),(332,898),(332,784),(332,31),(332,646),(333,927),(333,929),(333,824),(335,898),(335,828),(335,344),(336,879),(336,890),(336,485),(336,231),(338,824),(339,824),(339,206),(340,824),(340,761),(341,898),(341,830),(342,194),(342,898),(342,87),(343,860),(343,301),(344,898),(344,784),(344,31),(344,646),(346,898),(346,206),(347,176),(347,898),(347,854),(347,438),(348,466),(348,194),(348,898),(350,59),(351,824),(351,342),(354,855),(354,342),(355,898),(355,194),(355,466),(356,855),(356,342),(357,855),(357,342),(358,855),(358,342),(358,824),(359,855),(359,342),(359,851),(360,342),(360,855),(361,855),(361,342),(362,493),(362,342),(362,851),(362,334),(363,194),(363,898),(363,824),(364,898),(364,115),(364,31),(365,342),(365,493),(365,343),(366,855),(366,342),(367,493),(367,342),(367,851),(367,332),(367,657),(368,466),(368,194),(368,898),(368,854),(369,194),(369,898),(369,955),(369,218),(370,194),(370,854),(370,898),(371,824),(371,194),(371,938),(371,898),(372,194),(372,87),(372,898),(373,342),(373,855),(374,898),(374,31),(374,454),(374,466),(375,855),(375,342),(377,962),(377,199),(378,493),(378,851),(378,334),(378,332),(379,855),(380,962),(380,199),(381,342),(381,855),(382,194),(382,898),(382,466),(382,854),(383,194),(383,898),(383,466),(383,854),(385,855),(385,342),(386,646),(386,466),(386,898),(387,493),(387,342),(387,851),(388,454),(388,898),(388,31),(389,115),(389,898),(390,855),(390,342),(391,342),(391,855),(392,454),(392,898),(392,31),(393,854),(393,194),(393,860),(393,898),(394,194),(394,898),(394,466),(394,433),(395,31),(395,898),(395,342),(397,855),(397,342),(398,855),(398,342),(399,194),(399,854),(399,898),(399,824),(400,194),(400,860),(400,898),(401,898),(401,510),(401,31),(402,295),(402,405),(402,957),(402,824),(403,194),(403,898),(403,466),(404,342),(404,343),(405,957),(405,726),(405,405),(406,855),(406,342),(407,855),(407,468),(407,342),(408,334),(408,342),(408,493),(408,332),(408,315),(409,194),(409,898),(409,966),(409,466),(410,129),(410,106),(410,388),(411,379),(411,938),(411,194),(411,898),(412,852),(412,854),(412,646),(412,898),(413,898),(413,901),(414,898),(414,31),(414,454),(414,466),(415,860),(415,301),(416,194),(416,898),(416,466),(416,854),(417,726),(417,31),(417,898),(418,646),(418,977),(419,646),(419,25),(419,898),(419,784),(420,59),(420,806),(421,31),(421,898),(421,344),(422,867),(422,898),(422,344),(423,824),(423,295),(424,342),(424,508),(425,510),(425,898),(426,824),(426,830),(426,898),(427,824),(428,824),(428,957),(429,87),(429,898),(429,510),(430,510),(430,508),(431,898),(431,466),(431,194),(432,359),(434,879),(434,485),(435,342),(435,493),(435,343),(436,342),(436,508),(437,879),(437,485),(437,824),(438,898),(438,445),(439,628),(439,510),(439,342),(440,508),(442,510),(442,898),(442,508),(443,824),(443,830),(443,898),(444,466),(444,194),(444,433),(444,898),(446,824),(446,342),(447,824),(447,957),(447,405),(448,31),(448,898),(448,854),(449,898),(449,31),(449,466),(450,898),(450,828),(450,344),(451,508),(451,342),(451,898),(452,824),(454,824),(455,646),(455,25),(455,898),(455,784),(456,898),(456,510),(456,31),(457,510),(457,898),(457,31),(458,342),(458,840),(459,342),(460,510),(460,508),(460,898),(461,510),(461,938),(461,898),(462,342),(462,508),(463,510),(463,898),(464,510),(464,898),(465,510),(465,898),(466,606),(466,417),(467,342),(467,359),(468,510),(468,508),(469,379),(469,938),(469,606),(470,342),(470,295),(470,332),(471,342),(471,332),(472,510),(472,898),(473,898),(473,31),(473,510),(474,936),(474,510),(475,510),(475,898),(476,342),(476,758),(476,332),(476,343),(477,508),(477,606),(477,359),(478,342),(478,493),(478,343),(479,510),(479,383),(479,898),(479,957),(480,359),(480,343),(482,628),(482,510),(482,342),(483,508),(484,510),(484,898),(484,115),(485,342),(485,898),(486,508),(486,510),(486,957),(487,510),(487,840),(487,898),(488,379),(488,938),(489,510),(489,898),(489,938),(489,931),(490,342),(490,332),(490,343),(491,824),(491,84),(492,510),(492,115),(492,898),(493,510),(493,898),(494,510),(494,898),(495,879),(495,485),(495,493),(496,508),(497,898),(497,784),(497,31),(497,646),(498,379),(498,510),(499,510),(499,898),(500,726),(500,31),(500,898),(501,342),(501,936),(501,343),(502,342),(502,508),(503,824),(504,31),(504,898),(504,854),(505,510),(505,379),(505,606),(506,379),(506,508),(507,824),(508,342),(508,508),(508,824),(509,508),(509,342),(509,898),(510,987),(510,898),(510,31),(510,466),(511,898),(511,31),(511,510),(512,31),(512,898),(512,342),(514,646),(514,25),(514,898),(514,784),(515,860),(515,510),(515,898),(516,194),(516,898),(516,824),(517,87),(517,898),(517,510),(518,510),(518,898),(519,510),(519,898),(520,510),(520,898),(521,510),(521,898),(521,31),(522,510),(522,898),(523,898),(523,510),(523,31),(524,510),(524,418),(524,898),(525,510),(525,115),(526,510),(526,898),(527,867),(527,898),(527,31),(528,510),(528,898),(529,431),(530,508),(530,510),(532,418),(532,510),(532,898),(533,510),(533,898),(533,31),(534,510),(534,898),(535,510),(535,898),(536,510),(536,761),(536,898),(536,405),(537,510),(537,898),(538,342),(538,840),(539,510),(539,508),(539,898),(540,898),(540,31),(540,510),(541,510),(541,840),(542,898),(542,31),(542,510),(543,510),(543,898),(544,493),(544,342),(544,851),(544,334),(545,898),(545,115),(545,31),(546,510),(546,898),(547,879),(548,761),(548,898),(548,824),(549,508),(549,342),(549,898),(550,510),(550,508),(550,898),(551,466),(551,194),(551,898),(551,646),(552,898),(552,194),(552,466),(553,194),(553,898),(553,824),(554,379),(554,938),(554,194),(554,383),(554,898),(555,554),(555,74),(555,87),(556,554),(556,216),(556,87),(557,342),(557,493),(557,343),(559,466),(559,194),(559,898),(559,854),(560,194),(560,898),(560,955),(560,218),(561,824),(561,194),(561,938),(561,898),(562,194),(562,898),(563,194),(563,87),(563,898),(564,898),(564,31),(564,454),(564,466),(566,646),(566,789),(566,466),(566,898),(567,554),(567,393),(567,74),(567,56),(568,962),(568,199),(569,218),(569,379),(569,938),(569,194),(569,898),(570,194),(570,898),(570,466),(570,854),(571,898),(572,646),(572,466),(572,898),(573,554),(573,74),(573,87),(574,31),(574,898),(574,854),(575,516),(575,518),(575,898),(575,342),(576,454),(576,898),(576,31),(577,115),(577,898),(578,454),(578,898),(578,31),(579,854),(579,194),(579,860),(579,898),(580,194),(580,898),(580,466),(580,433),(581,31),(581,898),(581,342),(582,554),(582,957),(582,87),(583,898),(583,31),(583,405),(583,407),(584,194),(584,898),(584,87),(585,867),(585,898),(587,194),(587,898),(588,761),(588,840),(588,898),(589,194),(589,860),(589,898),(590,898),(590,510),(590,31),(591,194),(591,898),(591,824),(592,761),(592,840),(593,194),(593,898),(593,466),(594,957),(594,726),(594,405),(595,194),(595,898),(595,966),(595,466),(596,466),(596,194),(596,898),(596,646),(597,510),(597,898),(598,898),(598,784),(598,31),(598,646),(599,31),(599,898),(599,854),(600,31),(600,898),(600,342),(601,898),(601,510),(601,115),(602,646),(602,25),(602,898),(602,784),(603,194),(603,898),(603,824),(604,87),(604,898),(604,510),(605,510),(605,898),(605,31),(606,466),(606,194),(606,898),(606,646),(607,852),(607,854),(607,646),(607,898),(610,646),(610,466),(610,898),(611,194),(611,898),(611,466),(611,433),(612,466),(612,194),(612,898),(612,646),(613,898),(613,194),(613,466),(614,648),(614,646),(614,466),(614,469),(614,898),(615,646),(615,466),(615,898),(616,898),(616,115),(616,31),(618,646),(618,789),(618,466),(618,898),(619,646),(619,466),(619,898),(620,466),(620,646),(620,194),(620,898),(621,454),(621,898),(621,31),(622,854),(622,194),(622,860),(622,898),(623,898),(623,31),(623,646),(624,517),(624,646),(624,516),(624,898),(625,466),(625,194),(625,898),(626,646),(626,25),(626,898),(626,784),(627,194),(627,860),(627,898),(21,572),(21,431),(21,824),(47,508),(64,379),(64,938),(65,466),(65,898),(96,466),(96,898),(156,898),(156,31),(156,454),(156,466),(199,927),(337,898),(337,31),(337,405),(337,407),(352,898),(352,31),(352,405),(352,407),(353,855),(376,466),(376,898),(384,194),(384,966),(384,898),(384,466),(202,466),(202,898),(227,898),(227,115),(227,31),(241,92),(241,554),(248,466),(248,898),(274,466),(274,898),(276,824),(276,342),(306,466),(306,898),(308,854),(308,359),(308,194),(308,898),(396,898),(396,31),(396,405),(396,407),(441,466),(441,898),(565,466),(565,898),(586,379),(586,194),(586,938),(586,898),(608,194),(608,898),(608,466),(608,854),(609,646),(609,977),(617,466),(617,898),(481,508),(531,761);
/*!40000 ALTER TABLE `GeneroArtistaMusical` ENABLE KEYS */;
UNLOCK TABLES;

--
-- Table structure for table `GeneroMusical`
--

DROP TABLE IF EXISTS `GeneroMusical`;
/*!40101 SET @saved_cs_client     = @@character_set_client */;
/*!40101 SET character_set_client = utf8 */;
CREATE TABLE `GeneroMusical` (
  `id` int(11) NOT NULL AUTO_INCREMENT,
  `nome_genero` varchar(60) NOT NULL,
  PRIMARY KEY (`id`)
) ENGINE=InnoDB AUTO_INCREMENT=1001 DEFAULT CHARSET=latin1;
/*!40101 SET character_set_client = @saved_cs_client */;

--
-- Dumping data for table `GeneroMusical`
--

LOCK TABLES `GeneroMusical` WRITE;
/*!40000 ALTER TABLE `GeneroMusical` DISABLE KEYS */;
INSERT INTO `GeneroMusical` VALUES (1,'a cappella'),(2,'abstract hip hop'),(3,'accordion'),(4,'acid house'),(5,'acid jazz'),(6,'acid techno'),(7,'acousmatic'),(8,'acoustic blues'),(9,'acoustic pop'),(10,'adult album alternative'),(11,'adult standards'),(12,'african percussion'),(13,'african rock'),(14,'afrikaans'),(15,'afrobeat'),(16,'afrobeats'),(17,'aggrotech'),(18,'albanian pop'),(19,'album rock'),(20,'alternative americana'),(21,'alternative country'),(22,'alternative dance'),(23,'alternative emo'),(24,'alternative hip hop'),(25,'alternative metal'),(26,'alternative metalcore'),(27,'alternative new age'),(28,'alternative pop'),(29,'alternative pop rock'),(30,'alternative r&b'),(31,'alternative rock'),(32,'ambeat'),(33,'ambient'),(34,'ambient dub techno'),(35,'ambient fusion'),(36,'ambient idm'),(37,'andean'),(38,'anime'),(39,'anime score'),(40,'anti-folk'),(41,'arab folk'),(42,'arab pop'),(43,'argentine rock'),(44,'armenian folk'),(45,'art rock'),(46,'athens indie'),(47,'atmospheric black metal'),(48,'atmospheric post rock'),(49,'atmospheric post-metal'),(50,'austindie'),(51,'australian alternative rock'),(52,'australian hip hop'),(53,'australian indie'),(54,'australian pop'),(55,'austropop'),(56,'avant-garde'),(57,'avant-garde jazz'),(58,'avantgarde metal'),(59,'axe'),(60,'azonto'),(61,'bachata'),(62,'baile funk'),(63,'balearic'),(64,'balkan brass'),(65,'banda'),(66,'bangla'),(67,'barbershop'),(68,'baroque'),(69,'basque rock'),(70,'bass music'),(71,'bass trip'),(72,'beach music'),(73,'beatdown'),(74,'bebop'),(75,'belgian indie'),(76,'belgian rock'),(77,'belly dance'),(78,'bemani'),(79,'benga'),(80,'bhangra'),(81,'big band'),(82,'big beat'),(83,'black death'),(84,'black metal'),(85,'black sludge'),(86,'bluegrass'),(87,'blues'),(88,'blues-rock'),(89,'bolero'),(90,'boogaloo'),(91,'boogie-woogie'),(92,'bossa nova'),(93,'boston rock'),(94,'bounce'),(95,'bouncy house'),(96,'brass band'),(97,'brass ensemble'),(98,'brazilian gospel'),(99,'brazilian hip hop'),(100,'brazilian indie'),(101,'brazilian pop music'),(102,'brazilian punk'),(103,'breakbeat'),(104,'breakcore'),(105,'breaks'),(106,'brega'),(107,'breton folk'),(108,'brill building pop'),(109,'british alternative rock'),(110,'british blues'),(111,'british dance band'),(112,'british folk'),(113,'british indie rock'),(114,'british invasion'),(115,'britpop'),(116,'broken beat'),(117,'brooklyn indie'),(118,'brostep'),(119,'brutal death metal'),(120,'brutal deathcore'),(121,'bubble trance'),(122,'bubblegum dance'),(123,'bubblegum pop'),(124,'bulgarian rock'),(125,'c-pop'),(126,'c64'),(127,'c86'),(128,'cabaret'),(129,'calypso'),(130,'canadian indie'),(131,'canadian pop'),(132,'cantautor'),(133,'cante flamenco'),(134,'canterbury scene'),(135,'cantopop'),(136,'capoeira'),(137,'carnatic'),(138,'ccm'),(139,'ceilidh'),(140,'cello'),(141,'celtic'),(142,'celtic christmas'),(143,'celtic punk'),(144,'celtic rock'),(145,'chalga'),(146,'chamber pop'),(147,'chanson'),(148,'chaotic black metal'),(149,'chaotic hardcore'),(150,'charred death'),(151,'chicago blues'),(152,'chicago house'),(153,'chicago indie'),(154,'chicago soul'),(155,'chicano rap'),(156,'children\'s music'),(157,'chilean rock'),(158,'chill lounge'),(159,'chill-out'),(160,'chill-out trance'),(161,'chillwave'),(162,'chinese indie rock'),(163,'chinese traditional'),(164,'chiptune'),(165,'choral'),(166,'choro'),(167,'chr'),(168,'christian alternative rock'),(169,'christian christmas'),(170,'christian dance'),(171,'christian hardcore'),(172,'christian hip hop'),(173,'christian metal'),(174,'christian music'),(175,'christian punk'),(176,'christian rock'),(177,'christmas'),(178,'christmas product'),(179,'cinematic dubstep'),(180,'classic afrobeat'),(181,'classic belgian pop'),(182,'classic chinese pop'),(183,'classic danish pop'),(184,'classic eurovision'),(185,'classic finnish pop'),(186,'classic finnish rock'),(187,'classic french pop'),(188,'classic funk rock'),(189,'classic garage rock'),(190,'classic italian pop'),(191,'classic norwegian pop'),(192,'classic polish pop'),(193,'classic psychedelic rock'),(194,'classic rock'),(195,'classic russian rock'),(196,'classic schlager'),(197,'classic soundtrack'),(198,'classic swedish pop'),(199,'classical'),(200,'classical christmas'),(201,'classical guitar'),(202,'classical organ'),(203,'classical period'),(204,'classical piano'),(205,'colombian rock'),(206,'comedy'),(207,'comic'),(208,'commons'),(209,'complextro'),(210,'concert piano'),(211,'contemporary classical'),(212,'contemporary country'),(213,'contemporary folk'),(214,'contemporary jazz'),(215,'contemporary post-bop'),(216,'cool jazz'),(217,'corrosion'),(218,'country'),(219,'country blues'),(220,'country christmas'),(221,'country gospel'),(222,'country rock'),(223,'coupe decale'),(224,'coverchill'),(225,'covertrance'),(226,'cowpunk'),(227,'crack rock steady'),(228,'croatian pop'),(229,'crossover prog'),(230,'crossover thrash'),(231,'crunk'),(232,'crust punk'),(233,'cuban rumba'),(234,'cubaton'),(235,'cumbia'),(236,'cumbia funk'),(237,'cumbia villera'),(238,'current'),(239,'czech folk'),(240,'czech rock'),(241,'dallas indie'),(242,'dance pop'),(243,'dance rock'),(244,'dance-punk'),(245,'dancehall'),(246,'dangdut'),(247,'danish jazz'),(248,'danish pop'),(249,'danish pop rock'),(250,'dansband'),(251,'danseband'),(252,'dark ambient'),(253,'dark black metal'),(254,'dark cabaret'),(255,'dark electro-industrial'),(256,'dark psytrance'),(257,'dark wave'),(258,'darkstep'),(259,'death core'),(260,'death metal'),(261,'deathgrind'),(262,'deep ambient'),(263,'deep chill'),(264,'deep disco'),(265,'deep disco house'),(266,'deep downtempo fusion'),(267,'deep euro house'),(268,'deep filthstep'),(269,'deep flow'),(270,'deep funk'),(271,'deep house'),(272,'deep italo disco'),(273,'deep liquid'),(274,'deep northern soul'),(275,'deep orgcore'),(276,'deep psytrance'),(277,'deep ragga'),(278,'deep soul house'),(279,'deep space rock'),(280,'deep tech house'),(281,'deep trap'),(282,'deeper house'),(283,'delta blues'),(284,'demoscene'),(285,'denver indie'),(286,'desert blues'),(287,'desi'),(288,'destroy techno'),(289,'detroit hip hop'),(290,'detroit techno'),(291,'didgeridoo'),(292,'digital hardcore'),(293,'dirty south rap'),(294,'dirty texas rap'),(295,'disco'),(296,'disco house'),(297,'discofox'),(298,'discovery'),(299,'djent'),(300,'doo-wop'),(301,'doom metal'),(302,'doomcore'),(303,'doujin'),(304,'downtempo'),(305,'downtempo fusion'),(306,'downtempo trip hop'),(307,'dream pop'),(308,'dreamo'),(309,'drill and bass'),(310,'drone'),(311,'drum and bass'),(312,'drumfunk'),(313,'dub'),(314,'dub techno'),(315,'dubstep'),(316,'dubstep product'),(317,'duranguense'),(318,'dutch hip hop'),(319,'dutch house'),(320,'dutch pop'),(321,'dutch rock'),(322,'e6fi'),(323,'early music'),(324,'early music ensemble'),(325,'east coast hip hop'),(326,'easy listening'),(327,'ebm'),(328,'ectofolk'),(329,'ecuadoria'),(330,'edm'),(331,'electric blues'),(332,'electro'),(333,'electro dub'),(334,'electro house'),(335,'electro jazz'),(336,'electro latino'),(337,'electro swing'),(338,'electro trash'),(339,'electro-industrial'),(340,'electroacoustic improvisation'),(341,'electroclash'),(342,'electronic'),(343,'electronica'),(344,'emo'),(345,'emo punk'),(346,'enka'),(347,'entehno'),(348,'environmental'),(349,'estonian pop'),(350,'ethereal gothic'),(351,'ethereal wave'),(352,'ethiopian pop'),(353,'eurobeat'),(354,'eurodance'),(355,'europop'),(356,'euroska'),(357,'eurovision'),(358,'exotica'),(359,'experimental'),(360,'experimental dubstep'),(361,'experimental psych'),(362,'experimental rock'),(363,'fado'),(364,'fake'),(365,'fallen angel'),(366,'faroese pop'),(367,'fast melodic punk'),(368,'filmi'),(369,'filter house'),(370,'filthstep'),(371,'fingerstyle'),(372,'finnish hardcore'),(373,'finnish hip hop'),(374,'finnish indie'),(375,'finnish jazz'),(376,'finnish pop'),(377,'flamenco'),(378,'flick hop'),(379,'folk'),(380,'folk christmas'),(381,'folk metal'),(382,'folk punk'),(383,'folk rock'),(384,'folk-pop'),(385,'folklore argentino'),(386,'folkmusik'),(387,'footwork'),(388,'forro'),(389,'fourth world'),(390,'freak folk'),(391,'freakbeat'),(392,'free improvisation'),(393,'free jazz'),(394,'freestyle'),(395,'french folk'),(396,'french folk pop'),(397,'french hip hop'),(398,'french indie pop'),(399,'french movie tunes'),(400,'french pop'),(401,'french punk'),(402,'french rock'),(403,'full on'),(404,'funeral doom'),(405,'funk'),(406,'funk metal'),(407,'funk rock'),(408,'funky breaks'),(409,'future ambient'),(410,'future garage'),(411,'futurepop'),(412,'g funk'),(413,'gabba'),(414,'gamecore'),(415,'gamelan'),(416,'gangster rap'),(417,'garage pop'),(418,'garage rock'),(419,'gbvfi'),(420,'geek folk'),(421,'geek rock'),(422,'german ccm'),(423,'german hip hop'),(424,'german indie'),(425,'german oi'),(426,'german pop'),(427,'german pop rock'),(428,'german punk'),(429,'german show tunes'),(430,'ghettotech'),(431,'girl group'),(432,'glam metal'),(433,'glam rock'),(434,'glitch'),(435,'glitch hop'),(436,'goa trance'),(437,'goregrind'),(438,'gospel'),(439,'gospel blues'),(440,'gothic alternative'),(441,'gothic americana'),(442,'gothic doom'),(443,'gothic metal'),(444,'gothic post-punk'),(445,'gothic rock'),(446,'gothic symphonic metal'),(447,'grave wave'),(448,'greek hip hop'),(449,'greek indie'),(450,'grim death metal'),(451,'grime'),(452,'grindcore'),(453,'groove metal'),(454,'grunge'),(455,'grunge pop'),(456,'grupera'),(457,'guidance'),(458,'gujarati'),(459,'gypsy jazz'),(460,'hands up'),(461,'happy hardcore'),(462,'hard alternative'),(463,'hard bop'),(464,'hard glam'),(465,'hard house'),(466,'hard rock'),(467,'hard stoner rock'),(468,'hard trance'),(469,'hardcore'),(470,'hardcore breaks'),(471,'hardcore hip hop'),(472,'hardcore punk'),(473,'hardcore techno'),(474,'hardstyle'),(475,'harmonica blues'),(476,'harp'),(477,'hatecore'),(478,'hauntology'),(479,'hawaiian'),(480,'heavy alternative'),(481,'heavy christmas'),(482,'hi nrg'),(483,'highlife'),(484,'hindustani classical'),(485,'hip hop'),(486,'hip house'),(487,'hip pop'),(488,'hiplife'),(489,'hollywood'),(490,'horror punk'),(491,'hot'),(492,'hot adult contemporary'),(493,'house'),(494,'hungarian hip hop'),(495,'hungarian pop'),(496,'hungarian rock'),(497,'hurban'),(498,'hyphy'),(499,'icelandic pop'),(500,'idol'),(501,'illbient'),(502,'indian classical'),(503,'indian pop'),(504,'indian rock'),(505,'indie christmas'),(506,'indie emo'),(507,'indie folk'),(508,'indie pop'),(509,'indie psych-pop'),(510,'indie rock'),(511,'indie shoegaze'),(512,'indie singer-songwriter'),(513,'indietronica'),(514,'indonesian indie'),(515,'indonesian pop'),(516,'industrial'),(517,'industrial metal'),(518,'industrial rock'),(519,'instrumental post rock'),(520,'intelligent dance music'),(521,'irish folk'),(522,'irish rock'),(523,'israeli rock'),(524,'italian disco'),(525,'italian folk'),(526,'italian hip hop'),(527,'italian indie pop'),(528,'italian pop'),(529,'italian progressive rock'),(530,'italian punk'),(531,'j-alt'),(532,'j-ambient'),(533,'j-core'),(534,'j-dance'),(535,'j-idol'),(536,'j-indie'),(537,'j-metal'),(538,'j-pop'),(539,'j-poppunk'),(540,'j-poprock'),(541,'j-punk'),(542,'j-rap'),(543,'j-rock'),(544,'j-theme'),(545,'jam band'),(546,'jangle pop'),(547,'jangle rock'),(548,'japanese jazztronica'),(549,'japanese psychedelic'),(550,'japanese r&b'),(551,'japanese standards'),(552,'japanese traditional'),(553,'japanoise'),(554,'jazz'),(555,'jazz bass'),(556,'jazz blues'),(557,'jazz christmas'),(558,'jazz funk'),(559,'jazz fusion'),(560,'jazz metal'),(561,'jazz orchestra'),(562,'jazz trio'),(563,'jerk'),(564,'judaica'),(565,'jug band'),(566,'juggalo'),(567,'jump blues'),(568,'jump up'),(569,'jungle'),(570,'k-hop'),(571,'k-indie'),(572,'k-pop'),(573,'k-rock'),(574,'kabarett'),(575,'kannada'),(576,'karneval'),(577,'kc indie'),(578,'kindermusik'),(579,'kirtan'),(580,'kiwi rock'),(581,'kizomba'),(582,'klezmer'),(583,'kompa'),(584,'kraut rock'),(585,'kuduro'),(586,'kwaito'),(587,'la indie'),(588,'laiko'),(589,'latin'),(590,'latin alternative'),(591,'latin christian'),(592,'latin christmas'),(593,'latin hip hop'),(594,'latin jazz'),(595,'latin metal'),(596,'latin pop'),(597,'latvian pop'),(598,'lds'),(599,'leeds indie'),(600,'levenslied'),(601,'liedermacher'),(602,'lilith'),(603,'liquid funk'),(604,'lithumania'),(605,'lo star'),(606,'lo-fi'),(607,'louisiana blues'),(608,'lounge'),(609,'lounge house'),(610,'lovers rock'),(611,'lowercase'),(612,'luk thung'),(613,'madchester'),(614,'maghreb'),(615,'makossa'),(616,'malagasy folk'),(617,'malayalam'),(618,'malaysian pop'),(619,'mambo'),(620,'mande pop'),(621,'mandopop'),(622,'manele'),(623,'marching band'),(624,'mariachi'),(625,'martial industrial'),(626,'mashup'),(627,'math pop'),(628,'math rock'),(629,'mathcore'),(630,'mbalax'),(631,'medieval'),(632,'medieval rock'),(633,'meditation'),(634,'mellow gold'),(635,'melodic death metal'),(636,'melodic hard rock'),(637,'melodic hardcore'),(638,'melodic metalcore'),(639,'melodic power metal'),(640,'melodic progressive metal'),(641,'memphis blues'),(642,'memphis soul'),(643,'merengue'),(644,'merengue urbano'),(645,'merseybeat'),(646,'metal'),(647,'metal guitar'),(648,'metalcore'),(649,'metropopolis'),(650,'mexican indie'),(651,'mexican rock-and-roll'),(652,'mexican son'),(653,'miami bass'),(654,'michigan indie'),(655,'microhouse'),(656,'military band'),(657,'minimal'),(658,'minimal dub'),(659,'minimal dubstep'),(660,'minimal melodic techno'),(661,'minimal techno'),(662,'minimal wave'),(663,'mizrahi'),(664,'mod revival'),(665,'modern blues'),(666,'modern classical'),(667,'modern country rock'),(668,'modern southern rock'),(669,'modern uplift'),(670,'monastic'),(671,'moombahton'),(672,'more acoustic pop'),(673,'more adult standards'),(674,'more baroque'),(675,'more brazilian pop'),(676,'more canadian indie'),(677,'more ccm'),(678,'more christian rock'),(679,'more classic garage rock'),(680,'more classical piano'),(681,'more comedy'),(682,'more contemporary country'),(683,'more dance pop'),(684,'more deep house'),(685,'more deeper house'),(686,'more dub techno'),(687,'more east coast hip hop'),(688,'more eurodance'),(689,'more free jazz'),(690,'more german indie'),(691,'more hardcore'),(692,'more indie pop'),(693,'more indie rock'),(694,'more indie singer-songwriter'),(695,'more jazz guitar'),(696,'more jazz piano'),(697,'more melodic death metal'),(698,'more melodic hard rock'),(699,'more melodic metalcore'),(700,'more motown'),(701,'more neo-synthpop'),(702,'more new wave'),(703,'more orchestral'),(704,'more pop emo'),(705,'more pop punk'),(706,'more progressive house'),(707,'more progressive trance'),(708,'more psychobilly'),(709,'more punk rock'),(710,'more regional mexican'),(711,'more smooth jazz'),(712,'more soft rock'),(713,'more soundtrack'),(714,'more southern soul'),(715,'more symphonic black metal'),(716,'more talent show'),(717,'more tech house'),(718,'more thrash metal'),(719,'more turkish pop'),(720,'more uplifting trance'),(721,'more vocal house'),(722,'more vocal jazz'),(723,'morna'),(724,'motown'),(725,'movie tunes'),(726,'mpb'),(727,'musica para ninos'),(728,'musique concrete'),(729,'nasheed'),(730,'nashville sound'),(731,'native american'),(732,'neo classical metal'),(733,'neo soul'),(734,'neo soul-jazz'),(735,'neo-industrial rock'),(736,'neo-pagan'),(737,'neo-progressive'),(738,'neo-psychedelic'),(739,'neo-rockabilly'),(740,'neo-singer-songwriter'),(741,'neo-synthpop'),(742,'neo-trad metal'),(743,'neo-traditional country'),(744,'neoclassical'),(745,'neofolk'),(746,'nepali'),(747,'nerdcore'),(748,'neue deutsche harte'),(749,'neue deutsche welle'),(750,'neurofunk'),(751,'neurostep'),(752,'new age'),(753,'new age piano'),(754,'new beat'),(755,'new jack swing'),(756,'new orleans blues'),(757,'new orleans jazz'),(758,'new rave'),(759,'new romantic'),(760,'new tribe'),(761,'new wave'),(762,'new weird america'),(763,'ninja'),(764,'nintendocore'),(765,'nl folk'),(766,'no wave'),(767,'noise pop'),(768,'noise punk'),(769,'noise rock'),(770,'nordic folk'),(771,'nordic house'),(772,'norteno'),(773,'northern irish indie'),(774,'northern soul'),(775,'norwegian gospel'),(776,'norwegian jazz'),(777,'norwegian pop'),(778,'norwegian rock'),(779,'nu age'),(780,'nu disco'),(781,'nu electro'),(782,'nu gaze'),(783,'nu jazz'),(784,'nu metal'),(785,'nu skool breaks'),(786,'nu-cumbia'),(787,'nueva cancion'),(788,'nursery'),(789,'nwobhm'),(790,'nwothm'),(791,'oi'),(792,'old school hip hop'),(793,'old-time'),(794,'opera'),(795,'operatic pop'),(796,'opm'),(797,'oratory'),(798,'orchestral'),(799,'organic ambient'),(800,'orgcore'),(801,'ostrock'),(802,'outer hip hop'),(803,'outlaw country'),(804,'outsider'),(805,'pagan black metal'),(806,'pagode'),(807,'pakistani pop'),(808,'persian pop'),(809,'persian traditional'),(810,'peruvian rock'),(811,'piano blues'),(812,'piano rock'),(813,'piedmont blues'),(814,'pipe band'),(815,'poetry'),(816,'polish hip hop'),(817,'polish indie'),(818,'polish jazz'),(819,'polish pop'),(820,'polish punk'),(821,'polish reggae'),(822,'polka'),(823,'polynesian pop'),(824,'pop'),(825,'pop christmas'),(826,'pop emo'),(827,'pop house'),(828,'pop punk'),(829,'pop rap'),(830,'pop rock'),(831,'portland indie'),(832,'portuguese rock'),(833,'post rock'),(834,'post-disco'),(835,'post-disco soul'),(836,'post-grunge'),(837,'post-hardcore'),(838,'post-metal'),(839,'post-post-hardcore'),(840,'post-punk'),(841,'power blues-rock'),(842,'power electronics'),(843,'power metal'),(844,'power noise'),(845,'power pop'),(846,'power violence'),(847,'power-pop punk'),(848,'progressive alternative'),(849,'progressive bluegrass'),(850,'progressive electro house'),(851,'progressive house'),(852,'progressive metal'),(853,'progressive psytrance'),(854,'progressive rock'),(855,'progressive trance'),(856,'progressive uplifting trance'),(857,'protopunk'),(858,'psych gaze'),(859,'psychedelic blues-rock'),(860,'psychedelic rock'),(861,'psychedelic trance'),(862,'psychill'),(863,'psychobilly'),(864,'pub rock'),(865,'puerto rican rock'),(866,'punjabi'),(867,'punk'),(868,'punk blues'),(869,'punk christmas'),(870,'qawwali'),(871,'quebecois'),(872,'quiet storm'),(873,'r&b'),(874,'r-neg-b'),(875,'ragga jungle'),(876,'ragtime'),(877,'rai'),(878,'ranchera'),(879,'rap'),(880,'rap metal'),(881,'rap metalcore'),(882,'rap rock'),(883,'raw black metal'),(884,'re:techno'),(885,'reading'),(886,'rebetiko'),(887,'reggae'),(888,'reggae fusion'),(889,'reggae rock'),(890,'reggaeton'),(891,'regional mexican'),(892,'relaxative'),(893,'remix'),(894,'renaissance'),(895,'retro metal'),(896,'riddim'),(897,'riot grrrl'),(898,'rock'),(899,'rock catala'),(900,'rock en espanol'),(901,'rock gaucho'),(902,'rock noise'),(903,'rock steady'),(904,'rock-and-roll'),(905,'rockabilly'),(906,'romanian pop'),(907,'romantic'),(908,'roots reggae'),(909,'roots rock'),(910,'rumba'),(911,'russian hip hop'),(912,'russian pop'),(913,'russian punk'),(914,'russian rock'),(915,'salsa'),(916,'samba'),(917,'schlager'),(918,'schranz'),(919,'scorecore'),(920,'scottish rock'),(921,'screamo'),(922,'screamo punk'),(923,'screamocore'),(924,'seattle indie'),(925,'sega'),(926,'serialism'),(927,'sertanejo'),(928,'sertanejo tradicional'),(929,'sertanejo universitario'),(930,'sevdah'),(931,'sexy'),(932,'shibuya-kei'),(933,'shimmer pop'),(934,'shimmer psych'),(935,'shiver pop'),(936,'shoegaze'),(937,'show tunes'),(938,'singer-songwriter'),(939,'ska'),(940,'ska punk'),(941,'skate punk'),(942,'skiffle'),(943,'skinhead reggae'),(944,'skweee'),(945,'slam death metal'),(946,'slash punk'),(947,'sleaze rock'),(948,'slovak hip hop'),(949,'slovak pop'),(950,'slovenian rock'),(951,'slow core'),(952,'sludge metal'),(953,'smooth jazz'),(954,'soca'),(955,'soft rock'),(956,'soukous'),(957,'soul'),(958,'soul blues'),(959,'soul christmas'),(960,'soul flow'),(961,'soul jazz'),(962,'soundtrack'),(963,'south african jazz'),(964,'southern gospel'),(965,'southern hip hop'),(966,'southern rock'),(967,'southern soul'),(968,'space rock'),(969,'spanish folk'),(970,'spanish hip hop'),(971,'spanish indie pop'),(972,'spanish indie rock'),(973,'spanish invasion'),(974,'spanish pop'),(975,'spanish punk'),(976,'speed garage'),(977,'speed metal'),(978,'speedcore'),(979,'spoken word'),(980,'spytrack'),(981,'steampunk'),(982,'stl indie'),(983,'stomp and flutter'),(984,'stomp and holler'),(985,'stomp pop'),(986,'stoner metal'),(987,'stoner rock'),(988,'straight edge'),(989,'street punk'),(990,'stride'),(991,'string quartet'),(992,'sunset lounge'),(993,'suomi rock'),(994,'surf music'),(995,'swamp blues'),(996,'swedish hip hop'),(997,'swedish indie pop'),(998,'swedish indie rock'),(999,'swedish jazz'),(1000,'swedish pop');
/*!40000 ALTER TABLE `GeneroMusical` ENABLE KEYS */;
UNLOCK TABLES;

--
-- Table structure for table `Musico`
--

DROP TABLE IF EXISTS `Musico`;
/*!40101 SET @saved_cs_client     = @@character_set_client */;
/*!40101 SET character_set_client = utf8 */;
CREATE TABLE `Musico` (
  `id` int(11) NOT NULL AUTO_INCREMENT,
  `nome_real` varchar(60) NOT NULL,
  `estilo_musical` varchar(60) NOT NULL,
  `data_nascimento` date DEFAULT NULL,
  PRIMARY KEY (`id`)
) ENGINE=InnoDB DEFAULT CHARSET=latin1;
/*!40101 SET character_set_client = @saved_cs_client */;

--
-- Dumping data for table `Musico`
--

LOCK TABLES `Musico` WRITE;
/*!40000 ALTER TABLE `Musico` DISABLE KEYS */;
/*!40000 ALTER TABLE `Musico` ENABLE KEYS */;
UNLOCK TABLES;

--
-- Table structure for table `MusicoBanda`
--

DROP TABLE IF EXISTS `MusicoBanda`;
/*!40101 SET @saved_cs_client     = @@character_set_client */;
/*!40101 SET character_set_client = utf8 */;
CREATE TABLE `MusicoBanda` (
  `id_musico` int(11) NOT NULL,
  `id_banda` int(11) NOT NULL,
  `data_entrada` date NOT NULL,
  `data_saida` date DEFAULT NULL,
  KEY `id_musico` (`id_musico`),
  KEY `id_banda` (`id_banda`),
  CONSTRAINT `musicobanda_ibfk_1` FOREIGN KEY (`id_musico`) REFERENCES `Musico` (`id`),
  CONSTRAINT `musicobanda_ibfk_2` FOREIGN KEY (`id_banda`) REFERENCES `Banda` (`id`)
) ENGINE=InnoDB DEFAULT CHARSET=latin1;
/*!40101 SET character_set_client = @saved_cs_client */;

--
-- Dumping data for table `MusicoBanda`
--

LOCK TABLES `MusicoBanda` WRITE;
/*!40000 ALTER TABLE `MusicoBanda` DISABLE KEYS */;
/*!40000 ALTER TABLE `MusicoBanda` ENABLE KEYS */;
UNLOCK TABLES;

--
-- Table structure for table `Pais`
--

DROP TABLE IF EXISTS `Pais`;
/*!40101 SET @saved_cs_client     = @@character_set_client */;
/*!40101 SET character_set_client = utf8 */;
CREATE TABLE `Pais` (
  `id` int(11) NOT NULL AUTO_INCREMENT,
  `nome_pais` varchar(100) NOT NULL,
  PRIMARY KEY (`id`)
) ENGINE=InnoDB AUTO_INCREMENT=19 DEFAULT CHARSET=latin1;
/*!40101 SET character_set_client = @saved_cs_client */;

--
-- Dumping data for table `Pais`
--

LOCK TABLES `Pais` WRITE;
/*!40000 ALTER TABLE `Pais` DISABLE KEYS */;
INSERT INTO `Pais` VALUES (1,'Japan'),(2,'United Kingdom'),(3,'United States'),(4,'Brazil'),(5,'Korea, Republic Of'),(6,'Canada'),(7,'Germany'),(8,'Australia'),(9,'Sweden'),(10,'France'),(11,'Colombia'),(12,'Ireland'),(13,'Netherlands'),(14,'Finland'),(15,'Russian Federation'),(16,'Norway'),(17,'Egypt'),(18,'Iceland');
/*!40000 ALTER TABLE `Pais` ENABLE KEYS */;
UNLOCK TABLES;

--
-- Table structure for table `Pessoa`
--

DROP TABLE IF EXISTS `Pessoa`;
/*!40101 SET @saved_cs_client     = @@character_set_client */;
/*!40101 SET character_set_client = utf8 */;
CREATE TABLE `Pessoa` (
  `id` int(11) NOT NULL AUTO_INCREMENT,
  `login` varchar(30) NOT NULL,
  `uri` varchar(100) NOT NULL,
  `nome` varchar(100) NOT NULL,
  `cidade_natal` varchar(60) DEFAULT NULL,
  `ativa` bit(1) DEFAULT b'1',
  PRIMARY KEY (`id`)
) ENGINE=InnoDB AUTO_INCREMENT=52 DEFAULT CHARSET=latin1;
/*!40101 SET character_set_client = @saved_cs_client */;

--
-- Dumping data for table `Pessoa`
--

LOCK TABLES `Pessoa` WRITE;
/*!40000 ALTER TABLE `Pessoa` DISABLE KEYS */;
INSERT INTO `Pessoa` VALUES (1,'eduardapodesta','http://www.ic.unicamp.br/MC536/2014/1/eduardapodesta','eduarda viana podesta','',''),(2,'ivancerboncini','http://www.ic.unicamp.br/MC536/2014/1/ivancerboncini','ivan de campos cerboncini','',''),(3,'felipehiga','http://www.ic.unicamp.br/MC536/2014/1/felipehiga','felipe kenji higa','',''),(4,'fernandothiers','http://www.ic.unicamp.br/MC536/2014/1/fernandothiers','fernando barbosa thiers','',''),(5,'erikaalbizzati','http://www.ic.unicamp.br/MC536/2014/1/erikaalbizzati','erika couto albizzati','',''),(6,'thiagobalbo','http://www.ic.unicamp.br/MC536/2014/1/thiagobalbo','thiago duarte balbo','',''),(7,'danielferreira','http://www.ic.unicamp.br/MC536/2014/1/danielferreira','daniel breves ferreira','',''),(8,'ramonmaciel','http://www.ic.unicamp.br/MC536/2014/1/ramonmaciel','ramon carvalho maciel','',''),(9,'tiagoferreira','http://www.ic.unicamp.br/MC536/2014/1/tiagoferreira','tiago de lima ferreira','',''),(10,'rafaelxavier','http://www.ic.unicamp.br/MC536/2014/1/rafaelxavier','rafael xavier','',''),(11,'nicholasmizoguchi','http://www.ic.unicamp.br/MC536/2014/1/nicholasmizoguchi','nicholas matuzita mizoguchi','',''),(12,'tuliosilva','http://www.ic.unicamp.br/MC536/2014/1/tuliosilva','tulio bazan da silva','',''),(13,'leonnardorabello','http://www.ic.unicamp.br/MC536/2014/1/leonnardorabello','leonnardo chagas rabello','',''),(14,'lukaslopes','http://www.ic.unicamp.br/MC536/2014/1/lukaslopes','lukas antunes lopes','',''),(15,'rafaelgarcia','http://www.ic.unicamp.br/MC536/2014/1/rafaelgarcia','rafael matheus garcia','',''),(16,'joaodalben','http://www.ic.unicamp.br/MC536/2014/1/joaodalben','joao henrique dalben','',''),(17,'caioteixeira','http://www.ic.unicamp.br/MC536/2014/1/caioteixeira','caio teixeira','',''),(18,'elisadellarriva','http://www.ic.unicamp.br/MC536/2014/1/elisadellarriva','elisa dellarriva','',''),(19,'fernandogoncalves','http://www.ic.unicamp.br/MC536/2014/1/fernandogoncalves','fernando henrique dos santos goncalves','',''),(20,'luanbicesto','http://www.ic.unicamp.br/MC536/2014/1/luanbicesto','luan gustavo bicesto','',''),(21,'lucianosabenca','http://www.ic.unicamp.br/MC536/2014/1/lucianosabenca','luciano padua sabenca','',''),(22,'pedroalmeida','http://www.ic.unicamp.br/MC536/2014/1/pedroalmeida','pedro cordeiro de almeida','',''),(23,'tomasqueiroga','http://www.ic.unicamp.br/MC536/2014/1/tomasqueiroga','tomas silva queiroga','',''),(24,'fabiolira','http://www.ic.unicamp.br/MC536/2014/1/fabiolira','fabio maffei lira','',''),(25,'guilhermemendes','http://www.ic.unicamp.br/MC536/2014/1/guilhermemendes','guilherme da rocha alves mendes','',''),(26,'guilhermemazzariol','http://www.ic.unicamp.br/MC536/2014/1/guilhermemazzariol','guilherme sbrolini mazzariol','',''),(27,'raphaelfranco','http://www.ic.unicamp.br/MC536/2014/1/raphaelfranco','raphael marques franco','',''),(28,'willianszati','http://www.ic.unicamp.br/MC536/2014/1/willianszati','willians hidalgo zati','',''),(29,'victortavares','http://www.ic.unicamp.br/MC536/2014/1/victortavares','victor guilherme oliveira semedo tavares','',''),(30,'fernandohoyo','http://www.ic.unicamp.br/MC536/2014/1/fernandohoyo','fernando luiz del hoyo','campinas',''),(31,'lucasmello','http://www.ic.unicamp.br/MC536/2014/1/lucasmello','lucas de campos mello','',''),(32,'wilsonneto','http://www.ic.unicamp.br/MC536/2014/1/wilsonneto','wilson jose prata neto','',''),(33,'andreiauratsuka','http://www.ic.unicamp.br/MC536/2014/1/andreiauratsuka','andreia yukie uratsuka','',''),(34,'victorsilva','http://www.ic.unicamp.br/MC536/2014/1/victorsilva','victor akira hassuda silva','',''),(35,'leonardosilva','http://www.ic.unicamp.br/MC536/2014/1/leonardosilva','leonardo de oliveira silva','',''),(36,'gabrielbezerra','http://www.ic.unicamp.br/MC536/2014/1/gabrielbezerra','gabriel massaki wakano bezerra','',''),(37,'elvisrabello','http://www.ic.unicamp.br/MC536/2014/1/elvisrabello','elvis rabello','',''),(38,'caiopalissari','http://www.ic.unicamp.br/MC536/2014/1/caiopalissari','caio vinicius uvini palissari','',''),(39,'cibellebegalli','http://www.ic.unicamp.br/MC536/2014/1/cibellebegalli','cibelle begalli','',''),(40,'diegorocha','http://www.ic.unicamp.br/MC536/2014/1/diegorocha','diego rocha','',''),(41,'fellipecaetano','http://www.ic.unicamp.br/MC536/2014/1/fellipecaetano','fellipe santiago scarpa caetano','',''),(42,'gustavonunes','http://www.ic.unicamp.br/MC536/2014/1/gustavonunes','gustavo cesar nunes','',''),(43,'juceliofonseca','http://www.ic.unicamp.br/MC536/2014/1/juceliofonseca','jucelio evangelista fonseca','',''),(44,'murilocruz','http://www.ic.unicamp.br/MC536/2014/1/murilocruz','murilo de lima cruz','',''),(45,'felipecaminada','http://www.ic.unicamp.br/MC536/2014/1/felipecaminada','felipe caminada','',''),(46,'lucasbatista','http://www.ic.unicamp.br/MC536/2014/1/lucasbatista','lucas oliveira batista','',''),(47,'andresantanche','http://www.ic.unicamp.br/MC536/2014/1/andresantanche','andre santanche','',''),(48,'luizgomes','http://www.ic.unicamp.br/MC536/2014/1/luizgomes','Luiz Celso Gomes Jr','',''),(49,'lucaslima','http://www.ic.unicamp.br/MC536/2014/1/lucaslima','Lucas Domingues Lima','Campinas',''),(50,'viniciussantos','http://www.ic.unicamp.br/MC536/2014/1/viniciussantos','Vinicius Pereira dos Santos','Campinas',''),(51,'diegosanches','http://www.ic.unicamp.br/MC536/2014/1/diegosanches','Diego Sanches','Campinas','');
/*!40000 ALTER TABLE `Pessoa` ENABLE KEYS */;
UNLOCK TABLES;

--
-- Table structure for table `PessoaCurteArtistaMusical`
--

DROP TABLE IF EXISTS `PessoaCurteArtistaMusical`;
/*!40101 SET @saved_cs_client     = @@character_set_client */;
/*!40101 SET character_set_client = utf8 */;
CREATE TABLE `PessoaCurteArtistaMusical` (
  `id_pessoa` int(11) NOT NULL,
  `id_artista_musical` int(11) NOT NULL,
  `nota` int(11) DEFAULT NULL,
  `data_curtida` date NOT NULL,
  KEY `id_pessoa` (`id_pessoa`),
  KEY `id_artista_musical` (`id_artista_musical`),
  CONSTRAINT `pessoacurteartistamusical_ibfk_1` FOREIGN KEY (`id_pessoa`) REFERENCES `Pessoa` (`id`),
  CONSTRAINT `pessoacurteartistamusical_ibfk_2` FOREIGN KEY (`id_artista_musical`) REFERENCES `ArtistaMusical` (`id`)
) ENGINE=InnoDB DEFAULT CHARSET=latin1;
/*!40101 SET character_set_client = @saved_cs_client */;

--
-- Dumping data for table `PessoaCurteArtistaMusical`
--

LOCK TABLES `PessoaCurteArtistaMusical` WRITE;
/*!40000 ALTER TABLE `PessoaCurteArtistaMusical` DISABLE KEYS */;
INSERT INTO `PessoaCurteArtistaMusical` VALUES (33,1,3,'2014-03-28'),(33,2,3,'2014-03-28'),(33,485,3,'2014-03-28'),(33,3,3,'2014-03-28'),(33,4,3,'2014-03-28'),(33,5,4,'2014-03-28'),(33,6,4,'2014-03-28'),(33,78,4,'2014-03-28'),(33,112,4,'2014-03-28'),(33,394,4,'2014-03-28'),(33,580,4,'2014-03-28'),(33,611,4,'2014-03-28'),(33,7,3,'2014-03-28'),(33,8,4,'2014-03-28'),(33,516,4,'2014-03-28'),(33,603,4,'2014-03-28'),(38,9,4,'2014-03-28'),(38,40,4,'2014-03-28'),(38,135,4,'2014-03-28'),(38,170,4,'2014-03-28'),(38,315,4,'2014-03-28'),(38,464,4,'2014-03-28'),(38,543,4,'2014-03-28'),(38,597,4,'2014-03-28'),(38,10,2,'2014-03-28'),(38,249,2,'2014-03-28'),(38,442,2,'2014-03-28'),(38,11,3,'2014-03-28'),(38,66,3,'2014-03-28'),(38,321,3,'2014-03-28'),(38,417,3,'2014-03-28'),(38,500,3,'2014-03-28'),(38,12,3,'2014-03-28'),(38,52,3,'2014-03-28'),(38,599,3,'2014-03-28'),(38,13,1,'2014-03-28'),(38,54,1,'2014-03-28'),(38,190,1,'2014-03-28'),(38,575,1,'2014-03-28'),(38,14,4,'2014-03-28'),(38,68,4,'2014-03-28'),(38,108,4,'2014-03-28'),(38,388,4,'2014-03-28'),(38,576,4,'2014-03-28'),(38,15,5,'2014-03-28'),(38,16,5,'2014-03-28'),(38,113,5,'2014-03-28'),(38,192,5,'2014-03-28'),(38,510,5,'2014-03-28'),(38,17,1,'2014-03-28'),(38,79,1,'2014-03-28'),(38,193,1,'2014-03-28'),(38,395,1,'2014-03-28'),(38,512,1,'2014-03-28'),(38,581,1,'2014-03-28'),(38,600,1,'2014-03-28'),(38,18,5,'2014-03-28'),(38,517,5,'2014-03-28'),(38,604,5,'2014-03-28'),(38,19,2,'2014-03-28'),(38,525,2,'2014-03-28'),(38,20,3,'2014-03-28'),(38,83,3,'2014-03-28'),(38,295,3,'2014-03-28'),(38,457,3,'2014-03-28'),(38,533,3,'2014-03-28'),(38,605,3,'2014-03-28'),(17,21,2,'2014-03-28'),(17,22,1,'2014-03-28'),(17,23,3,'2014-03-28'),(17,74,3,'2014-03-28'),(17,161,3,'2014-03-28'),(17,367,3,'2014-03-28'),(17,24,4,'2014-03-28'),(17,271,4,'2014-03-28'),(17,437,4,'2014-03-28'),(17,25,4,'2014-03-28'),(17,49,4,'2014-03-28'),(17,103,4,'2014-03-28'),(17,162,4,'2014-03-28'),(17,232,4,'2014-03-28'),(17,332,4,'2014-03-28'),(17,344,4,'2014-03-28'),(17,497,4,'2014-03-28'),(17,598,4,'2014-03-28'),(17,26,5,'2014-03-28'),(17,27,5,'2014-03-28'),(17,28,5,'2014-03-28'),(17,59,5,'2014-03-28'),(17,167,5,'2014-03-28'),(17,408,5,'2014-03-28'),(40,29,4,'2014-03-28'),(40,88,4,'2014-03-28'),(40,30,3,'2014-03-28'),(40,307,3,'2014-03-28'),(40,31,4,'2014-03-28'),(40,98,4,'2014-03-28'),(40,146,4,'2014-03-28'),(40,230,4,'2014-03-28'),(40,566,4,'2014-03-28'),(40,618,4,'2014-03-28'),(40,32,5,'2014-03-28'),(40,33,4,'2014-03-28'),(40,67,4,'2014-03-28'),(40,76,4,'2014-03-28'),(40,106,4,'2014-03-28'),(40,148,4,'2014-03-28'),(40,253,4,'2014-03-28'),(40,386,4,'2014-03-28'),(40,572,4,'2014-03-28'),(40,610,4,'2014-03-28'),(40,619,4,'2014-03-28'),(40,34,5,'2014-03-28'),(40,35,4,'2014-03-28'),(40,286,4,'2014-03-28'),(40,335,4,'2014-03-28'),(40,450,4,'2014-03-28'),(40,36,5,'2014-03-28'),(40,37,5,'2014-03-28'),(40,38,5,'2014-03-28'),(51,39,5,'2014-03-28'),(51,89,5,'2014-03-28'),(51,235,5,'2014-03-28'),(51,242,5,'2014-03-28'),(51,300,5,'2014-03-28'),(51,355,5,'2014-03-28'),(51,552,5,'2014-03-28'),(51,613,5,'2014-03-28'),(51,9,4,'2014-03-28'),(51,40,4,'2014-03-28'),(51,135,4,'2014-03-28'),(51,170,4,'2014-03-28'),(51,315,4,'2014-03-28'),(51,464,4,'2014-03-28'),(51,543,4,'2014-03-28'),(51,597,4,'2014-03-28'),(51,41,5,'2014-03-28'),(51,42,4,'2014-03-28'),(51,159,4,'2014-03-28'),(51,362,4,'2014-03-28'),(51,544,4,'2014-03-28'),(51,43,4,'2014-03-28'),(51,139,4,'2014-03-28'),(51,244,4,'2014-03-28'),(51,265,4,'2014-03-28'),(51,303,4,'2014-03-28'),(51,431,4,'2014-03-28'),(51,44,4,'2014-03-28'),(51,45,5,'2014-03-28'),(51,217,5,'2014-03-28'),(51,365,5,'2014-03-28'),(51,435,5,'2014-03-28'),(51,478,5,'2014-03-28'),(51,557,5,'2014-03-28'),(51,46,4,'2014-03-28'),(51,143,4,'2014-03-28'),(51,372,4,'2014-03-28'),(51,563,4,'2014-03-28'),(51,47,5,'2014-03-28'),(51,481,5,'2014-03-28'),(51,48,4,'2014-03-28'),(51,378,4,'2014-03-28'),(51,25,5,'2014-03-28'),(51,49,5,'2014-03-28'),(51,103,5,'2014-03-28'),(51,162,5,'2014-03-28'),(51,232,5,'2014-03-28'),(51,332,5,'2014-03-28'),(51,344,5,'2014-03-28'),(51,497,5,'2014-03-28'),(51,598,5,'2014-03-28'),(51,50,5,'2014-03-28'),(51,281,5,'2014-03-28'),(51,51,4,'2014-03-28'),(51,12,5,'2014-03-28'),(51,52,5,'2014-03-28'),(51,599,5,'2014-03-28'),(51,53,4,'2014-03-28'),(51,107,4,'2014-03-28'),(51,449,4,'2014-03-28'),(51,13,4,'2014-03-28'),(51,54,4,'2014-03-28'),(51,190,4,'2014-03-28'),(51,575,4,'2014-03-28'),(51,55,5,'2014-03-28'),(51,109,5,'2014-03-28'),(51,389,5,'2014-03-28'),(51,577,5,'2014-03-28'),(51,56,5,'2014-03-28'),(51,77,5,'2014-03-28'),(51,220,5,'2014-03-28'),(51,312,5,'2014-03-28'),(51,393,5,'2014-03-28'),(51,579,5,'2014-03-28'),(51,622,5,'2014-03-28'),(51,57,4,'2014-03-28'),(51,116,4,'2014-03-28'),(51,163,4,'2014-03-28'),(51,233,4,'2014-03-28'),(51,255,4,'2014-03-28'),(51,583,4,'2014-03-28'),(51,58,4,'2014-03-28'),(51,122,4,'2014-03-28'),(51,527,4,'2014-03-28'),(51,28,4,'2014-03-28'),(51,59,4,'2014-03-28'),(51,167,4,'2014-03-28'),(51,408,4,'2014-03-28'),(1,60,5,'2014-03-28'),(1,61,4,'2014-03-28'),(1,266,4,'2014-03-28'),(1,62,4,'2014-03-28'),(1,63,5,'2014-03-28'),(1,64,4,'2014-03-28'),(1,65,4,'2014-03-28'),(1,96,4,'2014-03-28'),(1,202,4,'2014-03-28'),(1,248,4,'2014-03-28'),(1,274,4,'2014-03-28'),(1,306,4,'2014-03-28'),(1,376,4,'2014-03-28'),(1,565,4,'2014-03-28'),(1,617,4,'2014-03-28'),(1,11,5,'2014-03-28'),(1,66,5,'2014-03-28'),(1,321,5,'2014-03-28'),(1,417,5,'2014-03-28'),(1,500,5,'2014-03-28'),(1,33,4,'2014-03-28'),(1,67,4,'2014-03-28'),(1,76,4,'2014-03-28'),(1,106,4,'2014-03-28'),(1,148,4,'2014-03-28'),(1,253,4,'2014-03-28'),(1,386,4,'2014-03-28'),(1,572,4,'2014-03-28'),(1,610,4,'2014-03-28'),(1,619,4,'2014-03-28'),(1,14,4,'2014-03-28'),(1,68,4,'2014-03-28'),(1,108,4,'2014-03-28'),(1,388,4,'2014-03-28'),(1,576,4,'2014-03-28'),(1,69,5,'2014-03-28'),(1,70,5,'2014-03-28'),(1,223,5,'2014-03-28'),(37,71,5,'2014-03-28'),(37,168,5,'2014-03-28'),(37,72,5,'2014-03-28'),(37,73,5,'2014-03-28'),(37,23,5,'2014-03-28'),(37,74,5,'2014-03-28'),(37,161,5,'2014-03-28'),(37,367,5,'2014-03-28'),(37,75,5,'2014-03-28'),(37,33,5,'2014-03-28'),(37,67,5,'2014-03-28'),(37,76,5,'2014-03-28'),(37,106,5,'2014-03-28'),(37,148,5,'2014-03-28'),(37,253,5,'2014-03-28'),(37,386,5,'2014-03-28'),(37,572,5,'2014-03-28'),(37,610,5,'2014-03-28'),(37,619,5,'2014-03-28'),(37,56,5,'2014-03-28'),(37,77,5,'2014-03-28'),(37,220,5,'2014-03-28'),(37,312,5,'2014-03-28'),(37,393,5,'2014-03-28'),(37,579,5,'2014-03-28'),(37,622,5,'2014-03-28'),(37,6,5,'2014-03-28'),(37,78,5,'2014-03-28'),(37,112,5,'2014-03-28'),(37,394,5,'2014-03-28'),(37,580,5,'2014-03-28'),(37,611,5,'2014-03-28'),(37,17,5,'2014-03-28'),(37,79,5,'2014-03-28'),(37,193,5,'2014-03-28'),(37,395,5,'2014-03-28'),(37,512,5,'2014-03-28'),(37,581,5,'2014-03-28'),(37,600,5,'2014-03-28'),(37,80,5,'2014-03-28'),(37,81,5,'2014-03-28'),(37,82,5,'2014-03-28'),(37,20,5,'2014-03-28'),(37,83,5,'2014-03-28'),(37,295,5,'2014-03-28'),(37,457,5,'2014-03-28'),(37,533,5,'2014-03-28'),(37,605,5,'2014-03-28'),(37,84,4,'2014-03-28'),(37,85,5,'2014-03-28'),(37,86,4,'2014-03-28'),(24,87,4,'2014-03-28'),(24,29,5,'2014-03-28'),(24,88,5,'2014-03-28'),(24,39,5,'2014-03-28'),(24,89,5,'2014-03-28'),(24,235,5,'2014-03-28'),(24,242,5,'2014-03-28'),(24,300,5,'2014-03-28'),(24,355,5,'2014-03-28'),(24,552,5,'2014-03-28'),(24,613,5,'2014-03-28'),(24,90,4,'2014-03-28'),(24,175,4,'2014-03-28'),(24,264,4,'2014-03-28'),(24,301,4,'2014-03-28'),(24,91,5,'2014-03-28'),(24,267,5,'2014-03-28'),(24,341,5,'2014-03-28'),(24,92,4,'2014-03-28'),(24,268,4,'2014-03-28'),(24,364,4,'2014-03-28'),(24,545,4,'2014-03-28'),(24,616,4,'2014-03-28'),(24,93,5,'2014-03-28'),(24,94,5,'2014-03-28'),(24,247,5,'2014-03-28'),(24,374,5,'2014-03-28'),(24,414,5,'2014-03-28'),(24,564,5,'2014-03-28'),(24,95,4,'2014-03-28'),(24,65,5,'2014-03-28'),(24,96,5,'2014-03-28'),(24,202,5,'2014-03-28'),(24,248,5,'2014-03-28'),(24,274,5,'2014-03-28'),(24,306,5,'2014-03-28'),(24,376,5,'2014-03-28'),(24,565,5,'2014-03-28'),(24,617,5,'2014-03-28'),(24,97,4,'2014-03-28'),(24,31,5,'2014-03-28'),(24,98,5,'2014-03-28'),(24,146,5,'2014-03-28'),(24,230,5,'2014-03-28'),(24,566,5,'2014-03-28'),(24,618,5,'2014-03-28'),(24,99,4,'2014-03-28'),(24,100,5,'2014-03-28'),(24,236,5,'2014-03-28'),(24,251,5,'2014-03-28'),(24,444,5,'2014-03-28'),(24,101,5,'2014-03-28'),(24,147,5,'2014-03-28'),(24,185,5,'2014-03-28'),(24,231,5,'2014-03-28'),(24,237,5,'2014-03-28'),(24,309,5,'2014-03-28'),(24,383,5,'2014-03-28'),(24,416,5,'2014-03-28'),(24,570,5,'2014-03-28'),(24,102,5,'2014-03-28'),(24,25,4,'2014-03-28'),(24,49,4,'2014-03-28'),(24,103,4,'2014-03-28'),(24,162,4,'2014-03-28'),(24,232,4,'2014-03-28'),(24,332,4,'2014-03-28'),(24,344,4,'2014-03-28'),(24,497,4,'2014-03-28'),(24,598,4,'2014-03-28'),(24,104,4,'2014-03-28'),(24,105,4,'2014-03-28'),(24,209,4,'2014-03-28'),(24,346,4,'2014-03-28'),(24,33,5,'2014-03-28'),(24,67,5,'2014-03-28'),(24,76,5,'2014-03-28'),(24,106,5,'2014-03-28'),(24,148,5,'2014-03-28'),(24,253,5,'2014-03-28'),(24,386,5,'2014-03-28'),(24,572,5,'2014-03-28'),(24,610,5,'2014-03-28'),(24,619,5,'2014-03-28'),(24,53,5,'2014-03-28'),(24,107,5,'2014-03-28'),(24,449,5,'2014-03-28'),(24,14,5,'2014-03-28'),(24,68,5,'2014-03-28'),(24,108,5,'2014-03-28'),(24,388,5,'2014-03-28'),(24,576,5,'2014-03-28'),(24,55,4,'2014-03-28'),(24,109,4,'2014-03-28'),(24,389,4,'2014-03-28'),(24,577,4,'2014-03-28'),(24,110,4,'2014-03-28'),(24,620,4,'2014-03-28'),(24,111,4,'2014-03-28'),(24,322,4,'2014-03-28'),(24,392,4,'2014-03-28'),(24,578,4,'2014-03-28'),(24,621,4,'2014-03-28'),(24,6,5,'2014-03-28'),(24,78,5,'2014-03-28'),(24,112,5,'2014-03-28'),(24,394,5,'2014-03-28'),(24,580,5,'2014-03-28'),(24,611,5,'2014-03-28'),(24,16,4,'2014-03-28'),(24,113,4,'2014-03-28'),(24,192,4,'2014-03-28'),(24,510,4,'2014-03-28'),(24,114,4,'2014-03-28'),(24,623,4,'2014-03-28'),(24,115,4,'2014-03-28'),(24,57,5,'2014-03-28'),(24,116,5,'2014-03-28'),(24,163,5,'2014-03-28'),(24,233,5,'2014-03-28'),(24,255,5,'2014-03-28'),(24,583,5,'2014-03-28'),(24,117,4,'2014-03-28'),(24,118,4,'2014-03-28'),(24,585,4,'2014-03-28'),(24,119,5,'2014-03-28'),(24,120,4,'2014-03-28'),(24,121,4,'2014-03-28'),(24,294,4,'2014-03-28'),(24,401,4,'2014-03-28'),(24,456,4,'2014-03-28'),(24,523,4,'2014-03-28'),(24,590,4,'2014-03-28'),(24,58,5,'2014-03-28'),(24,122,5,'2014-03-28'),(24,527,5,'2014-03-28'),(24,123,4,'2014-03-28'),(24,124,4,'2014-03-28'),(24,125,4,'2014-03-28'),(24,126,4,'2014-03-28'),(24,127,4,'2014-03-28'),(24,128,4,'2014-03-28'),(24,129,4,'2014-03-28'),(24,157,4,'2014-03-28'),(24,234,4,'2014-03-28'),(24,130,4,'2014-03-28'),(24,131,5,'2014-03-28'),(24,256,5,'2014-03-28'),(24,132,4,'2014-03-28'),(45,133,5,'2014-03-28'),(45,299,5,'2014-03-28'),(45,551,5,'2014-03-28'),(45,596,5,'2014-03-28'),(45,612,5,'2014-03-28'),(45,134,5,'2014-03-28'),(45,9,2,'2014-03-28'),(45,40,2,'2014-03-28'),(45,135,2,'2014-03-28'),(45,170,2,'2014-03-28'),(45,315,2,'2014-03-28'),(45,464,2,'2014-03-28'),(45,543,2,'2014-03-28'),(45,597,2,'2014-03-28'),(45,136,4,'2014-03-28'),(45,137,3,'2014-03-28'),(45,226,3,'2014-03-28'),(45,363,3,'2014-03-28'),(45,553,3,'2014-03-28'),(45,138,5,'2014-03-28'),(45,176,5,'2014-03-28'),(45,43,4,'2014-03-28'),(45,139,4,'2014-03-28'),(45,244,4,'2014-03-28'),(45,265,4,'2014-03-28'),(45,303,4,'2014-03-28'),(45,431,4,'2014-03-28'),(45,140,4,'2014-03-28'),(45,412,4,'2014-03-28'),(45,607,4,'2014-03-28'),(45,141,4,'2014-03-28'),(45,142,5,'2014-03-28'),(45,46,3,'2014-03-28'),(45,143,3,'2014-03-28'),(45,372,3,'2014-03-28'),(45,563,3,'2014-03-28'),(45,144,3,'2014-03-28'),(45,440,3,'2014-03-28'),(45,483,3,'2014-03-28'),(45,145,4,'2014-03-28'),(45,31,5,'2014-03-28'),(45,98,5,'2014-03-28'),(45,146,5,'2014-03-28'),(45,230,5,'2014-03-28'),(45,566,5,'2014-03-28'),(45,618,5,'2014-03-28'),(45,101,4,'2014-03-28'),(45,147,4,'2014-03-28'),(45,185,4,'2014-03-28'),(45,231,4,'2014-03-28'),(45,237,4,'2014-03-28'),(45,309,4,'2014-03-28'),(45,383,4,'2014-03-28'),(45,416,4,'2014-03-28'),(45,570,4,'2014-03-28'),(45,33,4,'2014-03-28'),(45,67,4,'2014-03-28'),(45,76,4,'2014-03-28'),(45,106,4,'2014-03-28'),(45,148,4,'2014-03-28'),(45,253,4,'2014-03-28'),(45,386,4,'2014-03-28'),(45,572,4,'2014-03-28'),(45,610,4,'2014-03-28'),(45,619,4,'2014-03-28'),(45,149,2,'2014-03-28'),(45,150,3,'2014-03-28'),(45,151,5,'2014-03-28'),(45,313,5,'2014-03-28'),(45,152,3,'2014-03-28'),(45,153,2,'2014-03-28'),(45,584,2,'2014-03-28'),(45,154,5,'2014-03-28'),(45,155,4,'2014-03-28'),(45,400,4,'2014-03-28'),(45,589,4,'2014-03-28'),(45,627,4,'2014-03-28'),(45,156,3,'2014-03-28'),(45,129,2,'2014-03-28'),(45,157,2,'2014-03-28'),(45,234,2,'2014-03-28'),(3,158,5,'2014-03-28'),(3,360,5,'2014-03-28'),(3,42,5,'2014-03-28'),(3,159,5,'2014-03-28'),(3,362,5,'2014-03-28'),(3,544,5,'2014-03-28'),(3,160,4,'2014-03-28'),(3,23,4,'2014-03-28'),(3,74,4,'2014-03-28'),(3,161,4,'2014-03-28'),(3,367,4,'2014-03-28'),(3,25,5,'2014-03-28'),(3,49,5,'2014-03-28'),(3,103,5,'2014-03-28'),(3,162,5,'2014-03-28'),(3,232,5,'2014-03-28'),(3,332,5,'2014-03-28'),(3,344,5,'2014-03-28'),(3,497,5,'2014-03-28'),(3,598,5,'2014-03-28'),(3,57,5,'2014-03-28'),(3,116,5,'2014-03-28'),(3,163,5,'2014-03-28'),(3,233,5,'2014-03-28'),(3,255,5,'2014-03-28'),(3,583,5,'2014-03-28'),(3,164,4,'2014-03-28'),(3,165,4,'2014-03-28'),(3,166,3,'2014-03-28'),(3,28,4,'2014-03-28'),(3,59,4,'2014-03-28'),(3,167,4,'2014-03-28'),(3,408,4,'2014-03-28'),(41,71,5,'2014-03-28'),(41,168,5,'2014-03-28'),(41,169,5,'2014-03-28'),(41,463,5,'2014-03-28'),(41,9,5,'2014-03-28'),(41,40,5,'2014-03-28'),(41,135,5,'2014-03-28'),(41,170,5,'2014-03-28'),(41,315,5,'2014-03-28'),(41,464,5,'2014-03-28'),(41,543,5,'2014-03-28'),(41,597,5,'2014-03-28'),(41,171,4,'2014-03-28'),(41,172,4,'2014-03-28'),(41,173,5,'2014-03-28'),(41,174,5,'2014-03-28'),(41,615,5,'2014-03-28'),(41,90,5,'2014-03-28'),(41,175,5,'2014-03-28'),(41,264,5,'2014-03-28'),(41,301,5,'2014-03-28'),(41,138,5,'2014-03-28'),(41,176,5,'2014-03-28'),(41,177,5,'2014-03-28'),(41,178,5,'2014-03-28'),(41,179,4,'2014-03-28'),(41,180,4,'2014-03-28'),(41,181,4,'2014-03-28'),(41,182,5,'2014-03-28'),(41,183,4,'2014-03-28'),(41,184,5,'2014-03-28'),(41,101,5,'2014-03-28'),(41,147,5,'2014-03-28'),(41,185,5,'2014-03-28'),(41,231,5,'2014-03-28'),(41,237,5,'2014-03-28'),(41,309,5,'2014-03-28'),(41,383,5,'2014-03-28'),(41,416,5,'2014-03-28'),(41,570,5,'2014-03-28'),(41,186,5,'2014-03-28'),(41,187,5,'2014-03-28'),(41,188,4,'2014-03-28'),(41,573,4,'2014-03-28'),(41,189,4,'2014-03-28'),(41,13,5,'2014-03-28'),(41,54,5,'2014-03-28'),(41,190,5,'2014-03-28'),(41,575,5,'2014-03-28'),(41,191,5,'2014-03-28'),(41,16,5,'2014-03-28'),(41,113,5,'2014-03-28'),(41,192,5,'2014-03-28'),(41,510,5,'2014-03-28'),(41,17,5,'2014-03-28'),(41,79,5,'2014-03-28'),(41,193,5,'2014-03-28'),(41,395,5,'2014-03-28'),(41,512,5,'2014-03-28'),(41,581,5,'2014-03-28'),(41,600,5,'2014-03-28'),(41,194,5,'2014-03-28'),(41,195,5,'2014-03-28'),(41,515,5,'2014-03-28'),(41,196,5,'2014-03-28'),(41,197,5,'2014-03-28'),(41,198,4,'2014-03-28'),(19,199,5,'2014-03-28'),(19,200,5,'2014-03-28'),(19,201,5,'2014-03-28'),(19,562,5,'2014-03-28'),(19,65,4,'2014-03-28'),(19,96,4,'2014-03-28'),(19,202,4,'2014-03-28'),(19,248,4,'2014-03-28'),(19,274,4,'2014-03-28'),(19,306,4,'2014-03-28'),(19,376,4,'2014-03-28'),(19,565,4,'2014-03-28'),(19,617,4,'2014-03-28'),(19,203,5,'2014-03-28'),(19,329,5,'2014-03-28'),(19,204,4,'2014-03-28'),(19,330,4,'2014-03-28'),(19,205,5,'2014-03-28'),(19,279,5,'2014-03-28'),(19,445,5,'2014-03-28'),(19,206,4,'2014-03-28'),(19,252,4,'2014-03-28'),(19,571,4,'2014-03-28'),(19,207,4,'2014-03-28'),(19,333,4,'2014-03-28'),(19,208,3,'2014-03-28'),(19,105,5,'2014-03-28'),(19,209,5,'2014-03-28'),(19,346,5,'2014-03-28'),(19,210,4,'2014-03-28'),(19,211,4,'2014-03-28'),(19,212,4,'2014-03-28'),(19,213,5,'2014-03-28'),(19,214,4,'2014-03-28'),(19,215,5,'2014-03-28'),(19,216,5,'2014-03-28'),(30,45,4,'2014-03-28'),(30,217,4,'2014-03-28'),(30,365,4,'2014-03-28'),(30,435,4,'2014-03-28'),(30,478,4,'2014-03-28'),(30,557,4,'2014-03-28'),(30,218,3,'2014-03-28'),(30,219,3,'2014-03-28'),(30,56,4,'2014-03-28'),(30,77,4,'2014-03-28'),(30,220,4,'2014-03-28'),(30,312,4,'2014-03-28'),(30,393,4,'2014-03-28'),(30,579,4,'2014-03-28'),(30,622,4,'2014-03-28'),(30,221,4,'2014-03-28'),(30,222,4,'2014-03-28'),(30,70,5,'2014-03-28'),(30,223,5,'2014-03-28'),(30,224,3,'2014-03-28'),(36,225,5,'2014-03-28'),(36,137,5,'2014-03-28'),(36,226,5,'2014-03-28'),(36,363,5,'2014-03-28'),(36,553,5,'2014-03-28'),(36,227,5,'2014-03-28'),(36,228,5,'2014-03-28'),(36,304,5,'2014-03-28'),(36,368,5,'2014-03-28'),(36,559,5,'2014-03-28'),(36,229,4,'2014-03-28'),(36,31,3,'2014-03-28'),(36,98,3,'2014-03-28'),(36,146,3,'2014-03-28'),(36,230,3,'2014-03-28'),(36,566,3,'2014-03-28'),(36,618,3,'2014-03-28'),(36,101,5,'2014-03-28'),(36,147,5,'2014-03-28'),(36,185,5,'2014-03-28'),(36,231,5,'2014-03-28'),(36,237,5,'2014-03-28'),(36,309,5,'2014-03-28'),(36,383,5,'2014-03-28'),(36,416,5,'2014-03-28'),(36,570,5,'2014-03-28'),(36,25,5,'2014-03-28'),(36,49,5,'2014-03-28'),(36,103,5,'2014-03-28'),(36,162,5,'2014-03-28'),(36,232,5,'2014-03-28'),(36,332,5,'2014-03-28'),(36,344,5,'2014-03-28'),(36,497,5,'2014-03-28'),(36,598,5,'2014-03-28'),(36,57,5,'2014-03-28'),(36,116,5,'2014-03-28'),(36,163,5,'2014-03-28'),(36,233,5,'2014-03-28'),(36,255,5,'2014-03-28'),(36,583,5,'2014-03-28'),(36,129,5,'2014-03-28'),(36,157,5,'2014-03-28'),(36,234,5,'2014-03-28'),(26,39,5,'2014-03-28'),(26,89,5,'2014-03-28'),(26,235,5,'2014-03-28'),(26,242,5,'2014-03-28'),(26,300,5,'2014-03-28'),(26,355,5,'2014-03-28'),(26,552,5,'2014-03-28'),(26,613,5,'2014-03-28'),(26,100,4,'2014-03-28'),(26,236,4,'2014-03-28'),(26,251,4,'2014-03-28'),(26,444,4,'2014-03-28'),(26,101,5,'2014-03-28'),(26,147,5,'2014-03-28'),(26,185,5,'2014-03-28'),(26,231,5,'2014-03-28'),(26,237,5,'2014-03-28'),(26,309,5,'2014-03-28'),(26,383,5,'2014-03-28'),(26,416,5,'2014-03-28'),(26,570,5,'2014-03-28'),(26,238,3,'2014-03-28'),(26,239,3,'2014-03-28'),(26,240,5,'2014-03-28'),(26,241,5,'2014-03-28'),(25,39,5,'2014-03-28'),(25,89,5,'2014-03-28'),(25,235,5,'2014-03-28'),(25,242,5,'2014-03-28'),(25,300,5,'2014-03-28'),(25,355,5,'2014-03-28'),(25,552,5,'2014-03-28'),(25,613,5,'2014-03-28'),(25,243,1,'2014-03-28'),(25,410,1,'2014-03-28'),(25,43,4,'2014-03-28'),(25,139,4,'2014-03-28'),(25,244,4,'2014-03-28'),(25,265,4,'2014-03-28'),(25,303,4,'2014-03-28'),(25,431,4,'2014-03-28'),(25,245,5,'2014-03-28'),(25,413,5,'2014-03-28'),(25,246,4,'2014-03-28'),(25,272,4,'2014-03-28'),(25,438,4,'2014-03-28'),(25,94,3,'2014-03-28'),(25,247,3,'2014-03-28'),(25,374,3,'2014-03-28'),(25,414,3,'2014-03-28'),(25,564,3,'2014-03-28'),(25,65,5,'2014-03-28'),(25,96,5,'2014-03-28'),(25,202,5,'2014-03-28'),(25,248,5,'2014-03-28'),(25,274,5,'2014-03-28'),(25,306,5,'2014-03-28'),(25,376,5,'2014-03-28'),(25,565,5,'2014-03-28'),(25,617,5,'2014-03-28'),(25,10,4,'2014-03-28'),(25,249,4,'2014-03-28'),(25,442,4,'2014-03-28'),(25,250,1,'2014-03-28'),(25,100,4,'2014-03-28'),(25,236,4,'2014-03-28'),(25,251,4,'2014-03-28'),(25,444,4,'2014-03-28'),(25,206,5,'2014-03-28'),(25,252,5,'2014-03-28'),(25,571,5,'2014-03-28'),(25,33,5,'2014-03-28'),(25,67,5,'2014-03-28'),(25,76,5,'2014-03-28'),(25,106,5,'2014-03-28'),(25,148,5,'2014-03-28'),(25,253,5,'2014-03-28'),(25,386,5,'2014-03-28'),(25,572,5,'2014-03-28'),(25,610,5,'2014-03-28'),(25,619,5,'2014-03-28'),(25,254,3,'2014-03-28'),(25,57,4,'2014-03-28'),(25,116,4,'2014-03-28'),(25,163,4,'2014-03-28'),(25,233,4,'2014-03-28'),(25,255,4,'2014-03-28'),(25,583,4,'2014-03-28'),(25,131,4,'2014-03-28'),(25,256,4,'2014-03-28'),(42,257,1,'2014-03-28'),(42,258,4,'2014-03-28'),(42,259,1,'2014-03-28'),(42,260,1,'2014-03-28'),(42,423,1,'2014-03-28'),(42,261,5,'2014-03-28'),(42,422,5,'2014-03-28'),(42,262,5,'2014-03-28'),(42,426,5,'2014-03-28'),(42,263,1,'2014-03-28'),(42,427,1,'2014-03-28'),(42,90,1,'2014-03-28'),(42,175,1,'2014-03-28'),(42,264,1,'2014-03-28'),(42,301,1,'2014-03-28'),(42,43,1,'2014-03-28'),(42,139,1,'2014-03-28'),(42,244,1,'2014-03-28'),(42,265,1,'2014-03-28'),(42,303,1,'2014-03-28'),(42,431,1,'2014-03-28'),(42,61,3,'2014-03-28'),(42,266,3,'2014-03-28'),(42,91,4,'2014-03-28'),(42,267,4,'2014-03-28'),(42,341,4,'2014-03-28'),(42,92,3,'2014-03-28'),(42,268,3,'2014-03-28'),(42,364,3,'2014-03-28'),(42,545,3,'2014-03-28'),(42,616,3,'2014-03-28'),(42,269,5,'2014-03-28'),(42,476,5,'2014-03-28'),(42,270,1,'2014-03-28'),(42,371,1,'2014-03-28'),(42,561,1,'2014-03-28'),(42,24,3,'2014-03-28'),(42,271,3,'2014-03-28'),(42,437,3,'2014-03-28'),(42,246,2,'2014-03-28'),(42,272,2,'2014-03-28'),(42,438,2,'2014-03-28'),(42,273,4,'2014-03-28'),(42,65,1,'2014-03-28'),(42,96,1,'2014-03-28'),(42,202,1,'2014-03-28'),(42,248,1,'2014-03-28'),(42,274,1,'2014-03-28'),(42,306,1,'2014-03-28'),(42,376,1,'2014-03-28'),(42,565,1,'2014-03-28'),(42,617,1,'2014-03-28'),(42,275,1,'2014-03-28'),(42,276,2,'2014-03-28'),(42,277,1,'2014-03-28'),(42,278,3,'2014-03-28'),(42,351,3,'2014-03-28'),(42,205,5,'2014-03-28'),(42,279,5,'2014-03-28'),(42,445,5,'2014-03-28'),(42,280,2,'2014-03-28'),(42,446,2,'2014-03-28'),(42,50,3,'2014-03-28'),(42,281,3,'2014-03-28'),(42,282,1,'2014-03-28'),(42,283,4,'2014-03-28'),(42,503,4,'2014-03-28'),(42,284,1,'2014-03-28'),(42,285,4,'2014-03-28'),(42,35,3,'2014-03-28'),(42,286,3,'2014-03-28'),(42,335,3,'2014-03-28'),(42,450,3,'2014-03-28'),(42,287,5,'2014-03-28'),(42,451,5,'2014-03-28'),(42,509,5,'2014-03-28'),(42,549,5,'2014-03-28'),(42,288,5,'2014-03-28'),(42,289,5,'2014-03-28'),(42,338,5,'2014-03-28'),(42,452,5,'2014-03-28'),(42,290,5,'2014-03-28'),(42,291,1,'2014-03-28'),(42,454,1,'2014-03-28'),(42,292,5,'2014-03-28'),(42,293,5,'2014-03-28'),(42,121,5,'2014-03-28'),(42,294,5,'2014-03-28'),(42,401,5,'2014-03-28'),(42,456,5,'2014-03-28'),(42,523,5,'2014-03-28'),(42,590,5,'2014-03-28'),(42,20,5,'2014-03-28'),(42,83,5,'2014-03-28'),(42,295,5,'2014-03-28'),(42,457,5,'2014-03-28'),(42,533,5,'2014-03-28'),(42,605,5,'2014-03-28'),(42,296,4,'2014-03-28'),(42,592,4,'2014-03-28'),(42,297,4,'2014-03-28'),(42,298,3,'2014-03-28'),(2,133,5,'2014-03-28'),(2,299,5,'2014-03-28'),(2,551,5,'2014-03-28'),(2,596,5,'2014-03-28'),(2,612,5,'2014-03-28'),(2,39,3,'2014-03-28'),(2,89,3,'2014-03-28'),(2,235,3,'2014-03-28'),(2,242,3,'2014-03-28'),(2,300,3,'2014-03-28'),(2,355,3,'2014-03-28'),(2,552,3,'2014-03-28'),(2,613,3,'2014-03-28'),(2,90,5,'2014-03-28'),(2,175,5,'2014-03-28'),(2,264,5,'2014-03-28'),(2,301,5,'2014-03-28'),(2,302,5,'2014-03-28'),(2,554,5,'2014-03-28'),(2,43,3,'2014-03-28'),(2,139,3,'2014-03-28'),(2,244,3,'2014-03-28'),(2,265,3,'2014-03-28'),(2,303,3,'2014-03-28'),(2,431,3,'2014-03-28'),(2,228,4,'2014-03-28'),(2,304,4,'2014-03-28'),(2,368,4,'2014-03-28'),(2,559,4,'2014-03-28'),(2,305,3,'2014-03-28'),(2,65,3,'2014-03-28'),(2,96,3,'2014-03-28'),(2,202,3,'2014-03-28'),(2,248,3,'2014-03-28'),(2,274,3,'2014-03-28'),(2,306,3,'2014-03-28'),(2,376,3,'2014-03-28'),(2,565,3,'2014-03-28'),(2,617,3,'2014-03-28'),(2,30,2,'2014-03-28'),(2,307,2,'2014-03-28'),(2,308,4,'2014-03-28'),(2,101,4,'2014-03-28'),(2,147,4,'2014-03-28'),(2,185,4,'2014-03-28'),(2,231,4,'2014-03-28'),(2,237,4,'2014-03-28'),(2,309,4,'2014-03-28'),(2,383,4,'2014-03-28'),(2,416,4,'2014-03-28'),(2,570,4,'2014-03-28'),(2,310,5,'2014-03-28'),(2,311,4,'2014-03-28'),(2,56,5,'2014-03-28'),(2,77,5,'2014-03-28'),(2,220,5,'2014-03-28'),(2,312,5,'2014-03-28'),(2,393,5,'2014-03-28'),(2,579,5,'2014-03-28'),(2,622,5,'2014-03-28'),(2,151,5,'2014-03-28'),(2,313,5,'2014-03-28'),(16,314,4,'2014-03-28'),(16,9,4,'2014-03-28'),(16,40,4,'2014-03-28'),(16,135,4,'2014-03-28'),(16,170,4,'2014-03-28'),(16,315,4,'2014-03-28'),(16,464,4,'2014-03-28'),(16,543,4,'2014-03-28'),(16,597,4,'2014-03-28'),(16,316,3,'2014-03-28'),(16,317,5,'2014-03-28'),(16,318,4,'2014-03-28'),(16,319,5,'2014-03-28'),(16,377,5,'2014-03-28'),(16,320,4,'2014-03-28'),(16,11,3,'2014-03-28'),(16,66,3,'2014-03-28'),(16,321,3,'2014-03-28'),(16,417,3,'2014-03-28'),(16,500,3,'2014-03-28'),(16,111,4,'2014-03-28'),(16,322,4,'2014-03-28'),(16,392,4,'2014-03-28'),(16,578,4,'2014-03-28'),(16,621,4,'2014-03-28'),(16,323,3,'2014-03-28'),(16,324,5,'2014-03-28'),(43,325,4,'2014-03-28'),(43,434,4,'2014-03-28'),(43,326,4,'2014-03-28'),(43,327,4,'2014-03-28'),(43,328,4,'2014-03-28'),(43,203,3,'2014-03-28'),(43,329,3,'2014-03-28'),(43,204,3,'2014-03-28'),(43,330,3,'2014-03-28'),(43,331,4,'2014-03-28'),(43,25,5,'2014-03-28'),(43,49,5,'2014-03-28'),(43,103,5,'2014-03-28'),(43,162,5,'2014-03-28'),(43,232,5,'2014-03-28'),(43,332,5,'2014-03-28'),(43,344,5,'2014-03-28'),(43,497,5,'2014-03-28'),(43,598,5,'2014-03-28'),(43,207,4,'2014-03-28'),(43,333,4,'2014-03-28'),(43,334,4,'2014-03-28'),(43,35,4,'2014-03-28'),(43,286,4,'2014-03-28'),(43,335,4,'2014-03-28'),(43,450,4,'2014-03-28'),(43,336,3,'2014-03-28'),(43,337,5,'2014-03-28'),(43,352,5,'2014-03-28'),(43,396,5,'2014-03-28'),(43,289,4,'2014-03-28'),(43,338,4,'2014-03-28'),(43,452,4,'2014-03-28'),(43,339,4,'2014-03-28'),(20,340,3,'2014-03-28'),(20,91,4,'2014-03-28'),(20,267,4,'2014-03-28'),(20,341,4,'2014-03-28'),(20,342,5,'2014-03-28'),(20,343,1,'2014-03-28'),(20,415,1,'2014-03-28'),(20,25,5,'2014-03-28'),(20,49,5,'2014-03-28'),(20,103,5,'2014-03-28'),(20,162,5,'2014-03-28'),(20,232,5,'2014-03-28'),(20,332,5,'2014-03-28'),(20,344,5,'2014-03-28'),(20,497,5,'2014-03-28'),(20,598,5,'2014-03-28'),(20,345,1,'2014-03-28'),(20,105,5,'2014-03-28'),(20,209,5,'2014-03-28'),(20,346,5,'2014-03-28'),(20,347,4,'2014-03-28'),(20,348,5,'2014-03-28'),(20,349,4,'2014-03-28'),(46,350,5,'2014-03-28'),(46,278,1,'2014-03-28'),(46,351,1,'2014-03-28'),(46,337,5,'2014-03-28'),(46,352,5,'2014-03-28'),(46,396,5,'2014-03-28'),(49,353,5,'2014-03-28'),(49,354,5,'2014-03-28'),(49,39,3,'2014-03-28'),(49,89,3,'2014-03-28'),(49,235,3,'2014-03-28'),(49,242,3,'2014-03-28'),(49,300,3,'2014-03-28'),(49,355,3,'2014-03-28'),(49,552,3,'2014-03-28'),(49,613,3,'2014-03-28'),(49,356,4,'2014-03-28'),(49,357,4,'2014-03-28'),(49,358,4,'2014-03-28'),(49,359,3,'2014-03-28'),(49,158,5,'2014-03-28'),(49,360,5,'2014-03-28'),(49,361,3,'2014-03-28'),(49,42,4,'2014-03-28'),(49,159,4,'2014-03-28'),(49,362,4,'2014-03-28'),(49,544,4,'2014-03-28'),(49,137,5,'2014-03-28'),(49,226,5,'2014-03-28'),(49,363,5,'2014-03-28'),(49,553,5,'2014-03-28'),(49,92,3,'2014-03-28'),(49,268,3,'2014-03-28'),(49,364,3,'2014-03-28'),(49,545,3,'2014-03-28'),(49,616,3,'2014-03-28'),(49,45,4,'2014-03-28'),(49,217,4,'2014-03-28'),(49,365,4,'2014-03-28'),(49,435,4,'2014-03-28'),(49,478,4,'2014-03-28'),(49,557,4,'2014-03-28'),(49,366,5,'2014-03-28'),(49,23,3,'2014-03-28'),(49,74,3,'2014-03-28'),(49,161,3,'2014-03-28'),(49,367,3,'2014-03-28'),(49,228,4,'2014-03-28'),(49,304,4,'2014-03-28'),(49,368,4,'2014-03-28'),(49,559,4,'2014-03-28'),(49,369,3,'2014-03-28'),(49,560,3,'2014-03-28'),(49,370,4,'2014-03-28'),(49,270,3,'2014-03-28'),(49,371,3,'2014-03-28'),(49,561,3,'2014-03-28'),(49,46,4,'2014-03-28'),(49,143,4,'2014-03-28'),(49,372,4,'2014-03-28'),(49,563,4,'2014-03-28'),(49,373,3,'2014-03-28'),(49,94,5,'2014-03-28'),(49,247,5,'2014-03-28'),(49,374,5,'2014-03-28'),(49,414,5,'2014-03-28'),(49,564,5,'2014-03-28'),(49,375,5,'2014-03-28'),(49,65,3,'2014-03-28'),(49,96,3,'2014-03-28'),(49,202,3,'2014-03-28'),(49,248,3,'2014-03-28'),(49,274,3,'2014-03-28'),(49,306,3,'2014-03-28'),(49,376,3,'2014-03-28'),(49,565,3,'2014-03-28'),(49,617,3,'2014-03-28'),(49,319,5,'2014-03-28'),(49,377,5,'2014-03-28'),(49,48,3,'2014-03-28'),(49,378,3,'2014-03-28'),(49,379,4,'2014-03-28'),(49,380,4,'2014-03-28'),(49,568,4,'2014-03-28'),(49,381,4,'2014-03-28'),(49,382,3,'2014-03-28'),(49,101,5,'2014-03-28'),(49,147,5,'2014-03-28'),(49,185,5,'2014-03-28'),(49,231,5,'2014-03-28'),(49,237,5,'2014-03-28'),(49,309,5,'2014-03-28'),(49,383,5,'2014-03-28'),(49,416,5,'2014-03-28'),(49,570,5,'2014-03-28'),(49,384,3,'2014-03-28'),(49,385,4,'2014-03-28'),(49,33,3,'2014-03-28'),(49,67,3,'2014-03-28'),(49,76,3,'2014-03-28'),(49,106,3,'2014-03-28'),(49,148,3,'2014-03-28'),(49,253,3,'2014-03-28'),(49,386,3,'2014-03-28'),(49,572,3,'2014-03-28'),(49,610,3,'2014-03-28'),(49,619,3,'2014-03-28'),(49,387,4,'2014-03-28'),(49,14,3,'2014-03-28'),(49,68,3,'2014-03-28'),(49,108,3,'2014-03-28'),(49,388,3,'2014-03-28'),(49,576,3,'2014-03-28'),(49,55,3,'2014-03-28'),(49,109,3,'2014-03-28'),(49,389,3,'2014-03-28'),(49,577,3,'2014-03-28'),(49,390,5,'2014-03-28'),(49,391,4,'2014-03-28'),(49,111,4,'2014-03-28'),(49,322,4,'2014-03-28'),(49,392,4,'2014-03-28'),(49,578,4,'2014-03-28'),(49,621,4,'2014-03-28'),(49,56,5,'2014-03-28'),(49,77,5,'2014-03-28'),(49,220,5,'2014-03-28'),(49,312,5,'2014-03-28'),(49,393,5,'2014-03-28'),(49,579,5,'2014-03-28'),(49,622,5,'2014-03-28'),(49,6,3,'2014-03-28'),(49,78,3,'2014-03-28'),(49,112,3,'2014-03-28'),(49,394,3,'2014-03-28'),(49,580,3,'2014-03-28'),(49,611,3,'2014-03-28'),(49,17,3,'2014-03-28'),(49,79,3,'2014-03-28'),(49,193,3,'2014-03-28'),(49,395,3,'2014-03-28'),(49,512,3,'2014-03-28'),(49,581,3,'2014-03-28'),(49,600,3,'2014-03-28'),(49,337,4,'2014-03-28'),(49,352,4,'2014-03-28'),(49,396,4,'2014-03-28'),(49,397,3,'2014-03-28'),(49,398,4,'2014-03-28'),(49,399,4,'2014-03-28'),(49,155,3,'2014-03-28'),(49,400,3,'2014-03-28'),(49,589,3,'2014-03-28'),(49,627,3,'2014-03-28'),(49,121,3,'2014-03-28'),(49,294,3,'2014-03-28'),(49,401,3,'2014-03-28'),(49,456,3,'2014-03-28'),(49,523,3,'2014-03-28'),(49,590,3,'2014-03-28'),(49,402,3,'2014-03-28'),(49,403,4,'2014-03-28'),(49,593,4,'2014-03-28'),(49,404,4,'2014-03-28'),(49,405,4,'2014-03-28'),(49,594,4,'2014-03-28'),(49,406,3,'2014-03-28'),(49,407,3,'2014-03-28'),(49,28,4,'2014-03-28'),(49,59,4,'2014-03-28'),(49,167,4,'2014-03-28'),(49,408,4,'2014-03-28'),(49,409,4,'2014-03-28'),(49,595,4,'2014-03-28'),(21,243,1,'2014-03-28'),(21,410,1,'2014-03-28'),(21,411,4,'2014-03-28'),(21,140,5,'2014-03-28'),(21,412,5,'2014-03-28'),(21,607,5,'2014-03-28'),(21,245,5,'2014-03-28'),(21,413,5,'2014-03-28'),(21,94,4,'2014-03-28'),(21,247,4,'2014-03-28'),(21,374,4,'2014-03-28'),(21,414,4,'2014-03-28'),(21,564,4,'2014-03-28'),(21,343,4,'2014-03-28'),(21,415,4,'2014-03-28'),(21,101,5,'2014-03-28'),(21,147,5,'2014-03-28'),(21,185,5,'2014-03-28'),(21,231,5,'2014-03-28'),(21,237,5,'2014-03-28'),(21,309,5,'2014-03-28'),(21,383,5,'2014-03-28'),(21,416,5,'2014-03-28'),(21,570,5,'2014-03-28'),(21,11,5,'2014-03-28'),(21,66,5,'2014-03-28'),(21,321,5,'2014-03-28'),(21,417,5,'2014-03-28'),(21,500,5,'2014-03-28'),(21,418,5,'2014-03-28'),(21,419,4,'2014-03-28'),(21,455,4,'2014-03-28'),(21,514,4,'2014-03-28'),(21,626,4,'2014-03-28'),(22,420,3,'2014-03-28'),(22,421,4,'2014-03-28'),(22,261,4,'2014-03-28'),(22,422,4,'2014-03-28'),(22,260,5,'2014-03-28'),(22,423,5,'2014-03-28'),(22,424,5,'2014-03-28'),(22,425,5,'2014-03-28'),(22,262,2,'2014-03-28'),(22,426,2,'2014-03-28'),(22,263,1,'2014-03-28'),(22,427,1,'2014-03-28'),(22,428,2,'2014-03-28'),(22,429,5,'2014-03-28'),(22,430,5,'2014-03-28'),(22,468,5,'2014-03-28'),(22,43,1,'2014-03-28'),(22,139,1,'2014-03-28'),(22,244,1,'2014-03-28'),(22,265,1,'2014-03-28'),(22,303,1,'2014-03-28'),(22,431,1,'2014-03-28'),(22,432,5,'2014-03-28'),(22,433,3,'2014-03-28'),(22,325,1,'2014-03-28'),(22,434,1,'2014-03-28'),(22,45,5,'2014-03-28'),(22,217,5,'2014-03-28'),(22,365,5,'2014-03-28'),(22,435,5,'2014-03-28'),(22,478,5,'2014-03-28'),(22,557,5,'2014-03-28'),(22,436,3,'2014-03-28'),(22,24,1,'2014-03-28'),(22,271,1,'2014-03-28'),(22,437,1,'2014-03-28'),(22,246,1,'2014-03-28'),(22,272,1,'2014-03-28'),(22,438,1,'2014-03-28'),(22,439,5,'2014-03-28'),(22,482,5,'2014-03-28'),(22,144,5,'2014-03-28'),(22,440,5,'2014-03-28'),(22,483,5,'2014-03-28'),(22,441,1,'2014-03-28'),(22,10,5,'2014-03-28'),(22,249,5,'2014-03-28'),(22,442,5,'2014-03-28'),(22,443,2,'2014-03-28'),(22,100,1,'2014-03-28'),(22,236,1,'2014-03-28'),(22,251,1,'2014-03-28'),(22,444,1,'2014-03-28'),(22,205,1,'2014-03-28'),(22,279,1,'2014-03-28'),(22,445,1,'2014-03-28'),(22,280,3,'2014-03-28'),(22,446,3,'2014-03-28'),(22,447,5,'2014-03-28'),(22,448,4,'2014-03-28'),(22,504,4,'2014-03-28'),(22,574,4,'2014-03-28'),(22,53,1,'2014-03-28'),(22,107,1,'2014-03-28'),(22,449,1,'2014-03-28'),(22,35,5,'2014-03-28'),(22,286,5,'2014-03-28'),(22,335,5,'2014-03-28'),(22,450,5,'2014-03-28'),(22,287,5,'2014-03-28'),(22,451,5,'2014-03-28'),(22,509,5,'2014-03-28'),(22,549,5,'2014-03-28'),(22,289,2,'2014-03-28'),(22,338,2,'2014-03-28'),(22,452,2,'2014-03-28'),(22,453,4,'2014-03-28'),(22,291,1,'2014-03-28'),(22,454,1,'2014-03-28'),(22,419,5,'2014-03-28'),(22,455,5,'2014-03-28'),(22,514,5,'2014-03-28'),(22,626,5,'2014-03-28'),(22,121,5,'2014-03-28'),(22,294,5,'2014-03-28'),(22,401,5,'2014-03-28'),(22,456,5,'2014-03-28'),(22,523,5,'2014-03-28'),(22,590,5,'2014-03-28'),(22,20,5,'2014-03-28'),(22,83,5,'2014-03-28'),(22,295,5,'2014-03-28'),(22,457,5,'2014-03-28'),(22,533,5,'2014-03-28'),(22,605,5,'2014-03-28'),(22,458,5,'2014-03-28'),(22,538,5,'2014-03-28'),(22,459,5,'2014-03-28'),(22,460,5,'2014-03-28'),(22,539,5,'2014-03-28'),(22,550,5,'2014-03-28'),(15,461,5,'2014-03-28'),(15,462,3,'2014-03-28'),(15,169,4,'2014-03-28'),(15,463,4,'2014-03-28'),(15,9,5,'2014-03-28'),(15,40,5,'2014-03-28'),(15,135,5,'2014-03-28'),(15,170,5,'2014-03-28'),(15,315,5,'2014-03-28'),(15,464,5,'2014-03-28'),(15,543,5,'2014-03-28'),(15,597,5,'2014-03-28'),(15,465,3,'2014-03-28'),(15,466,3,'2014-03-28'),(15,467,3,'2014-03-28'),(15,430,4,'2014-03-28'),(15,468,4,'2014-03-28'),(15,469,3,'2014-03-28'),(15,470,4,'2014-03-28'),(15,471,3,'2014-03-28'),(15,472,3,'2014-03-28'),(15,473,4,'2014-03-28'),(15,474,4,'2014-03-28'),(15,475,4,'2014-03-28'),(15,269,3,'2014-03-28'),(15,476,3,'2014-03-28'),(15,477,4,'2014-03-28'),(15,45,5,'2014-03-28'),(15,217,5,'2014-03-28'),(15,365,5,'2014-03-28'),(15,435,5,'2014-03-28'),(15,478,5,'2014-03-28'),(15,557,5,'2014-03-28'),(15,479,4,'2014-03-28'),(15,480,4,'2014-03-28'),(15,47,3,'2014-03-28'),(15,481,3,'2014-03-28'),(15,439,4,'2014-03-28'),(15,482,4,'2014-03-28'),(15,144,4,'2014-03-28'),(15,440,4,'2014-03-28'),(15,483,4,'2014-03-28'),(15,484,4,'2014-03-28'),(15,2,3,'2014-03-28'),(15,485,3,'2014-03-28'),(15,486,3,'2014-03-28'),(15,487,4,'2014-03-28'),(15,488,4,'2014-03-28'),(15,489,5,'2014-03-28'),(15,490,4,'2014-03-28'),(15,491,1,'2014-03-28'),(15,492,5,'2014-03-28'),(15,493,4,'2014-03-28'),(15,494,4,'2014-03-28'),(15,495,3,'2014-03-28'),(15,496,4,'2014-03-28'),(15,25,3,'2014-03-28'),(15,49,3,'2014-03-28'),(15,103,3,'2014-03-28'),(15,162,3,'2014-03-28'),(15,232,3,'2014-03-28'),(15,332,3,'2014-03-28'),(15,344,3,'2014-03-28'),(15,497,3,'2014-03-28'),(15,598,3,'2014-03-28'),(15,498,5,'2014-03-28'),(15,499,5,'2014-03-28'),(15,11,3,'2014-03-28'),(15,66,3,'2014-03-28'),(15,321,3,'2014-03-28'),(15,417,3,'2014-03-28'),(15,500,3,'2014-03-28'),(15,501,3,'2014-03-28'),(15,502,3,'2014-03-28'),(15,283,2,'2014-03-28'),(15,503,2,'2014-03-28'),(15,448,4,'2014-03-28'),(15,504,4,'2014-03-28'),(15,574,4,'2014-03-28'),(15,505,4,'2014-03-28'),(15,506,4,'2014-03-28'),(15,507,1,'2014-03-28'),(15,508,3,'2014-03-28'),(15,287,4,'2014-03-28'),(15,451,4,'2014-03-28'),(15,509,4,'2014-03-28'),(15,549,4,'2014-03-28'),(15,16,4,'2014-03-28'),(15,113,4,'2014-03-28'),(15,192,4,'2014-03-28'),(15,510,4,'2014-03-28'),(15,511,4,'2014-03-28'),(15,17,4,'2014-03-28'),(15,79,4,'2014-03-28'),(15,193,4,'2014-03-28'),(15,395,4,'2014-03-28'),(15,512,4,'2014-03-28'),(15,581,4,'2014-03-28'),(15,600,4,'2014-03-28'),(15,513,1,'2014-03-28'),(15,419,5,'2014-03-28'),(15,455,5,'2014-03-28'),(15,514,5,'2014-03-28'),(15,626,5,'2014-03-28'),(15,195,4,'2014-03-28'),(15,515,4,'2014-03-28'),(15,8,5,'2014-03-28'),(15,516,5,'2014-03-28'),(15,603,5,'2014-03-28'),(15,18,4,'2014-03-28'),(15,517,4,'2014-03-28'),(15,604,4,'2014-03-28'),(15,518,5,'2014-03-28'),(15,519,4,'2014-03-28'),(15,520,3,'2014-03-28'),(15,521,3,'2014-03-28'),(15,522,4,'2014-03-28'),(15,121,5,'2014-03-28'),(15,294,5,'2014-03-28'),(15,401,5,'2014-03-28'),(15,456,5,'2014-03-28'),(15,523,5,'2014-03-28'),(15,590,5,'2014-03-28'),(15,524,4,'2014-03-28'),(15,19,4,'2014-03-28'),(15,525,4,'2014-03-28'),(15,526,4,'2014-03-28'),(15,58,3,'2014-03-28'),(15,122,3,'2014-03-28'),(15,527,3,'2014-03-28'),(15,528,4,'2014-03-28'),(15,529,4,'2014-03-28'),(15,530,5,'2014-03-28'),(15,531,3,'2014-03-28'),(15,532,4,'2014-03-28'),(15,20,5,'2014-03-28'),(15,83,5,'2014-03-28'),(15,295,5,'2014-03-28'),(15,457,5,'2014-03-28'),(15,533,5,'2014-03-28'),(15,605,5,'2014-03-28'),(15,534,4,'2014-03-28'),(15,535,3,'2014-03-28'),(15,536,3,'2014-03-28'),(15,537,4,'2014-03-28'),(15,458,4,'2014-03-28'),(15,538,4,'2014-03-28'),(15,460,4,'2014-03-28'),(15,539,4,'2014-03-28'),(15,550,4,'2014-03-28'),(15,540,4,'2014-03-28'),(15,541,4,'2014-03-28'),(15,542,4,'2014-03-28'),(8,9,4,'2014-03-28'),(8,40,4,'2014-03-28'),(8,135,4,'2014-03-28'),(8,170,4,'2014-03-28'),(8,315,4,'2014-03-28'),(8,464,4,'2014-03-28'),(8,543,4,'2014-03-28'),(8,597,4,'2014-03-28'),(8,42,3,'2014-03-28'),(8,159,3,'2014-03-28'),(8,362,3,'2014-03-28'),(8,544,3,'2014-03-28'),(8,92,1,'2014-03-28'),(8,268,1,'2014-03-28'),(8,364,1,'2014-03-28'),(8,545,1,'2014-03-28'),(8,616,1,'2014-03-28'),(8,546,5,'2014-03-28'),(8,547,4,'2014-03-28'),(8,548,4,'2014-03-28'),(8,287,5,'2014-03-28'),(8,451,5,'2014-03-28'),(8,509,5,'2014-03-28'),(8,549,5,'2014-03-28'),(8,460,5,'2014-03-28'),(8,539,5,'2014-03-28'),(8,550,5,'2014-03-28'),(9,133,4,'2014-03-28'),(9,299,4,'2014-03-28'),(9,551,4,'2014-03-28'),(9,596,4,'2014-03-28'),(9,612,4,'2014-03-28'),(9,39,3,'2014-03-28'),(9,89,3,'2014-03-28'),(9,235,3,'2014-03-28'),(9,242,3,'2014-03-28'),(9,300,3,'2014-03-28'),(9,355,3,'2014-03-28'),(9,552,3,'2014-03-28'),(9,613,3,'2014-03-28'),(9,137,5,'2014-03-28'),(9,226,5,'2014-03-28'),(9,363,5,'2014-03-28'),(9,553,5,'2014-03-28'),(9,302,5,'2014-03-28'),(9,554,5,'2014-03-28'),(9,555,5,'2014-03-28'),(9,556,5,'2014-03-28'),(9,45,4,'2014-03-28'),(9,217,4,'2014-03-28'),(9,365,4,'2014-03-28'),(9,435,4,'2014-03-28'),(9,478,4,'2014-03-28'),(9,557,4,'2014-03-28'),(9,558,4,'2014-03-28'),(9,228,4,'2014-03-28'),(9,304,4,'2014-03-28'),(9,368,4,'2014-03-28'),(9,559,4,'2014-03-28'),(9,369,3,'2014-03-28'),(9,560,3,'2014-03-28'),(9,270,5,'2014-03-28'),(9,371,5,'2014-03-28'),(9,561,5,'2014-03-28'),(9,201,3,'2014-03-28'),(9,562,3,'2014-03-28'),(9,46,5,'2014-03-28'),(9,143,5,'2014-03-28'),(9,372,5,'2014-03-28'),(9,563,5,'2014-03-28'),(9,94,4,'2014-03-28'),(9,247,4,'2014-03-28'),(9,374,4,'2014-03-28'),(9,414,4,'2014-03-28'),(9,564,4,'2014-03-28'),(9,65,3,'2014-03-28'),(9,96,3,'2014-03-28'),(9,202,3,'2014-03-28'),(9,248,3,'2014-03-28'),(9,274,3,'2014-03-28'),(9,306,3,'2014-03-28'),(9,376,3,'2014-03-28'),(9,565,3,'2014-03-28'),(9,617,3,'2014-03-28'),(9,31,3,'2014-03-28'),(9,98,3,'2014-03-28'),(9,146,3,'2014-03-28'),(9,230,3,'2014-03-28'),(9,566,3,'2014-03-28'),(9,618,3,'2014-03-28'),(9,567,5,'2014-03-28'),(9,380,5,'2014-03-28'),(9,568,5,'2014-03-28'),(9,569,5,'2014-03-28'),(9,101,5,'2014-03-28'),(9,147,5,'2014-03-28'),(9,185,5,'2014-03-28'),(9,231,5,'2014-03-28'),(9,237,5,'2014-03-28'),(9,309,5,'2014-03-28'),(9,383,5,'2014-03-28'),(9,416,5,'2014-03-28'),(9,570,5,'2014-03-28'),(9,206,5,'2014-03-28'),(9,252,5,'2014-03-28'),(9,571,5,'2014-03-28'),(9,33,4,'2014-03-28'),(9,67,4,'2014-03-28'),(9,76,4,'2014-03-28'),(9,106,4,'2014-03-28'),(9,148,4,'2014-03-28'),(9,253,4,'2014-03-28'),(9,386,4,'2014-03-28'),(9,572,4,'2014-03-28'),(9,610,4,'2014-03-28'),(9,619,4,'2014-03-28'),(9,188,5,'2014-03-28'),(9,573,5,'2014-03-28'),(9,448,5,'2014-03-28'),(9,504,5,'2014-03-28'),(9,574,5,'2014-03-28'),(9,13,2,'2014-03-28'),(9,54,2,'2014-03-28'),(9,190,2,'2014-03-28'),(9,575,2,'2014-03-28'),(9,14,3,'2014-03-28'),(9,68,3,'2014-03-28'),(9,108,3,'2014-03-28'),(9,388,3,'2014-03-28'),(9,576,3,'2014-03-28'),(9,55,4,'2014-03-28'),(9,109,4,'2014-03-28'),(9,389,4,'2014-03-28'),(9,577,4,'2014-03-28'),(9,111,4,'2014-03-28'),(9,322,4,'2014-03-28'),(9,392,4,'2014-03-28'),(9,578,4,'2014-03-28'),(9,621,4,'2014-03-28'),(9,56,5,'2014-03-28'),(9,77,5,'2014-03-28'),(9,220,5,'2014-03-28'),(9,312,5,'2014-03-28'),(9,393,5,'2014-03-28'),(9,579,5,'2014-03-28'),(9,622,5,'2014-03-28'),(9,6,5,'2014-03-28'),(9,78,5,'2014-03-28'),(9,112,5,'2014-03-28'),(9,394,5,'2014-03-28'),(9,580,5,'2014-03-28'),(9,611,5,'2014-03-28'),(9,17,4,'2014-03-28'),(9,79,4,'2014-03-28'),(9,193,4,'2014-03-28'),(9,395,4,'2014-03-28'),(9,512,4,'2014-03-28'),(9,581,4,'2014-03-28'),(9,600,4,'2014-03-28'),(9,582,4,'2014-03-28'),(9,57,4,'2014-03-28'),(9,116,4,'2014-03-28'),(9,163,4,'2014-03-28'),(9,233,4,'2014-03-28'),(9,255,4,'2014-03-28'),(9,583,4,'2014-03-28'),(9,153,4,'2014-03-28'),(9,584,4,'2014-03-28'),(9,118,3,'2014-03-28'),(9,585,3,'2014-03-28'),(9,586,5,'2014-03-28'),(9,587,3,'2014-03-28'),(9,588,3,'2014-03-28'),(9,155,5,'2014-03-28'),(9,400,5,'2014-03-28'),(9,589,5,'2014-03-28'),(9,627,5,'2014-03-28'),(9,121,5,'2014-03-28'),(9,294,5,'2014-03-28'),(9,401,5,'2014-03-28'),(9,456,5,'2014-03-28'),(9,523,5,'2014-03-28'),(9,590,5,'2014-03-28'),(9,591,4,'2014-03-28'),(9,296,4,'2014-03-28'),(9,592,4,'2014-03-28'),(9,403,5,'2014-03-28'),(9,593,5,'2014-03-28'),(9,405,4,'2014-03-28'),(9,594,4,'2014-03-28'),(9,409,4,'2014-03-28'),(9,595,4,'2014-03-28'),(23,133,4,'2014-03-28'),(23,299,4,'2014-03-28'),(23,551,4,'2014-03-28'),(23,596,4,'2014-03-28'),(23,612,4,'2014-03-28'),(23,9,5,'2014-03-28'),(23,40,5,'2014-03-28'),(23,135,5,'2014-03-28'),(23,170,5,'2014-03-28'),(23,315,5,'2014-03-28'),(23,464,5,'2014-03-28'),(23,543,5,'2014-03-28'),(23,597,5,'2014-03-28'),(23,25,5,'2014-03-28'),(23,49,5,'2014-03-28'),(23,103,5,'2014-03-28'),(23,162,5,'2014-03-28'),(23,232,5,'2014-03-28'),(23,332,5,'2014-03-28'),(23,344,5,'2014-03-28'),(23,497,5,'2014-03-28'),(23,598,5,'2014-03-28'),(23,12,3,'2014-03-28'),(23,52,3,'2014-03-28'),(23,599,3,'2014-03-28'),(23,17,2,'2014-03-28'),(23,79,2,'2014-03-28'),(23,193,2,'2014-03-28'),(23,395,2,'2014-03-28'),(23,512,2,'2014-03-28'),(23,581,2,'2014-03-28'),(23,600,2,'2014-03-28'),(23,601,3,'2014-03-28'),(23,602,4,'2014-03-28'),(23,8,5,'2014-03-28'),(23,516,5,'2014-03-28'),(23,603,5,'2014-03-28'),(23,18,4,'2014-03-28'),(23,517,4,'2014-03-28'),(23,604,4,'2014-03-28'),(23,20,5,'2014-03-28'),(23,83,5,'2014-03-28'),(23,295,5,'2014-03-28'),(23,457,5,'2014-03-28'),(23,533,5,'2014-03-28'),(23,605,5,'2014-03-28'),(50,606,5,'2014-03-28'),(50,140,5,'2014-03-28'),(50,412,5,'2014-03-28'),(50,607,5,'2014-03-28'),(50,608,4,'2014-03-28'),(50,609,4,'2014-03-28'),(50,33,5,'2014-03-28'),(50,67,5,'2014-03-28'),(50,76,5,'2014-03-28'),(50,106,5,'2014-03-28'),(50,148,5,'2014-03-28'),(50,253,5,'2014-03-28'),(50,386,5,'2014-03-28'),(50,572,5,'2014-03-28'),(50,610,5,'2014-03-28'),(50,619,5,'2014-03-28'),(50,6,5,'2014-03-28'),(50,78,5,'2014-03-28'),(50,112,5,'2014-03-28'),(50,394,5,'2014-03-28'),(50,580,5,'2014-03-28'),(50,611,5,'2014-03-28'),(28,133,3,'2014-03-28'),(28,299,3,'2014-03-28'),(28,551,3,'2014-03-28'),(28,596,3,'2014-03-28'),(28,612,3,'2014-03-28'),(28,39,2,'2014-03-28'),(28,89,2,'2014-03-28'),(28,235,2,'2014-03-28'),(28,242,2,'2014-03-28'),(28,300,2,'2014-03-28'),(28,355,2,'2014-03-28'),(28,552,2,'2014-03-28'),(28,613,2,'2014-03-28'),(28,614,5,'2014-03-28'),(28,174,5,'2014-03-28'),(28,615,5,'2014-03-28'),(28,92,2,'2014-03-28'),(28,268,2,'2014-03-28'),(28,364,2,'2014-03-28'),(28,545,2,'2014-03-28'),(28,616,2,'2014-03-28'),(28,65,3,'2014-03-28'),(28,96,3,'2014-03-28'),(28,202,3,'2014-03-28'),(28,248,3,'2014-03-28'),(28,274,3,'2014-03-28'),(28,306,3,'2014-03-28'),(28,376,3,'2014-03-28'),(28,565,3,'2014-03-28'),(28,617,3,'2014-03-28'),(28,31,4,'2014-03-28'),(28,98,4,'2014-03-28'),(28,146,4,'2014-03-28'),(28,230,4,'2014-03-28'),(28,566,4,'2014-03-28'),(28,618,4,'2014-03-28'),(28,33,4,'2014-03-28'),(28,67,4,'2014-03-28'),(28,76,4,'2014-03-28'),(28,106,4,'2014-03-28'),(28,148,4,'2014-03-28'),(28,253,4,'2014-03-28'),(28,386,4,'2014-03-28'),(28,572,4,'2014-03-28'),(28,610,4,'2014-03-28'),(28,619,4,'2014-03-28'),(28,110,5,'2014-03-28'),(28,620,5,'2014-03-28'),(28,111,4,'2014-03-28'),(28,322,4,'2014-03-28'),(28,392,4,'2014-03-28'),(28,578,4,'2014-03-28'),(28,621,4,'2014-03-28'),(28,56,4,'2014-03-28'),(28,77,4,'2014-03-28'),(28,220,4,'2014-03-28'),(28,312,4,'2014-03-28'),(28,393,4,'2014-03-28'),(28,579,4,'2014-03-28'),(28,622,4,'2014-03-28'),(28,114,2,'2014-03-28'),(28,623,2,'2014-03-28'),(28,624,4,'2014-03-28'),(28,625,3,'2014-03-28'),(28,419,3,'2014-03-28'),(28,455,3,'2014-03-28'),(28,514,3,'2014-03-28'),(28,626,3,'2014-03-28'),(28,155,3,'2014-03-28'),(28,400,3,'2014-03-28'),(28,589,3,'2014-03-28'),(28,627,3,'2014-03-28');
/*!40000 ALTER TABLE `PessoaCurteArtistaMusical` ENABLE KEYS */;
UNLOCK TABLES;

--
-- Table structure for table `Regiao`
--

DROP TABLE IF EXISTS `Regiao`;
/*!40101 SET @saved_cs_client     = @@character_set_client */;
/*!40101 SET character_set_client = utf8 */;
CREATE TABLE `Regiao` (
  `id` int(11) NOT NULL AUTO_INCREMENT,
  `id_cidade` int(11) NOT NULL,
  `id_pais` int(11) NOT NULL,
  PRIMARY KEY (`id`),
  KEY `id_cidade` (`id_cidade`),
  KEY `id_pais` (`id_pais`),
  CONSTRAINT `regiao_ibfk_1` FOREIGN KEY (`id_cidade`) REFERENCES `Cidade` (`id`),
  CONSTRAINT `regiao_ibfk_2` FOREIGN KEY (`id_pais`) REFERENCES `Pais` (`id`)
) ENGINE=InnoDB AUTO_INCREMENT=182 DEFAULT CHARSET=latin1;
/*!40101 SET character_set_client = @saved_cs_client */;

--
-- Dumping data for table `Regiao`
--

LOCK TABLES `Regiao` WRITE;
/*!40000 ALTER TABLE `Regiao` DISABLE KEYS */;
INSERT INTO `Regiao` VALUES (1,3,1),(2,4,2),(3,5,1),(4,6,2),(5,7,2),(6,8,3),(7,9,4),(8,10,2),(9,11,3),(10,12,3),(11,13,3),(12,14,2),(13,15,3),(14,16,2),(15,17,3),(16,18,5),(17,19,6),(18,20,3),(19,21,3),(20,22,3),(21,23,7),(22,24,8),(23,25,7),(24,26,8),(25,27,9),(26,28,3),(27,29,6),(28,30,2),(29,31,3),(30,32,9),(31,33,3),(32,34,3),(33,35,10),(34,36,2),(35,37,3),(36,38,6),(37,39,2),(38,40,2),(39,41,3),(40,42,6),(41,43,3),(42,44,4),(43,45,11),(44,46,3),(45,47,3),(46,48,3),(47,49,3),(48,50,3),(49,51,2),(50,52,4),(51,53,3),(52,54,3),(53,55,3),(54,56,3),(55,57,4),(56,58,4),(57,59,7),(58,60,3),(59,61,12),(60,62,4),(61,63,3),(62,64,2),(63,65,7),(64,66,13),(65,67,7),(66,68,2),(67,69,3),(68,70,14),(69,71,13),(70,72,4),(71,73,13),(72,74,1),(73,75,1),(74,76,6),(75,77,3),(76,78,4),(77,79,3),(78,80,3),(79,81,3),(80,82,3),(81,83,3),(82,84,7),(83,85,3),(84,86,4),(85,87,3),(86,88,3),(87,89,3),(88,90,3),(89,91,3),(90,92,3),(91,93,3),(92,94,4),(93,95,4),(94,96,4),(95,97,4),(96,98,4),(97,99,4),(98,100,3),(99,101,3),(100,102,2),(101,103,12),(102,104,4),(103,105,3),(104,106,14),(105,107,3),(106,108,3),(107,109,6),(108,110,3),(109,111,3),(110,112,3),(111,113,3),(112,114,3),(113,115,6),(114,116,15),(115,117,3),(116,118,3),(117,119,3),(118,120,3),(119,121,7),(120,122,14),(121,123,4),(122,124,3),(123,125,3),(124,126,3),(125,127,3),(126,128,16),(127,129,16),(128,130,2),(129,131,4),(130,132,16),(131,133,17),(132,134,2),(133,135,15),(134,136,13),(135,137,13),(136,138,12),(137,139,7),(138,140,8),(139,141,7),(140,142,13),(141,143,2),(142,144,3),(143,145,13),(144,146,3),(145,147,2),(146,148,2),(147,149,2),(148,150,3),(149,151,4),(150,152,2),(151,153,18),(152,154,3),(153,155,3),(154,156,3),(155,157,9),(156,158,3),(157,159,2),(158,160,6),(159,161,2),(160,162,3),(161,163,3),(162,164,10),(163,165,3),(164,166,3),(165,40,3),(166,167,2),(167,168,2),(168,169,3),(169,170,2),(170,171,3),(171,172,2),(172,173,3),(173,174,3),(174,175,3),(175,176,3),(176,177,3),(177,178,3),(178,179,3),(179,180,2),(180,181,2),(181,182,7);
/*!40000 ALTER TABLE `Regiao` ENABLE KEYS */;
UNLOCK TABLES;
/*!40103 SET TIME_ZONE=@OLD_TIME_ZONE */;

/*!40101 SET SQL_MODE=@OLD_SQL_MODE */;
/*!40014 SET FOREIGN_KEY_CHECKS=@OLD_FOREIGN_KEY_CHECKS */;
/*!40014 SET UNIQUE_CHECKS=@OLD_UNIQUE_CHECKS */;
/*!40101 SET CHARACTER_SET_CLIENT=@OLD_CHARACTER_SET_CLIENT */;
/*!40101 SET CHARACTER_SET_RESULTS=@OLD_CHARACTER_SET_RESULTS */;
/*!40101 SET COLLATION_CONNECTION=@OLD_COLLATION_CONNECTION */;
/*!40111 SET SQL_NOTES=@OLD_SQL_NOTES */;

-- Dump completed on 2014-05-14  0:37:14
