-- MySQL dump 10.13  Distrib 5.6.15, for osx10.7 (x86_64)
--
-- Host: localhost    Database: mc536
-- ------------------------------------------------------
-- Server version	5.6.15

/*!40101 SET @OLD_CHARACTER_SET_CLIENT=@@CHARACTER_SET_CLIENT */;
/*!40101 SET @OLD_CHARACTER_SET_RESULTS=@@CHARACTER_SET_RESULTS */;
/*!40101 SET @OLD_COLLATION_CONNECTION=@@COLLATION_CONNECTION */;
/*!40101 SET NAMES utf8 */;
/*!40103 SET @OLD_TIME_ZONE=@@TIME_ZONE */;
/*!40103 SET TIME_ZONE='+00:00' */;
/*!40014 SET @OLD_UNIQUE_CHECKS=@@UNIQUE_CHECKS, UNIQUE_CHECKS=0 */;
/*!40014 SET @OLD_FOREIGN_KEY_CHECKS=@@FOREIGN_KEY_CHECKS, FOREIGN_KEY_CHECKS=0 */;
/*!40101 SET @OLD_SQL_MODE=@@SQL_MODE, SQL_MODE='NO_AUTO_VALUE_ON_ZERO' */;
/*!40111 SET @OLD_SQL_NOTES=@@SQL_NOTES, SQL_NOTES=0 */;

--
-- Table structure for table `ArtistaMusical`
--

DROP TABLE IF EXISTS `ArtistaMusical`;
/*!40101 SET @saved_cs_client     = @@character_set_client */;
/*!40101 SET character_set_client = utf8 */;
CREATE TABLE `ArtistaMusical` (
  `id` int(11) NOT NULL AUTO_INCREMENT,
  `nome_artistico` varchar(60) NOT NULL,
  `url` varchar(255) NOT NULL,
  `mbid` varchar(40) DEFAULT NULL,
  `id_regiao` int(11) DEFAULT NULL,
  PRIMARY KEY (`id`)
) ENGINE=InnoDB AUTO_INCREMENT=628 DEFAULT CHARSET=latin1;
/*!40101 SET character_set_client = @saved_cs_client */;

--
-- Dumping data for table `ArtistaMusical`
--

LOCK TABLES `ArtistaMusical` WRITE;
/*!40000 ALTER TABLE `ArtistaMusical` DISABLE KEYS */;
INSERT INTO `ArtistaMusical` VALUES (1,'Acid Black Cherry','http://en.wikipedia.org/wiki/Acid_Black_Cherry','a3842d12-306c-498a-ae1d-03ee40e3f2ac',1),(2,'Gorillaz','http://en.wikipedia.org/wiki/Gorillaz','e21857d5-3256-4547-afb3-4b6ded592596',2),(3,'Nightmare','http://en.wikipedia.org/wiki/Nightmare_(Japanese_band)','80e8a7f9-fbfc-4f43-921f-94b1b77379ce',3),(4,'ORANGE RANGE','http://en.wikipedia.org/wiki/Orange_Range','fee8e811-a2dc-4c09-8484-3c2aca38c3f9',NULL),(5,'Paul McCartney','http://en.wikipedia.org/wiki/Paul_McCartney','ba550d0e-adac-4864-b88b-407cab5e76af',4),(6,'Queen','http://en.wikipedia.org/wiki/Queen_(band)','0383dadf-2a4e-4d10-a46a-e9e041da8eb3',2),(7,'Sound Horizon','http://en.wikipedia.org/wiki/Sound_Horizon','b042defc-4d12-414d-a678-0dcabefffa26',NULL),(8,'The Beatles','http://en.wikipedia.org/wiki/The_Beatles','b10bbbfc-cf9e-42e0-be17-e2c3e1d2600d',4),(9,'Arctic Monkeys','http://en.wikipedia.org/wiki/Arctic_monkeys','ada7a83c-e3e1-40f1-93f9-3e73dbc9298a',5),(10,'Imagine Dragons','http://en.wikipedia.org/wiki/Imagine_Dragons','012151a8-0f9a-44c9-997f-ebd68b5389f9',6),(11,'Los Hermanos','http://en.wikipedia.org/wiki/Los_Hermanos','557ac15e-7800-44c3-bb62-d4ab34ac1e28',7),(12,'Muse','http://en.wikipedia.org/wiki/Muse_(band)','1695c115-bf3f-4014-9966-2b0c50179193',8),(13,'Nine Inch Nails','http://en.wikipedia.org/wiki/Nine_inch_nails','b7ffd2af-418f-4be2-bdd1-22f8b48613da',9),(14,'Nirvana','http://en.wikipedia.org/wiki/Nirvana_(band)','5b11f4ce-a62d-471e-81fc-a69a8278c7da',10),(15,'Placebo','http://en.wikipedia.org/wiki/Placebo_(band)','81b9963b-7ff7-47f7-9afb-fe454d8db43c',2),(16,'Queens of the Stone Age','http://en.wikipedia.org/wiki/Queens_of_the_stone_age','246aa41e-8a40-4018-a6d6-8fb646418c25',11),(17,'Radiohead','http://en.wikipedia.org/wiki/Radiohead','a74b1b7f-71a5-4011-9441-d0b5e4122711',12),(18,'The Black Keys','http://en.wikipedia.org/wiki/The_Black_Keys','d15721d8-56b4-453d-b506-fc915b14cba2',13),(19,'The Kooks','http://en.wikipedia.org/wiki/The_Kooks','c41c6a32-cd7e-4cce-8859-559efdd457b3',14),(20,'The Strokes','http://en.wikipedia.org/wiki/The_Strokes','f181961b-20f7-459e-89de-920ef03c7ed0',15),(21,'A Pink','http://en.wikipedia.org/wiki/A_Pink','9102bdf6-b03e-4470-9f78-12127c4995cc',16),(22,'Claudia Leitte','http://en.wikipedia.org/wiki/Claudia_Leitte','ff222983-7204-4b53-be2b-0971333ad53a',7),(23,'deadmau5','http://en.wikipedia.org/wiki/Deadmau5','316f2aab-3477-4c62-bb08-eb04dcdcc18f',17),(24,'Eminem','http://en.wikipedia.org/wiki/Eminem','b95ce3ff-3d05-4e87-9e01-c97b66af13d4',18),(25,'Linkin Park','http://en.wikipedia.org/wiki/Linkin_Park','f59c5520-5f46-4d2c-b2c4-822eabf53419',19),(26,'Two Steps from Hell','http://en.wikipedia.org/wiki/Two_Steps_From_Hell','da02dddc-60fa-4ca4-88bb-8012598f1f86',20),(27,'','http://en.wikipedia.org/wiki/Yousei_Teikoku',NULL,NULL),(28,'Zedd','http://en.wikipedia.org/wiki/Zedd_(musician)','56c4b861-0922-4c3a-a9b9-3bfcb00f8274',21),(29,'AC/DC','http://en.wikipedia.org/wiki/AC-DC','66c662b6-6e2f-4930-8610-912e24c63ed1',22),(30,'Helloween','http://en.wikipedia.org/wiki/Helloween','765774a0-2060-469b-8b7d-612eea48579b',23),(31,'Iron Maiden','http://en.wikipedia.org/wiki/Iron_Maiden','7c3762a3-51f8-4cf3-8565-1ee26a90efe2',2),(32,'Karnivool','http://en.wikipedia.org/wiki/Karnivool','9ee2638f-c3a3-4532-bc08-54d397241c2a',24),(33,'Metallica','http://en.wikipedia.org/wiki/Metallica','65f4f0c5-ef9e-490c-aee3-909e7ae6b2ab',20),(34,'Pain of Salvation','http://en.wikipedia.org/wiki/Pain_of_Salvation','f7c65346-9631-4220-9188-5e90baae58d5',25),(35,'Paramore','http://en.wikipedia.org/wiki/Paramore','44cf61b8-5197-448a-b82b-cef6ee89fac5',26),(36,'Protest the Hero','http://en.wikipedia.org/wiki/Protest_the_Hero','6318e724-7e6b-4e41-a35b-080065077c80',27),(37,'TesseracT','http://en.wikipedia.org/wiki/Tesseract','acaede2d-f652-4a37-9ce0-efd994a3e678',28),(38,'The Safety Fire','http://en.wikipedia.org/wiki/The_Safety_Fire','006495a7-2ed5-4df2-bc9b-acb4af499375',2),(39,'Aerosmith','http://en.wikipedia.org/wiki/Aerosmith','3d2b98e5-556f-4451-a3ff-c50ea18d57cb',29),(41,'Audioslave','http://en.wikipedia.org/wiki/Audioslave','020bfbb4-05c3-4c86-b372-17825c262094',20),(42,'Avicii','http://en.wikipedia.org/wiki/Avicii','24b930c0-5f27-4723-a5aa-3b8b830fb914',30),(43,'Bon Jovi','http://en.wikipedia.org/wiki/Bon_jovi','5dcdb5eb-cb72-4e6e-9e63-b7bace604965',31),(44,'Chris Cornell','http://en.wikipedia.org/wiki/Chris_cornell','cbf9738d-8f81-4a92-bc64-ede09341652d',32),(45,'Daft Punk','http://en.wikipedia.org/wiki/Daft_punk','056e4f3e-d505-4dad-8ec1-d04f521cbb56',33),(46,'Eric Clapton','http://en.wikipedia.org/wiki/Eric_clapton','05c35c95-dcbd-4492-b091-7f05a2091d47',34),(47,'Florence + The Machine','http://en.wikipedia.org/wiki/Florence_and_the_Machine','5fee3020-513b-48c2-b1f7-4681b01db0c6',2),(48,'Hardwell','http://en.wikipedia.org/wiki/Hardwell','170d6637-36e0-49dd-a225-c4fd5b77a285',NULL),(50,'Maroon 5','http://en.wikipedia.org/wiki/Maroon_5','0ab49580-c84f-44d4-875f-d83760ea2cfe',20),(51,'','http://en.wikipedia.org/wiki/Matchbox_20',NULL,35),(53,'Nickelback','http://en.wikipedia.org/wiki/Nickelback','bc710bcf-8815-42cf-bad2-3f1d12246aeb',36),(55,'Oasis','http://en.wikipedia.org/wiki/Oasis_(band)','39ab1aed-75e0-4140-bd47-540276886b60',37),(56,'Pink Floyd','http://en.wikipedia.org/wiki/Pink_Floyd','83d91898-7763-47d7-b03b-b92132375c47',38),(57,'Red Hot Chili Peppers','http://en.wikipedia.org/wiki/Red_Hot_Chili_Peppers','8bfac288-ccc5-448d-9573-c33ea2aa5c30',20),(58,'The Offspring','http://en.wikipedia.org/wiki/The_Offspring','23a03e33-a603-404e-bcbf-2c00159d7067',40),(60,'Alanis Morissette','http://en.wikipedia.org/wiki/Alanis_Morissette','4bdcee62-4902-4773-8cd1-e252e2e31225',41),(61,'Britney Spears','http://en.wikipedia.org/wiki/Britney_Spears','2f4f5d16-7102-4110-97fd-f5c365d6bb26',42),(62,'Céu','http://en.wikipedia.org/wiki/C%C3%A9u','7739f53a-f809-48a3-942a-fbea493f0a17',43),(63,'Clarice Falcão','http://en.wikipedia.org/wiki/Clarice_Falc%C3%A3o','76858c01-acf4-4630-84f3-1b5208c390db',7),(64,'Katie Malco','http://en.wikipedia.org/wiki/Fernando_e_Sorocaba','57ea5b34-a835-41c2-a82d-25a49cb719ca',2),(65,'Guns N\' Roses','http://en.wikipedia.org/wiki/Guns_N%27_Roses','eeb1195b-f213-4ce1-b28c-8565211f8e43',20),(69,'O Rappa','http://en.wikipedia.org/wiki/O_Rappa','00034ede-a1f1-4219-be39-02f36853373e',7),(70,'Shakira','http://en.wikipedia.org/wiki/Shakira','726cb350-d775-4e07-b006-898555f24b0d',44),(71,'Alice in Chains','http://en.wikipedia.org/wiki/Alice_in_Chains','4bd95eea-b9f6-4d70-a36c-cfea77431553',32),(72,'Bad Company','http://en.wikipedia.org/wiki/Bad_Company','0053dbd9-bfbc-4e38-9f08-66a27d914c38',NULL),(73,'Badlands','http://en.wikipedia.org/wiki/Badlands_(American_band)','019b9b96-35eb-4e82-b794-63e770596282',20),(75,'Explosions in the Sky','http://en.wikipedia.org/wiki/Explosions_in_the_Sky','1c4b9280-7bee-4fdd-8886-daa627d471a0',45),(80,'Serafin','http://en.wikipedia.org/wiki/Serafin_(band)','5ba1a11a-c668-4ff1-813f-6908376cc65c',NULL),(81,'Soundgarden','http://en.wikipedia.org/wiki/Soundgarden','153c9281-268f-4cf3-8938-f5a4593e5df4',32),(82,'Stone Temple Pilots','http://en.wikipedia.org/wiki/Stone_Temple_Pilots','8c32bb01-58a3-453b-8050-8c0620edb0e5',46),(84,'Third Eye Blind','http://en.wikipedia.org/wiki/Third_Eye_Blind','92a42e82-b36f-4308-82c1-68bad2e03c89',47),(85,'Tool','http://en.wikipedia.org/wiki/Tool_(band)','22c94bce-544f-49ba-afdc-026beac4fd3e',20),(86,'Velvet Revolver','http://en.wikipedia.org/wiki/Velvet_Revolver','3a528006-1429-47f4-ae9b-2ea95343e16a',48),(87,'3 Doors Down','http://en.wikipedia.org/wiki/3_Doors_Down','2386cd66-e923-4e8e-bf14-2eebe2e9b973',49),(90,'Black Sabbath','http://en.wikipedia.org/wiki/Black_Sabbath','5182c1d9-c7d2-4dad-afa0-ccfeada921a8',50),(91,'Capital Inicial','http://en.wikipedia.org/wiki/Capital_Inicial','8332cf11-f7a2-431b-aab7-5468ece84e3d',51),(92,'Coldplay','http://en.wikipedia.org/wiki/Coldplay','cc197bad-dc9c-440d-a5b5-d52ba2e14234',2),(93,'Creedence Clearwater Revival','http://en.wikipedia.org/wiki/Creed_(band)','109958eb-a335-4c5e-907e-597ff4c6af46',52),(94,'Foo Fighters','http://en.wikipedia.org/wiki/Foo_Fighters','67f66c07-6e61-4026-ade5-7e782fad3a5d',32),(95,'Goo Goo Dolls','http://en.wikipedia.org/wiki/Goo_Goo_Dolls','e2c00c56-8365-4160-9f40-a64682917633',53),(97,'Iration','http://en.wikipedia.org/wiki/Ira_(band)','8d6a2958-37a1-407f-842c-7793eedb836c',54),(99,'Kansas','http://en.wikipedia.org/wiki/Kansas_(band)','69689acf-d9cd-4d20-a972-47db4ed51b1a',55),(100,'Kiss','http://en.wikipedia.org/wiki/Kiss_(band)','98b67ebc-5606-4cdb-9787-47b12cceb101',15),(101,'Led Zeppelin','http://en.wikipedia.org/wiki/Led_Zeppelin','678d88b2-87b0-403b-b63d-5da7465aecc3',2),(102,'Legião Urbana','http://en.wikipedia.org/wiki/Legiao_urbana','47685be0-926f-4be9-b1ae-e32da47a3b99',51),(104,'Living Colour','http://en.wikipedia.org/wiki/Living_Colour','dc6f8c1f-626b-42b0-9115-7e66ae4cecd6',15),(105,'Mamonas Assassinas','http://en.wikipedia.org/wiki/Mamonas_Assassinas','3abca171-d700-4a1f-aa0f-d683c37ef74d',56),(110,'Ozzy Osbourne','http://en.wikipedia.org/wiki/Ozzy_Osbourne','8aa5b65a-5b3c-4029-92bf-47a544356934',50),(111,'Pearl Jam','http://en.wikipedia.org/wiki/Pearl_Jam','83b9cbe7-9857-49e2-ab8e-b57b01038103',32),(114,'Rage Against the Machine','http://en.wikipedia.org/wiki/Rage_Against_the_Machine','3798b104-01cb-484c-a3b0-56adc6399b80',20),(115,'Raul Seixas','http://en.wikipedia.org/wiki/Raul_Seixas','c4efd92a-5692-41d5-91bb-b23d4b75e735',57),(117,'Scorpions','http://en.wikipedia.org/wiki/Scorpions','5dc3d829-9131-4732-839a-432c9cd35c38',58),(118,'Sex Pistols','http://en.wikipedia.org/wiki/Sex_pistols','49855822-68b4-4dff-aec7-642546611518',2),(119,'Skid Row','http://en.wikipedia.org/wiki/Skid_row','6d797b95-2011-4859-91ab-9284d1e1f472',59),(120,'The Calling','http://en.wikipedia.org/wiki/The_Calling','1b67f2e0-b7f7-4e0f-a9dc-4fd4257b0964',20),(121,'The Killers','http://en.wikipedia.org/wiki/The_Killers','24b4aee8-32ed-4163-98f7-55bae67411ae',6),(123,'The Rolling Stones','http://en.wikipedia.org/wiki/The_Rolling_Stones','b071f9fa-14b0-4217-8e97-eb41da73f598',2),(124,'The White Stripes','http://en.wikipedia.org/wiki/The_White_Stripes','11ae9fbb-f3d7-4a47-936f-4c0a04d3b3b5',18),(125,'The Police','http://en.wikipedia.org/wiki/The_police','9e0e2b01-41db-4008-bd8b-988977d6019a',2),(126,'Thin Lizzy','http://en.wikipedia.org/wiki/Thin_Lizzy','6a726ac6-019e-455c-8bbb-571a77bed52e',60),(127,'Titãs','http://en.wikipedia.org/wiki/Titas_(band)','c1a669b9-30f4-4171-a2a9-a15d9461ca04',61),(128,'Twisted Sister','http://en.wikipedia.org/wiki/Twisted_Sister','c6122fee-089f-41c4-a34f-e5f7e5607b05',15),(129,'U2','http://en.wikipedia.org/wiki/U2','704acdbb-1415-4782-b0b6-0596b8c55e46',60),(130,'Van Halen','http://en.wikipedia.org/wiki/Van_halen','b665b768-0d83-4363-950c-31ed39317c15',62),(131,'Whitesnake','http://en.wikipedia.org/wiki/Whitesnake','5dedf5cf-a598-4408-9556-3bf3f149f3ba',63),(132,'','http://en.wikipedia.org/wiki/Yes_band',NULL,NULL),(134,'Angra','http://en.wikipedia.org/wiki/Angra_%28band%29','b0fe8ef0-d59b-4d41-afee-2d21b59112ab',43),(136,'Avantasia','http://en.wikipedia.org/wiki/Avantasia','2ecbc483-dee4-442f-8ce7-f3ab31c73f87',NULL),(138,'Blind Guardian','http://en.wikipedia.org/wiki/Blind_guardian','7fa7fc04-1011-4876-8095-ecd232edea87',64),(140,'Dream Theater','http://en.wikipedia.org/wiki/Dream_Theater','28503ab7-8bf2-4666-a7bd-2644bfc7cb1d',29),(141,'Eddie Van Halen','http://en.wikipedia.org/wiki/Eddie_Van_Halen','2a66baa5-9832-4fbc-8365-c9f607a89e47',65),(142,'Edguy','http://en.wikipedia.org/wiki/Edguy','83998f9c-846b-4294-aede-d7735531c901',66),(144,'Foster the People','http://en.wikipedia.org/wiki/Foster_the_people','e0e1a584-dd0a-4bd1-88d1-c4c62895039d',20),(145,'Franz Ferdinand','http://en.wikipedia.org/wiki/Franz_Ferdinand_%28band%29','aa7a2827-f74b-473c-bd79-03d065835cf7',67),(149,'Motörhead','http://en.wikipedia.org/wiki/Motorhead','57961a97-3796-4bf7-9f02-a985a8979ae9',2),(152,'Ramones','http://en.wikipedia.org/wiki/Ramones','d6ed7887-a401-47a8-893c-34b967444d26',68),(154,'Sonata Arctica','http://en.wikipedia.org/wiki/Sonata_Arctica','319b1175-ced9-438f-986b-9239c3edd92d',69),(155,'The Doors','http://en.wikipedia.org/wiki/The_doors','9efff43b-3b29-4082-824e-bc82f646f93d',20),(158,'Armin van Buuren','http://en.wikipedia.org/wiki/Armin_van_buuren','3349c8d2-81c3-4dd2-9495-4290c9e5c7e3',NULL),(160,'Charlie Brown JR.','http://en.wikipedia.org/wiki/Charlie_Brown_Jr.','29b550f2-04a3-4733-b6f5-4e347fac7e11',70),(164,'Tiësto','http://en.wikipedia.org/wiki/Tiesto','163a0256-f137-4b6f-8922-77941cbb9532',71),(165,'X JAPAN','http://en.wikipedia.org/wiki/X_japan','0835497f-b901-4aab-9422-ca0dd5413f32',72),(166,'YUI','http://en.wikipedia.org/wiki/Yui_(singer)','7d475ef3-975b-46a8-ad32-0d38a1df8a31',73),(169,'Arcade Fire','http://en.wikipedia.org/wiki/Arcade_Fire','52074ba6-e495-4ef3-9bb4-0703888a9f68',74),(171,'Bad Brains','http://en.wikipedia.org/wiki/Bad_Brains','e919b253-da5b-4aae-a444-6a368376a2d6',75),(172,'Black Drawing Chalks','http://en.wikipedia.org/wiki/Black_Drawing_Chalks','43f71d19-681a-4e3d-84a4-87677bf74deb',76),(173,'Black Flag','http://en.wikipedia.org/wiki/Black_Flag','9941a936-196a-4a62-ae53-a69cbc33f20e',77),(174,'Black Label Society','http://en.wikipedia.org/wiki/Black_Label_Society','a8e935c6-3fcc-414c-900c-77e8170e7e7c',20),(177,'Death Cab for Cutie','http://en.wikipedia.org/wiki/Death','0039c7ae-e1a7-4a7d-9b49-0cbc716821a6',78),(178,'System of a Down','http://en.wikipedia.org/wiki/Down','cc0b7089-c08d-4c10-b6b0-873582c17fd6',20),(179,'Exodus','http://en.wikipedia.org/wiki/Exodus','1067b675-7637-48e4-9085-0378526b357a',79),(180,'Hatebreed','http://en.wikipedia.org/wiki/Hatebreed','40b7efb7-1268-4a80-b354-600afdcbe9e2',80),(181,'Iced Earth','http://en.wikipedia.org/wiki/Iced_Earth','8a0e10a9-80c7-40e0-bf5b-89f1d57f9537',81),(182,'Jimi Hendrix','http://en.wikipedia.org/wiki/Jimi_Hendrix','06fb1c8b-566e-4cb2-985b-b467c90781d4',32),(183,'Kreator','http://en.wikipedia.org/wiki/Kreator','39822e8d-f24e-4f07-b51b-28b22e59fbdb',82),(184,'Krisiun','http://en.wikipedia.org/wiki/Krisiun','9e6458d6-7053-48eb-ac8f-bf6fdf9169c6',NULL),(186,'Lynyrd Skynyrd','http://en.wikipedia.org/wiki/Lynyrd_Skynyrd','98198195-ef1f-4c2c-b74d-5d98505cdd4f',83),(187,'Macaco Bong','http://en.wikipedia.org/wiki/Macaco_Bong','b1f69390-1347-4876-8146-45f547d96708',84),(188,'Miles Davis','http://en.wikipedia.org/wiki/Miles_Davis','561d854a-6a28-4aa7-8c99-323e6ce46c2a',85),(189,'Minor Threat','http://en.wikipedia.org/wiki/Minor_Threat','09037f07-42bc-46ac-a1ee-37f834451fee',75),(191,'Pantera','http://en.wikipedia.org/wiki/Pantera','541f16f5-ad7a-428e-af89-9fa1b16d3c9c',86),(194,'Slayer','http://en.wikipedia.org/wiki/Slayer','72de5171-38cf-4734-bc8a-6ac374dea523',87),(195,'Tame Impala','http://en.wikipedia.org/wiki/Tame_Impala','63aa26c3-d59b-4da4-84ac-716b54f1ef4d',24),(196,'The Allman Brothers Band','http://en.wikipedia.org/wiki/The_Allman_Brothers_Band','531c7210-0583-4380-85f9-eac1b667f1e0',88),(197,'The Misfits','http://en.wikipedia.org/wiki/The_Misfits','aec8e038-59dc-440d-a802-d20c54bdcc5c',89),(198,'The National','http://en.wikipedia.org/wiki/The_National','664c3e0e-42d8-48c1-b209-1efca19c0325',90),(199,'Bruno & Marrone','http://en.wikipedia.org/wiki/Bruno_e_Marrone','f7c823d0-c49f-40d3-84c0-edc32d045ea2',NULL),(200,'','http://en.wikipedia.org/wiki/Chit%C3%A3ozinho_e_Xoror%C3%B3',NULL,43),(201,'Elvis Presley','http://en.wikipedia.org/wiki/Elvis_Presley','01809552-4f87-45b0-afff-2c6f0730a3be',91),(203,'Gusttavo Lima','http://en.wikipedia.org/wiki/Gusttavo_Lima','48a3a1c5-8cf3-4a9a-bd5c-5082cf8d3639',92),(204,'','http://en.wikipedia.org/wiki/Jorge_e_Mateus',NULL,NULL),(205,'','http://en.wikipedia.org/wiki/Leandro_e_Leonardo',NULL,NULL),(207,'Luan Santana','http://en.wikipedia.org/wiki/Luan_Santana','70598780-d9bf-47f3-9c7e-292f8608c103',93),(208,'Lulu Santos','http://en.wikipedia.org/wiki/Lulu_Santos','dc06730e-7330-40a8-9c84-4fe3b10c9250',7),(210,'Roberto Carlos','http://en.wikipedia.org/wiki/Roberto_Carlos','cd1e613e-ae5b-4f4b-a379-9008c7bfa195',94),(211,'Roupa Nova','http://en.wikipedia.org/wiki/Roupa_Nova','6e71462e-0e62-49a8-a2d0-ec7179f58f66',7),(212,'Só Pra Contrariar','http://en.wikipedia.org/wiki/S%C3%B3_Pra_Contrariar','25e9d889-b583-489f-8bf5-b880af8593e0',95),(213,'Skank','http://en.wikipedia.org/wiki/Skank_(band)','25db5fde-2384-4baf-8e3d-d8299b4c99ef',96),(215,'Tribalistas','http://en.wikipedia.org/wiki/Tribalistas_(band)','a27207ee-a79e-4887-aa65-e644d2702f5e',NULL),(216,'Zezé Di Camargo & Luciano','http://en.wikipedia.org/wiki/Zez%C3%A9_Di_Camargo_%26_Luciano','17022e90-a743-4c5f-89b4-c9243be7b7ad',97),(218,'Godsmack','http://en.wikipedia.org/wiki/Godsmack','ac2d1c91-3667-46aa-9fe7-170ca7fce9e2',98),(219,'Matanza','http://en.wikipedia.org/wiki/Matanza_(band)','cdac8d31-3e08-44d7-9620-aa209ecf0c10',7),(221,'Ratman','http://en.wikipedia.org/wiki/RATM','6fd8573d-68e9-4cba-a7ca-56f6f7c25430',NULL),(222,'Sepultura','http://en.wikipedia.org/wiki/Sepultura','1d93c839-22e7-4f76-ad84-d27039efc048',96),(224,'Suicidal Tendencies','http://en.wikipedia.org/wiki/Suicidal_Tendencies','e9e2a634-984f-4c10-bf7b-7970179e1ef1',99),(228,'Deep Purple','http://en.wikipedia.org/wiki/Deep_Purple','4ba36a26-5624-45d7-bd9f-bdc374ec077c',100),(229,'Enya','http://en.wikipedia.org/wiki/Enya','4967c0a1-b9f3-465e-8440-4598fd9fc33c',101),(238,'Nando Reis','http://en.wikipedia.org/wiki/Nando_Reis','cda86e8a-a26a-4b3a-959c-bc9f8a88a1c1',43),(239,'Paulo Vanzolini','http://en.wikipedia.org/wiki/Paulo_Vanzolini','fb252d06-9318-401d-9516-0bbad7bd390f',43),(241,'Antônio Carlos Jobim','http://en.wikipedia.org/wiki/Tom_Jobin','7a8dbe84-f4c0-4457-bfa3-edced1f8cde0',7),(243,'Banda Calypso','http://en.wikipedia.org/wiki/Banda_Calypso','050ba21b-c1e3-49ee-9adb-f3da66882a39',NULL),(245,'Engenheiros Do Hawaii','http://en.wikipedia.org/wiki/Engenheiros_do_Hawaii','92de023e-6f08-4133-8063-c0740c855e3d',102),(246,'Evanescence','http://en.wikipedia.org/wiki/Evanescence','f4a31f0a-51dd-4fa7-986d-3095c40c5ed9',103),(250,'Jonas Brothers','http://en.wikipedia.org/wiki/Jonas_Brothers','6e019bc6-5c23-4935-94f0-4a896631d846',20),(254,'Nightwish','http://en.wikipedia.org/wiki/Nightwish','00a9f935-ba93-4fc8-a33a-993abe9c936b',104),(257,'É O Tchan','http://en.wikipedia.org/wiki/%C3%89_o_Tchan','04611209-2171-4652-98cd-e2c5e536ac04',NULL),(258,'3OH!3','http://en.wikipedia.org/wiki/3OH!3','125948ec-7f91-4d1a-8b83-accbf50fae3d',105),(259,'50 Cent','http://en.wikipedia.org/wiki/50_cent','8e68819d-71be-4e7d-b41d-f1df81b01d3f',68),(260,'ABBA','http://en.wikipedia.org/wiki/ABBA','d87e52c5-bb8d-4da8-b941-9f4928627dc8',30),(261,'AFI','http://en.wikipedia.org/wiki/AFI_(band)','1c3919b2-43ca-4a4a-935d-9d50135ec0ef',106),(262,'Avril Lavigne','http://en.wikipedia.org/wiki/Avril_Lavigne','0103c1cc-4a09-4a5d-a344-56ad99a77193',107),(263,'Backstreet Boys','http://en.wikipedia.org/wiki/Backstreet_boys','2f569e60-0a1b-4fb9-95a4-3dc1525d1aad',35),(269,'Crystal Castles','http://en.wikipedia.org/wiki/Crystal_Castles_(band)','b1570544-93ab-4b2b-8398-131735394202',17),(270,'Elton John','http://en.wikipedia.org/wiki/Elton_John','334c2c2c-2ae3-4b69-8f38-167d07f83d25',2),(273,'Fall Out Boy','http://en.wikipedia.org/wiki/Fall_Out_Boy','516cef4d-0718-4007-9939-f9b38af3f784',108),(275,'Jennifer Lopez','http://en.wikipedia.org/wiki/Jennifer_Lopez','3e518707-b079-4334-bb6e-bfde317ce4d3',109),(276,'Ke$ha','http://en.wikipedia.org/wiki/Kesha','fab34286-b8e1-4879-bce3-194e1358fbd2',20),(277,'','http://en.wikipedia.org/wiki/Kiss_band',NULL,NULL),(278,'Lady Gaga','http://en.wikipedia.org/wiki/Lady_Gaga','650e7db6-b795-4eb5-a702-5ea2fc46c848',15),(279,'','http://en.wikipedia.org/wiki/Leandro_e_Leonardo',NULL,NULL),(280,'Madonna','http://en.wikipedia.org/wiki/Madonna_(entertainer)','79239441-bfd5-4981-a70c-55c3f15c1287',15),(282,'','http://en.wikipedia.org/wiki/Metalicca',NULL,NULL),(283,'Miley Cyrus','http://en.wikipedia.org/wiki/Miley_cyrus','7e9bd05a-117f-4cce-87bc-e011527a8b18',110),(285,'Panic! at the Disco','http://en.wikipedia.org/wiki/Panic!_at_the_Disco','b9472588-93f3-4922-a1a2-74082cdf9ce8',6),(287,'Phoenix','http://en.wikipedia.org/wiki/Phoenix_(band)','02f4c1ff-65e0-4412-8e8b-6239b0faecb5',33),(288,'Plain White T\'s','http://en.wikipedia.org/wiki/Plain_White_T%27s','49576e42-fbbd-4d73-968d-93c8dcf7f065',111),(289,'Rihanna','http://en.wikipedia.org/wiki/Rihanna','69989475-2971-49aa-8c53-5d74af88b8be',NULL),(290,'Saosin','http://en.wikipedia.org/wiki/Saosin','47b8b42a-96e8-46fa-9ea6-70c5136ae971',112),(291,'Spice Girls','http://en.wikipedia.org/wiki/Spice_girls','bf0caafc-2b20-4e07-ab85-87e14ff430ce',2),(292,'Sum 41','http://en.wikipedia.org/wiki/Sum_41','f2eef649-a6d5-4114-afba-e50ab26254d2',113),(293,'t.A.T.u.','http://en.wikipedia.org/wiki/T.a.t.u.','7c20f558-d664-42bd-b6f1-81acf9dbb72d',114),(296,'The Smiths','http://en.wikipedia.org/wiki/The_smiths','40f5d9e4-2de7-4f2d-ad41-e31a9a9fea27',37),(297,'The Used','http://en.wikipedia.org/wiki/The_used','8262d8e4-9137-4bb3-a787-3caabbbc13e9',115),(298,'Usher','http://en.wikipedia.org/wiki/Usher_(entertainer)','3414d446-735a-443c-931f-10634f57e5b9',116),(302,'Bob Dylan','http://en.wikipedia.org/wiki/Bob_Dylan','25144665-e9ac-416f-aba3-0c8b4ee547d5',117),(305,'Fleetwood Mac','http://en.wikipedia.org/wiki/Fleetwood_Mac','bd13909f-1c29-4c27-a874-d4aaf27c5b1a',2),(308,'King Crimson','http://en.wikipedia.org/wiki/King_Crimson','b38225b8-8e5f-42aa-bcdc-7bae5b5bdab3',2),(310,'Moby','http://en.wikipedia.org/wiki/Moby','00810267-f0ac-45a6-ae99-0b8c9c18f3c2',118),(311,'Neil Young','http://en.wikipedia.org/wiki/Neil_Young','053e3289-1cab-4b44-9535-9ab1beb3b207',17),(316,'blink-182','http://en.wikipedia.org/wiki/Blink-182','0743b15a-3c32-48c8-ad58-cb325350befa',46),(317,'Bob Marley','http://en.wikipedia.org/wiki/Bob_Marley','41ac07cd-8c7b-4766-9422-2c772a2b027b',NULL),(318,'Chico Buarque','http://en.wikipedia.org/wiki/Chico_Buarque','3a5d1cc7-627e-48ea-aba3-fdd20d782c33',7),(319,'Hans Zimmer','http://en.wikipedia.org/wiki/Hans_Zimmer','09007862-6b59-4562-93c6-5387a724a7b0',119),(320,'Korpiklaani','http://en.wikipedia.org/wiki/Korpiklaani','50eec634-7c42-41ee-9b1f-b41d9ca28b26',120),(323,'Pixies','http://en.wikipedia.org/wiki/Pixies','b6b2bb8d-54a9-491f-9607-7b546023b433',29),(324,'Tuatha de Danann','http://en.wikipedia.org/wiki/Tuatha_de_Danann_(band)','2206529d-ccc2-4915-8485-d406723dc22d',121),(325,'Chris Brown','http://en.wikipedia.org/wiki/Chris_Brown','126759e7-ca12-4bb4-884e-eba160e9e406',122),(326,'David Guetta','http://en.wikipedia.org/wiki/David_Guetta','1bb1eec6-88c3-4028-8920-a985c4b9081a',33),(327,'Enrique Iglesias','http://en.wikipedia.org/wiki/Enrique_Iglesias','35f866dc-c061-48ba-8157-cf2e0eac4857',123),(328,'Flo Rida','http://en.wikipedia.org/wiki/Flo_Rida','02c8c7c3-391e-473d-8403-fe76477b88a9',124),(330,'','http://en.wikipedia.org/wiki/Jorge_e_Mateus',NULL,NULL),(331,'Jota Quest','http://en.wikipedia.org/wiki/Jota_Quest','2759ea9d-07c9-4901-b764-5215a7c813d1',96),(334,'Ne-Yo','http://en.wikipedia.org/wiki/Ne-yo','a4a01f5d-18e7-4571-8c3a-76ec0e24e2d7',125),(336,'Pitbull','http://en.wikipedia.org/wiki/Pitbull_(rapper)','3f7b5e3e-289a-44d7-95a7-f7ffab7a2bf2',124),(337,'','http://en.wikipedia.org/wiki/Red_Hot_Chilli_Peppers',NULL,NULL),(339,'Ylvis','http://en.wikipedia.org/wiki/Ylvis','18e9528e-a4af-4e09-9a35-ea11c7a7ae43',NULL),(340,'a-ha','http://en.wikipedia.org/wiki/A-ha','318a755f-53a4-42b0-b728-4455ec9654e8',NULL),(342,'Dire Straits','http://en.wikipedia.org/wiki/Dire_Straits','614e3804-7d34-41ba-857f-811bad7c2b7a',NULL),(343,'Ghost B.C.','http://en.wikipedia.org/wiki/Ghost_BC','8c35dc4d-f3c0-4c92-9a55-84cc6ff647e3',NULL),(345,'','http://en.wikipedia.org/wiki/MC_Daleste',NULL,NULL),(347,'Oficina G3','http://en.wikipedia.org/wiki/Oficina_G3','b397349e-1b0f-4e61-89ac-caeca5dea676',NULL),(349,'','http://en.wikipedia.org/wiki/Tom_Jobim',NULL,NULL),(350,'Chiclete Com Banana','http://en.wikipedia.org/wiki/Chiclete_com_banana','4158202e-7fa6-4056-bb83-67c66eafea03',NULL),(352,'','http://en.wikipedia.org/wiki/Red_Hot_Chilli_Peppers',NULL,NULL),(353,'Orjan Nilsen','http://en.wikipedia.org/wiki/%C3%98rjan_Nilsen','f7ba60af-39d6-4d9e-ba25-a7c47c417143',NULL),(354,'Above & Beyond','http://en.wikipedia.org/wiki/Above_%26_Beyond_(band)','370bd5a3-4abf-4356-8576-3a8fc0c11d65',NULL),(356,'Alex M.O.R.P.H.','http://en.wikipedia.org/wiki/Alex_M.O.R.P.H.','487221b2-a653-4832-89db-984890bbfdbb',NULL),(357,'Aly & Fila','http://en.wikipedia.org/wiki/Aly_%26_Fila','045bc733-e2f0-4f3b-8807-6a6d84505ea8',NULL),(358,'Andrew Rayel','http://en.wikipedia.org/wiki/Andrew_Rayel','a90cbe49-705a-49d4-931b-8a8841f431b0',NULL),(359,'Andy Moor','http://en.wikipedia.org/wiki/Andy_Moor_(DJ)','4c815fc0-2cac-457f-90a7-5f57c9dc3dcf',NULL),(361,'Arty','http://en.wikipedia.org/wiki/Arty_(musician)','52491cf4-55df-4d0f-b4d4-c3652f7e122d',NULL),(366,'Dash Berlin','http://en.wikipedia.org/wiki/Dash_Berlin','ccfa0410-bd90-4fd1-ab85-8995a57e265b',NULL),(369,'Eagles','http://en.wikipedia.org/wiki/Eagles_(band)','a4852e21-7f09-470b-b5ae-9740d939d183',NULL),(370,'Electric Light Orchestra','http://en.wikipedia.org/wiki/Electric_light_orchestra','0c502791-4ee9-4c5f-9696-0602b721ff3b',NULL),(373,'Ferry Corsten','http://en.wikipedia.org/wiki/Ferry_corsten','3547d05d-2c01-484d-a129-1b11bdc10fad',NULL),(375,'Giuseppe Ottaviani','http://en.wikipedia.org/wiki/Giuseppe_Ottaviani','2a003970-2017-4c03-8599-261d01fdee6b',NULL),(379,'John O\'Callaghan','http://en.wikipedia.org/wiki/John_O%27Callaghan_(musician)','96a19638-1eed-4d69-83ba-b2bc75bda9b9',NULL),(380,'John Williams','http://en.wikipedia.org/wiki/John_williams','044736f4-188e-47df-9ad9-a0e136ba67d2',NULL),(381,'Jorn van Deynhoven','http://en.wikipedia.org/wiki/Jorn_van_Deynhoven','39738334-731b-4103-8e51-3c58ada3933b',NULL),(382,'Journey','http://en.wikipedia.org/wiki/Journey_(band)','a26ff336-32ef-4adc-a800-3581c9a517a9',NULL),(384,'Lynyrd Skynyrd','http://en.wikipedia.org/wiki/Lynrd_Skynyrd','c544ed4d-2390-4442-a83e-1ea2883b09c8',NULL),(385,'Markus Schulz','http://en.wikipedia.org/wiki/Markus_Schulz','2125b294-dd61-416c-bd29-65543aedeaf7',NULL),(387,'Nervo','http://en.wikipedia.org/wiki/Nervo_(duo)','6fcc5601-7c5b-4d53-b982-fdaa0aa45314',NULL),(390,'Oceanlab','http://en.wikipedia.org/wiki/OceanLab','2f218143-5713-4a06-972e-093e378438db',NULL),(391,'Paul van Dyk','http://en.wikipedia.org/wiki/Paul_van_Dyk','092ca127-2e07-4cbd-9cba-e412b4ddddd9',NULL),(396,'','http://en.wikipedia.org/wiki/Red_Hot_Chilli_Peppers',NULL,NULL),(397,'Sander Van Doorn','http://en.wikipedia.org/wiki/Sander_van_Doorn','3a74e0bc-2055-44d6-a00e-bbc1176b7c26',NULL),(398,'Simon Patterson','http://en.wikipedia.org/wiki/Simon_Patterson_(musician)','b9c4d4af-dd2d-4374-962d-4e2dca189ca7',NULL),(399,'Supertramp','http://en.wikipedia.org/wiki/Supertramp','d2ff6b6b-fc30-48dc-8952-06f9d8fc64f8',NULL),(402,'The Trammps','http://en.wikipedia.org/wiki/The_Trammps','8799413d-7df8-4eb9-8542-af8cea6b0feb',NULL),(403,'The Who','http://en.wikipedia.org/wiki/The_Who','9fdaa16b-a6c4-4831-b87c-bc9ca8ce7eaa',NULL),(405,'Tim Maia','http://en.wikipedia.org/wiki/Tim_Maia','446ac261-09ae-43f4-a7e1-2c753c0813ce',NULL),(406,'Ummet Ozcan','http://en.wikipedia.org/wiki/Ummet_Ozcan','9f1560de-9a9d-482b-afa0-99938e688330',NULL),(407,'W&W','http://en.wikipedia.org/wiki/W%26W','1a7b1a1f-642a-4c7b-826e-4ac8e518ad19',NULL),(409,'ZZ Top','http://en.wikipedia.org/wiki/Zz_top','a81259a0-a2f5-464b-866e-71220f2739f1',NULL),(411,'Cat Stevens','http://en.wikipedia.org/wiki/Cat_Stevens','5adb8b74-54b8-4700-836e-550b6a2a2f71',NULL),(418,'Megadeth','http://en.wikipedia.org/wiki/Megadeth','a9044915-8be3-4c7e-b11f-9e2d2ea0a91e',NULL),(421,'30 Seconds to Mars','http://en.wikipedia.org/wiki/30_Seconds_to_Mars','b898f22d-1d89-4d19-8581-8f7bd9ddb0a6',NULL),(424,'Alt-J','http://en.wikipedia.org/wiki/Alt_J','fc7bbf00-fbaa-4736-986b-b3ac0266ca9b',NULL),(428,'Beyoncé','http://en.wikipedia.org/wiki/Beyonce','183105b5-3e68-4748-9086-2c1c11bf7a3d',NULL),(430,'Bombay Bicycle Club','http://en.wikipedia.org/wiki/Bombay_Bicycle_Club','0ae49abe-d6af-44fa-8ab0-b9ace5690e6f',NULL),(432,'Canon Blue','http://en.wikipedia.org/wiki/Canon_Blue','eb7e56ad-0306-4f32-9812-4538a0964b42',NULL),(433,'','http://en.wikipedia.org/wiki/Cansei_de_ser_sexy',NULL,NULL),(436,'Ellie Goulding','http://en.wikipedia.org/wiki/Ellie_Goulding','33ca19f4-18c8-4411-98df-ac23890ce9f5',NULL),(439,'Foals','http://en.wikipedia.org/wiki/Foals','6a65d878-fcd0-42cf-aff9-ca1d636a8bcc',NULL),(443,'Katy Perry','http://en.wikipedia.org/wiki/Katy_Perry','122d63fc-8671-43e4-9752-34e846d62a9c',NULL),(445,'','http://en.wikipedia.org/wiki/Leandro_e_Leonardo',NULL,NULL),(447,'Michael Jackson','http://en.wikipedia.org/wiki/Michael_Jackson','210769a3-4aca-4199-a2e1-676ef376e078',NULL),(453,'','http://en.wikipedia.org/wiki/Sandy_e_Junior',NULL,NULL),(458,'The xx','http://en.wikipedia.org/wiki/The_xx','c5c2ea1c-4bde-4f4d-bd0b-47b200bf99d6',NULL),(459,'Two Door Cinema Club','http://en.wikipedia.org/wiki/Two_Door_Cinema_Club','6f1de078-6684-4792-820d-2ffad64c15ed',NULL),(460,'Vampire Weekend','http://en.wikipedia.org/wiki/Vampire_Weekend','af37c51c-0790-4a29-b995-456f98a6b8c9',NULL),(461,'Albert Hammond, Jr.','http://en.wikipedia.org/wiki/Albert_Hammond,_Jr.','a0498514-c21c-4e85-8dbf-a1b92374a06b',NULL),(465,'Babyshambles','http://en.wikipedia.org/wiki/Babyshambles','8e1e03fe-ebbc-467a-b541-857144db10fb',NULL),(466,'Best Coast','http://en.wikipedia.org/wiki/Best_Coast','5ab8835e-ac44-4055-9c11-7878199606b5',NULL),(467,'Björk','http://en.wikipedia.org/wiki/Bj%C3%B6rk','87c5dedd-371d-4a53-9f7f-80522fb7f3cb',NULL),(469,'Bon Iver','http://en.wikipedia.org/wiki/Bon_Iver','437a0e49-c6ae-42f6-a6c1-84f25ed366bc',NULL),(470,'Breakbot','http://en.wikipedia.org/wiki/Breakbot','64c9974f-20a9-491d-bd94-2168cd738e2a',NULL),(471,'CSS','http://en.wikipedia.org/wiki/CSS_(band)','23b58ea2-1cc3-468a-9e76-5027e196e851',NULL),(472,'Cage the Elephant','http://en.wikipedia.org/wiki/Cage_the_Elephant','b41b38d4-ef3e-4f37-8c75-cfe9af999696',NULL),(473,'Cake','http://en.wikipedia.org/wiki/Cake','e78260a0-bdce-4348-9542-cfad7b152cd8',NULL),(474,'Carissa\'s Wierd','http://en.wikipedia.org/wiki/Carissa%27s_Wierd','4bd31567-70a8-4007-9ac6-3c68c7fc3d45',NULL),(475,'The Courteeners','http://en.wikipedia.org/wiki/Courteeners','1975afe1-8ad0-4ba0-a4a4-d3acd2ba9d5b',NULL),(477,'Cults','http://en.wikipedia.org/wiki/Cults_(band)','4c671d5a-7027-4398-8055-03e61d1a3967',NULL),(479,'Delta Spirit','http://en.wikipedia.org/wiki/Delta_Spirit','574a5acd-3e0a-418b-9a8e-fb260be389bf',NULL),(480,'Detektivbyrån','http://en.wikipedia.org/wiki/Detektivbyr%C3%A5n','0f716769-a803-44a5-bb5c-cd9d563716dd',NULL),(486,'HAIM','http://en.wikipedia.org/wiki/Haim_(band)','6da01dec-d03c-492f-8f22-3969ea340888',NULL),(487,'Interpol','http://en.wikipedia.org/wiki/Interpol_(band)','b23e8a63-8f47-4882-b55b-df2c92ef400e',NULL),(488,'Jake Bugg','http://en.wikipedia.org/wiki/Jake_Bugg','0d9905e6-add6-4713-94ca-9f686f9b5e9b',NULL),(489,'Julian Casablancas','http://en.wikipedia.org/wiki/Julian_Casablancas','c5ce487b-0462-444e-a184-4de0fef7e028',NULL),(490,'Justice','http://en.wikipedia.org/wiki/Justice','31a88d29-827e-4c67-ad46-e47fab0de3c1',NULL),(491,'Justin Bieber','http://en.wikipedia.org/wiki/Justin_Bieber','e0140a67-e4d1-4f13-8a01-364355bee46e',NULL),(492,'Kaiser Chiefs','http://en.wikipedia.org/wiki/Kaiser_Chiefs','90218af4-4d58-4821-8d41-2ee295ebbe21',NULL),(493,'Kakkmaddafakka','http://en.wikipedia.org/wiki/Kakkmaddafakka','4ecdfa5d-5516-46ef-8e9b-b15792ed88c3',NULL),(494,'Kasabian','http://en.wikipedia.org/wiki/Kasabian','69b39eab-6577-46a4-a9f5-817839092033',NULL),(495,'Kid Cudi','http://en.wikipedia.org/wiki/Kid_Cudi','57b08602-7ea7-4a6d-a93c-72cb1ae0053c',NULL),(496,'Kings of Convenience','http://en.wikipedia.org/wiki/Kings_of_Convenience','cf0f4547-ffbd-4011-98ad-0bec9ba022db',NULL),(498,'Little Joy','http://en.wikipedia.org/wiki/Little_Joy','68a0067a-7a3a-43d3-bd91-391ea7600d8c',NULL),(499,'Locksley','http://en.wikipedia.org/wiki/Locksley_(band)','8f5bb862-f2a2-416c-b692-d7565d962942',NULL),(501,'M83','http://en.wikipedia.org/wiki/M83_(band)','6d7b7cd4-254b-4c25-83f6-dd20f98ceacd',NULL),(502,'MGMT','http://en.wikipedia.org/wiki/MGMT','50e6288e-3db5-4253-ae51-5e8738ef2c31',NULL),(505,'Neutral Milk Hotel','http://en.wikipedia.org/wiki/Neutral_Milk_Hotel','a506f761-2c22-4b2f-8a94-bd748c2c8f75',NULL),(506,'Of Monsters and Men','http://en.wikipedia.org/wiki/Of_Monsters_and_Men','9e103f85-7af7-41d7-b83b-49ba8f0c5abf',NULL),(507,'One Direction','http://en.wikipedia.org/wiki/One_Direction','1a425bbd-cca4-4b2c-aeb7-71cb176c828a',NULL),(508,'Passion Pit','http://en.wikipedia.org/wiki/Passion_Pit','daeec599-bf5d-4428-994a-e76ba5f86e2f',NULL),(511,'The Raconteurs','http://en.wikipedia.org/wiki/Raconteurs','be407b02-f3e6-4ed5-9489-f8e5f0ab36dc',NULL),(513,'','http://en.wikipedia.org/wiki/Rebbeca_Black',NULL,NULL),(518,'The Cribs','http://en.wikipedia.org/wiki/The_Cribs','a3a92047-be1c-4f3e-8960-c4f8570984df',NULL),(519,'The Enemy','http://en.wikipedia.org/wiki/The_Enemy_(UK_band)','0a02e70e-db2f-4cfe-a646-e8ced413f7d5',NULL),(520,'The Films','http://en.wikipedia.org/wiki/The_Films_(band)','a43dccad-c63f-49e5-b342-f96debc02ac4',NULL),(521,'The Flaming Lips','http://en.wikipedia.org/wiki/The_Flaming_Lips','1f43d76f-8edf-44f6-aaf1-b65f05ad9402',NULL),(522,'The Fratellis','http://en.wikipedia.org/wiki/The_Fratellis','5ccb7bf1-4e5d-44fe-94fe-a15eeffa2335',NULL),(524,'The Kills','http://en.wikipedia.org/wiki/The_Kills','2c629b8c-d751-4131-b785-5690bb5e0fd7',NULL),(526,'The Last Shadow Puppets','http://en.wikipedia.org/wiki/The_Last_Shadow_Puppets','8a3e1c4f-59a8-457a-826c-fe961419a8ae',NULL),(528,'The Paddingtons','http://en.wikipedia.org/wiki/The_Paddingtons','160d505d-0930-47e5-9093-b7efd64c8b8d',NULL),(529,'The Pixies Three','http://en.wikipedia.org/wiki/The_Pixies','b95a3a1d-7bba-403e-b106-5435c04acd91',NULL),(530,'The Royal Concept','http://en.wikipedia.org/wiki/The_Royal_Concept','4a4898e8-0c6c-46dd-b190-8cdf580b0965',NULL),(531,'Royalty','http://en.wikipedia.org/wiki/The_Royalty','0a77bad9-0f8a-49d9-b76c-c9c90d5ccee9',NULL),(532,'The Soft Pack','http://en.wikipedia.org/wiki/The_Soft_Pack','0c9c3cd1-8461-4c3f-bde1-23f181ddee0c',NULL),(534,'The Vaccines','http://en.wikipedia.org/wiki/The_Vaccines','aa76ec08-45ab-4724-9411-d80b0e59ac59',NULL),(535,'The View','http://en.wikipedia.org/wiki/The_View_(band)','4dcffc18-b573-4850-833c-d08e2b7e93b3',NULL),(536,'The Virgins','http://en.wikipedia.org/wiki/The_Virgins','c3e89532-db13-45df-9e5d-82bd2a7100d4',NULL),(537,'The Libertines','http://en.wikipedia.org/wiki/The_libertines','82b304c0-7da4-45d3-896a-0767c7ae1141',NULL),(540,'Weezer','http://en.wikipedia.org/wiki/Weezer','6fe07aa5-fec0-4eca-a456-f29bff451b04',NULL),(541,'White Lies','http://en.wikipedia.org/wiki/White_Lies_(band)','5bdb38bd-5c5b-4d0f-8901-8bbe1d7062d8',NULL),(547,'Macklemore & Ryan Lewis','http://en.wikipedia.org/wiki/Macklemore','97b226c8-7140-4da3-91ac-15e62e131a81',NULL),(548,'Men at Work','http://en.wikipedia.org/wiki/Men_at_Work','395cc503-63b5-4a0b-a20a-604e3fcacea2',NULL),(555,'Charlie Parker','http://en.wikipedia.org/wiki/Charlie_Parker','3c3cec7c-97ea-4fc9-bfd7-813bbb9add44',NULL),(556,'Chet Baker','http://en.wikipedia.org/wiki/Chet_Baker','1ba1d493-7114-45e2-b163-a36d49a0c065',NULL),(558,'','http://en.wikipedia.org/wiki/David_Matthews_Band',NULL,NULL),(567,'John Coltrane','http://en.wikipedia.org/wiki/John_Coltrane','b625448e-bf4a-41c3-a421-72ad46cdb831',NULL),(569,'Johnny Cash','http://en.wikipedia.org/wiki/Johnny_Cash','d43d12a1-2dc9-4257-a2fd-0a3bb1081b86',NULL),(582,'Ray Charles','http://en.wikipedia.org/wiki/Ray_Charles','2ce02909-598b-44ef-a456-151ba0a3bd70',NULL),(586,'Simon & Garfunkel','http://en.wikipedia.org/wiki/Simon_and_Garfunkel','5d02f264-e225-41ff-83f7-d9b1f0b1874a',NULL),(587,'The Animals','http://en.wikipedia.org/wiki/The_Animals','4d8afa16-4018-4ca8-8b5e-ede8f9314562',NULL),(588,'The Cure','http://en.wikipedia.org/wiki/The_Cure','69ee3720-a7cb-4402-b48d-a02c366f2bcf',NULL),(591,'The Mamas & the Papas','http://en.wikipedia.org/wiki/The_Mamas_%26_the_Papas','04dec8a2-8a41-49a9-b8f5-f7c6d01400ca',NULL),(601,'Snow Patrol','http://en.wikipedia.org/wiki/Snow_patrol','a66999a7-ae5c-460e-ba94-1a01143ae847',NULL),(614,'Avenged Sevenfold','http://en.wikipedia.org/wiki/Avenged_Sevenfold','24e1b53c-3085-4581-8472-0b0088d2508c',NULL),(624,'Rammstein','http://en.wikipedia.org/wiki/Rammstein','b2d122f9-eadb-4930-a196-8f221eeb0c66',NULL);
/*!40000 ALTER TABLE `ArtistaMusical` ENABLE KEYS */;
UNLOCK TABLES;

--
-- Table structure for table `ArtistaMusicalSemelhante`
--

DROP TABLE IF EXISTS `ArtistaMusicalSemelhante`;
/*!40101 SET @saved_cs_client     = @@character_set_client */;
/*!40101 SET character_set_client = utf8 */;
CREATE TABLE `ArtistaMusicalSemelhante` (
  `id` int(11) NOT NULL AUTO_INCREMENT,
  `nome_artistico` varchar(255) NOT NULL,
  `mbid` varchar(255) DEFAULT NULL,
  PRIMARY KEY (`id`)
) ENGINE=InnoDB AUTO_INCREMENT=1134 DEFAULT CHARSET=latin1;
/*!40101 SET character_set_client = @saved_cs_client */;

--
-- Dumping data for table `ArtistaMusicalSemelhante`
--

LOCK TABLES `ArtistaMusicalSemelhante` WRITE;
/*!40000 ALTER TABLE `ArtistaMusicalSemelhante` DISABLE KEYS */;
INSERT INTO `ArtistaMusicalSemelhante` VALUES (1,'Janne Da Arc','e6a1e19c-1a24-476f-af69-6308cd33cddf'),(2,'hyde','0cdf118f-c507-477d-8c7c-5079810b2b57'),(3,'Vamps','251fd459-bb8e-440d-b51b-017ba8cfe01d'),(4,'Duel Jewel','31c2bbcc-4713-4105-ab71-a216235e1ea6'),(5,'Gnarls Barkley','a47c3aa2-7d87-475c-a2c7-1e2047dafb09'),(6,'Beastie Boys','9beb62b2-88db-4cea-801e-162cd344ee53'),(7,'Cibo Matto','dc4968ba-1fe0-43b9-bba0-81c09acd6326'),(8,'Death in Vegas','5b32946a-4c08-4a75-b1b1-60700470671f'),(9,'Massive Attack','10adbe5e-a2c0-4bf3-8249-2b4cbf6e6ca8'),(10,'the GazettE','8d4c13de-6e61-4a8e-ac4d-d0e1996bcef8'),(11,'X JAPAN','3f77449d-48e4-4ceb-b869-69af48da877b'),(12,'RENTRER EN SOI','c4fe6be5-758c-4ab3-81c8-f55943514925'),(13,'???','0da0f48c-3689-4c38-bf4a-c5b50d516689'),(14,'Aqua Timez','c502a882-ea55-4bdf-b6e0-a95330e14682'),(15,'UVERworld','a107bff6-58da-4302-83ad-317e86a1811c'),(16,'HIGH and MIGHTY COLOR','23b8b593-44ab-4ecc-bb56-07b9789bbd4e'),(17,'HOME MADE ??','3b390d43-1c2d-4198-b0a0-86a670a90819'),(18,'Flow','0b97a369-1509-4e7a-8fbd-0e2edd0d732e'),(19,'George Harrison','42a8f507-8412-4611-854f-926571049fa0'),(20,'Ringo Starr','300c4c73-33ac-4255-9d57-4e32627f5e13'),(21,'John Lennon','4d5447d7-c61c-4120-ba1b-d7f471d385b9'),(22,'The Beatles','b10bbbfc-cf9e-42e0-be17-e2c3e1d2600d'),(23,'Harry Nilsson','e5963d26-01fa-40f5-b200-e0127f410a45'),(24,'Freddie Mercury','022589ac-7177-460d-a178-9976cf70e29f'),(25,'Brian May','232934cf-4e97-4835-ab4a-df6287acd203'),(26,'The Darkness','81df2271-03a1-46a3-bb30-cce187235312'),(27,'Billy Idol','47c8f88b-987a-4b64-9175-2b1b57809727'),(28,'Revo & ????',NULL),(29,'????','d02974dc-b4dc-4691-9705-33929ac731e1'),(30,'Linked Horizon','cbb66a80-a3db-4c2f-a9a1-62a16f579712'),(31,'?????','3c2f9f5c-7fef-448e-bef3-ff2c50604537'),(32,'Asriel','c29e0876-e04b-43f7-a02b-579c3d3825ac'),(33,'The Hollies','d4305549-6b4e-4a57-b24d-8af0743fe191'),(34,'The Zombies','230ca093-1d00-4c57-9235-147942f66930'),(35,'The Kinks','17b53d9f-5c63-4a09-a593-dde4608e0db9'),(36,'The Animals','4d8afa16-4018-4ca8-8b5e-ede8f9314562'),(37,'The Monkees','b8549efe-f4fd-4dc0-8ef1-226e9c400233'),(38,'Kaiser Chiefs','90218af4-4d58-4821-8d41-2ee295ebbe21'),(39,'Babyshambles','8e1e03fe-ebbc-467a-b541-857144db10fb'),(40,'Franz Ferdinand','aa7a2827-f74b-473c-bd79-03d065835cf7'),(41,'The Kooks','c41c6a32-cd7e-4cce-8859-559efdd457b3'),(42,'Neon Trees','16243662-8538-4746-a0fb-0d15b5828b8e'),(43,'Young The Giant','7fe96b15-5608-430e-ad25-77a01353c5d9'),(44,'Foster the People','e0e1a584-dd0a-4bd1-88d1-c4c62895039d'),(45,'Of Monsters and Men','9e103f85-7af7-41d7-b83b-49ba8f0c5abf'),(46,'Walk the Moon','4d6ca529-530e-480f-b4bc-18e78eb58a7d'),(47,'Cazuza','e554daf4-4ad0-438f-a7f9-832519451fd2'),(48,'Cássia Eller','b3b9eb0c-d0b4-4570-b816-4e05e308b444'),(49,'Lobão','7e3f7bff-eb80-40a9-a335-956d74bee54c'),(50,'Pato Fu','e6abe447-5f3c-4133-81b6-1cd4f0ba09dc'),(51,'Marcelo Camelo','a93df1fc-6d82-403b-ab4a-61791171dea8'),(52,'Coldplay','cc197bad-dc9c-440d-a5b5-d52ba2e14234'),(53,'Placebo','81b9963b-7ff7-47f7-9afb-fe454d8db43c'),(54,'Keane','c7020c6d-cae9-4db3-92a7-e5c561cbad50'),(55,'The Verve','d4d17620-fd97-4574-92a8-a2cb7e72ce42'),(56,'Ministry','13df2a46-f72f-40e7-aa63-26fcf62c7048'),(57,'Marilyn Manson','5dfdca28-9ddc-4853-933c-8bc97d87beec'),(58,'KMFDM','45074d7c-5307-44a8-854f-ae072e1622ae'),(59,'Trent Reznor','bc880664-6751-4998-984d-ebdbff15d229'),(60,'Black Light Burns','a33ecf1b-a4ed-43e4-b6ab-26623b40cfad'),(61,'Foo Fighters','67f66c07-6e61-4026-ade5-7e782fad3a5d'),(62,'Meat Puppets','3df040ee-2b8b-446b-937a-3f86f4b2cabf'),(63,'Alice in Chains','4bd95eea-b9f6-4d70-a36c-cfea77431553'),(64,'Soundgarden','153c9281-268f-4cf3-8938-f5a4593e5df4'),(65,'Temple of the Dog','e9571c17-817f-4d34-ae3f-0c7a96f822c1'),(66,'Suede','afcca32f-c202-4f18-8951-af79d483791a'),(67,'Manic Street Preachers','32efea44-6cb5-4b4f-bdaa-c8b8f6cef981'),(68,'Interpol','b23e8a63-8f47-4882-b55b-df2c92ef400e'),(69,'Pulp','76b2e842-5e85-4c97-ab62-d5bc315595b5'),(70,'Kyuss','ea0f2a37-7007-4217-a812-396227f5013a'),(71,'Monster Magnet','a0955511-1324-4e9b-834f-e1e140502850'),(72,'Mondo Generator','ddfa5ecf-fa16-4941-9573-a7897424d33b'),(73,'Eagles of Death Metal','de11b037-d880-40e0-8901-0397c768c457'),(74,'Them Crooked Vultures','4bc09c51-5d42-4c93-9ba6-8cc21a0edb8d'),(75,'Thom Yorke','8ed2e0b3-aa4c-4e13-bec3-dc7393ed4d6b'),(76,'Doves','9de8f66e-3cd1-4f11-8328-38200f0612b0'),(77,'Elbow','3cb3928a-526c-4a3d-93c5-53315fa9bde0'),(78,'Mercury Rev','7b1cf87e-c54f-4abc-893d-90245a31900d'),(79,'The White Stripes','11ae9fbb-f3d7-4a47-936f-4c0a04d3b3b5'),(80,'The Raconteurs','be407b02-f3e6-4ed5-9489-f8e5f0ab36dc'),(81,'Dan Auerbach','fa4f4b89-3ddc-4e97-88fa-0e30121f986a'),(82,'Soledad Brothers','db9fbcdb-8585-4a18-97bf-42ceaa37b3d4'),(83,'Razorlight','f2cb0435-d643-4fab-9587-fdb0279330a7'),(84,'Arctic Monkeys','ada7a83c-e3e1-40f1-93f9-3e73dbc9298a'),(85,'The Fratellis','5ccb7bf1-4e5d-44fe-94fe-a15eeffa2335'),(86,'Julian Casablancas','c5ce487b-0462-444e-a184-4de0fef7e028'),(87,'The Libertines','82b304c0-7da4-45d3-896a-0767c7ae1141'),(88,'The Hives','487bfd74-71bf-46dd-b89c-80b7a0f06f2f'),(89,'Sunny Hill','da04f088-9882-45e0-b1cb-5d185bb6fa24'),(90,'Sistar','f5bff650-07d0-4f8c-bf48-45497f465b79'),(91,'miss A','5676c373-0569-4e64-9ac7-1ece03891334'),(92,'Rania','fba08649-5140-4cfe-ac35-868b6a2a335f'),(93,'Ivete Sangalo','d553e89c-3c2a-4f10-9ce1-9eaa74de0129'),(94,'Babado Novo','cdcebe85-58ce-4d49-8031-b3ec27793354'),(95,'Banda Eva','38e2bd6c-c8f0-4e63-ae1e-ccbd2e085772'),(96,'Kelly Key','d3325b80-7fa4-41fb-81a3-0fc6552feeb0'),(97,'Leandro Lopes',NULL),(98,'Sydney Blu','a4d048ef-2088-4c8c-a2dd-145b77dac217'),(99,'Wolfgang Gartner','fc3f7bc9-8ced-48e3-8d6d-66384e9e01dc'),(100,'Deadmau5 & Kaskade',NULL),(101,'BSOD','46329df9-9860-44b3-b17f-70df5207bc37'),(102,'Moguai','0137acdb-40a4-484c-b2f9-a839c9b1e485'),(103,'D12','9ab19acf-06d9-4c92-bd5a-8c945488d45b'),(104,'Obie Trice','c0f98b1d-1133-46d6-ab05-723a95cb5453'),(105,'50 Cent','8e68819d-71be-4e7d-b41d-f1df81b01d3f'),(106,'2Pac','382f1005-e9ab-4684-afd4-0bdae4ee37f2'),(107,'Papa Roach','c5eb9407-caeb-4303-b383-6929aa94021c'),(108,'P.O.D.','57e79d57-b795-475e-9fa2-5dd9d5513b8c'),(109,'Limp Bizkit','8f9d6bb2-dba4-4cca-9967-cc02b9f4820c'),(110,'Alien Ant Farm','8ac6cc32-8ddf-43b1-9ac4-4b04f9053176'),(111,'Korn','ac865b2e-bba8-4f5a-8756-dd40d5e39f46'),(112,'Immediate Music',NULL),(113,'Globus','484bdea6-8ee4-4365-a561-34a50cd5a12f'),(114,'X-Ray Dog','20801b3b-f1d3-4677-ab12-4fd60c365999'),(115,'E.S. Posthumus','391c9402-6688-4c3d-8f3d-d320d31b4de9'),(116,'Thomas Bergersen',NULL),(117,'Dirty Dike','8bda4d0d-ed5b-4347-a9d3-f3349d9706f6'),(118,'Leaf Dog',NULL),(119,'Rum Committee',NULL),(120,'Chester P','4089b37b-293b-4f17-b30e-f822e2f3c24f'),(121,'Porter Robinson','4ae36ade-1798-48c4-b06b-cc68b7d3d83f'),(122,'Madeon','fa1de503-aba7-41fa-a1ed-371b3e87a717'),(123,'Knife Party','82a8aee6-0772-4399-9238-b5903eab413f'),(124,'Kaskade','29ed4a49-fb99-4a5c-8713-609cabe6f34a'),(125,'Aerosmith','3d2b98e5-556f-4451-a3ff-c50ea18d57cb'),(126,'Led Zeppelin','678d88b2-87b0-403b-b63d-5da7465aecc3'),(127,'Deep Purple','79491354-3d83-40e3-9d8e-7592d58d790a'),(128,'Airbourne','5365f55c-b1e1-48f9-b09f-078f7a14cb1f'),(129,'Alice Cooper','4d7928cd-7ed2-4282-8c29-c0c9f966f1bd'),(130,'Gamma Ray','8766cdd6-066c-4b14-ba53-c7958e613bad'),(131,'Blind Guardian','7fa7fc04-1011-4876-8095-ecd232edea87'),(132,'HammerFall','abf5f674-dbad-4219-b3ad-dbd6fb163c8e'),(133,'Rage','2a90aa9c-d2ff-49fd-a8e5-2463f657eb45'),(134,'Judas Priest','6b335658-22c8-485d-93de-0bc29a1d0349'),(135,'Black Sabbath','5182c1d9-c7d2-4dad-afa0-ccfeada921a8'),(136,'Dio','8246a442-730e-4edf-ad9a-f0b855a5c07d'),(137,'Saxon','bbd80354-597e-4d53-94e4-92b3a7cb8f2c'),(138,'Motörhead','57961a97-3796-4bf7-9f02-a985a8979ae9'),(139,'The Butterfly Effect','1fb29fcd-28a1-4ace-b5f2-431d085ee9e1'),(140,'Dead Letter Circus','a92f9025-b15e-460c-8cc4-4784c8d66f39'),(141,'Cog','b428aa57-4540-4eb5-923d-b99d75c9b775'),(142,'Fair to Midland','ba8d1520-6bee-4a8a-a413-46d58e863201'),(143,'Floating Me','0fdf9e68-4d34-40a8-b6cb-bd5282eb5d25'),(144,'Slayer','72de5171-38cf-4734-bc8a-6ac374dea523'),(145,'Megadeth','a9044915-8be3-4c7e-b11f-9e2d2ea0a91e'),(146,'Pantera','541f16f5-ad7a-428e-af89-9fa1b16d3c9c'),(147,'Ayreon','7bbfd77c-1102-4831-9ba8-246fb67460b3'),(148,'Evergrey','40842674-a794-4580-a0f5-e43d5b600729'),(149,'Dream Theater','28503ab7-8bf2-4666-a7bd-2644bfc7cb1d'),(150,'Liquid Tension Experiment','bc641be9-ca36-4c61-9394-5230433f6646'),(151,'Queensrÿche','deeea939-7f89-4762-b09f-79269cd70d3b'),(152,'Panic! At the Disco','b9472588-93f3-4922-a1a2-74082cdf9ce8'),(153,'Fall Out Boy','516cef4d-0718-4007-9939-f9b38af3f784'),(154,'Hey Monday','fb45c8d9-4c85-4edf-b41b-af69ad344735'),(155,'Boys Like Girls','d6e65033-b56a-49df-8744-6fc3ffd75edd'),(156,'VersaEmerge','e2b0ff88-ab0b-46b3-be3f-54a0c6124921'),(157,'Between the Buried and Me','1870fb43-50f1-4660-a879-bb596d1519b6'),(158,'The Human Abstract','04762fb6-7671-4b1a-9d24-b39e88592741'),(159,'The Fall of Troy','8d3ee4ba-be21-470c-bb7c-4c124c3eb989'),(160,'The Dillinger Escape Plan','1bc41dff-5397-4c53-bb50-469d2c277197'),(161,'Periphery','620d6881-8cdd-4bc3-829c-150b85df6e9b'),(162,'Fellsilent','326b5270-ae05-4660-a1e9-c602d8c0a66d'),(163,'Textures','27672880-726b-423d-8456-72b8f404710f'),(164,'Animals as Leaders','5c2d2520-950b-4c78-84fc-78a9328172a3'),(165,'Bulb','4776e00a-b174-40fd-9ce1-68871c831252'),(166,'Vildhjarta','a75f009f-7234-4f69-81a2-c1f7492f4106'),(167,'TesseracT','acaede2d-f652-4a37-9ce0-efd994a3e678'),(168,'Uneven Structure','03759996-685b-4713-a35b-d54dbd3e7e4d'),(169,'The Algorithm','77d71b20-17a7-4945-b184-4a9871416fee'),(170,'Guns N\' Roses','eeb1195b-f213-4ce1-b28c-8565211f8e43'),(171,'Kiss','98b67ebc-5606-4cdb-9787-47b12cceb101'),(172,'AC/DC','66c662b6-6e2f-4930-8610-912e24c63ed1'),(173,'Ted Nugent','e491fae8-3a5a-438e-8368-925753fb41a1'),(174,'Velvet Revolver','3a528006-1429-47f4-ae9b-2ea95343e16a'),(175,'Chris Cornell','cbf9738d-8f81-4a92-bc64-ede09341652d'),(176,'Stone Temple Pilots','8c32bb01-58a3-453b-8050-8c0620edb0e5'),(177,'Creed','4b1a830b-0a1f-42e5-b8d5-1d6743912e99'),(178,'Swedish House Mafia','99075985-0d80-4692-a15e-b16f78831792'),(179,'Tim Berg','6307869f-704d-4cda-837e-ffa33d716e98'),(180,'Zedd','56c4b861-0922-4c3a-a9b9-3bfcb00f8274'),(181,'Hardwell','170d6637-36e0-49dd-a225-c4fd5b77a285'),(182,'Def Leppard','7249b899-8db8-43e7-9e6e-22f1e736024e'),(183,'Europe','3b90c888-34dd-406b-bad7-4cbaf768b3df'),(184,'Richie Sambora','3ae4a23a-80a2-408f-9079-d6571c2525ae'),(185,'Chris Cornwell',NULL),(186,'Cassius','256160e8-37fd-4f8c-a3ef-530ebbaa4b3d'),(187,'Basement Jaxx','28cbf94d-0700-4095-a188-37e373b069a7'),(188,'Les Rythmes Digitales','825836b9-af8b-4449-b078-d51fad0db73e'),(189,'Justice','31a88d29-827e-4c67-ad46-e47fab0de3c1'),(190,'The Chemical Brothers','1946a82a-f927-40c2-8235-38d64f50d043'),(191,'Derek and the Dominos','2155a81a-f0c6-417a-9b16-2f86f98bb8bc'),(192,'J.J. Cale','4b0be624-6b87-47e8-bbf0-588a2c6c0439'),(193,'Canned Heat','815a0279-558c-4522-ac3b-6a1e259e95b5'),(194,'John Mayall & The Bluesbreakers','4756395c-57ed-4a63-afb2-01117f14dff6'),(195,'Kate Nash','49018fd2-95ef-4f7e-92bb-813159909314'),(196,'Ellie Goulding','33ca19f4-18c8-4411-98df-ac23890ce9f5'),(197,'Bat for Lashes','10000730-525f-4ed5-aaa8-92888f060f5f'),(198,'The Ting Tings','e618770f-e994-41c3-856f-1eedf56b6d74'),(199,'Marina and The Diamonds','7f3d82ee-3817-4367-9eec-f33a312247a1'),(200,'Nicky Romero','9d5370f0-b4cf-46c2-86f8-b2c342b296e8'),(201,'Afrojack','a3ee920f-4e7f-4993-8aca-4b8538cfaa4a'),(202,'Alesso','addb00fd-733c-4223-8fdf-f78be2488acd'),(203,'Avicii','c85cfd6b-b1e9-4a50-bd55-eb725f04f7d5'),(204,'OneRepublic','c33c2065-b1c3-4406-b066-d33a9e2ea71a'),(205,'Kara\'s Flowers','0407a14a-8430-489d-8c26-e6a328bd93d4'),(206,'Train','bfd5aec5-62a2-4560-a316-7c46c17babda'),(207,'The Script','4c98aa1b-34eb-4336-987f-5e50aa059c00'),(208,'Fliptrix','ee2fa6c2-6e19-4936-8a4d-e5a0840b7912'),(209,'Seether','fbcd7b29-455f-49e6-9c4f-8249d20a055e'),(210,'3 Doors Down','2386cd66-e923-4e8e-bf14-2eebe2e9b973'),(211,'Theory of a Deadman','183e636e-d41c-43fe-a428-8a034eb20c7b'),(212,'Puddle of Mudd','ff460a70-fdf4-4aa2-b021-8a04da76d88e'),(213,'Noel Gallagher','6493ed80-8b44-49fa-91de-e7b0a0b57d6d'),(214,'Beady Eye','a0e10984-0eca-4920-a171-5fd7a62ee069'),(215,'The Stone Roses','b5fa29f1-6c22-4321-a488-b5f363b06b06'),(216,'Stereophonics','0bfba3d3-6a04-4779-bb0a-df07df5b0558'),(217,'David Gilmour','1dce970e-34bc-48b2-ab51-48d87544a4c2'),(218,'Roger Waters','0f50beab-d77d-4f0f-ac26-0b87d3e9b11b'),(219,'Nick Mason','d6c37074-0155-46a3-8af2-338a4f625afc'),(220,'Jethro Tull','ece57992-dc2e-4f67-a269-fa43626c1a3d'),(221,'Genesis','112ea791-90a5-4665-af51-93ce47dc503b'),(222,'Fishbone','9f3764c0-c9f4-4e20-b7a8-9993124fb1b2'),(223,'311','bf600e2b-dc2d-4839-a1be-6ebef4087cd0'),(224,'Primus','84dc4f23-c0b8-4fe1-bbca-a3993ddc8fc2'),(225,'Rage Against the Machine','3798b104-01cb-484c-a3b0-56adc6399b80'),(226,'Jane\'s Addiction','e3434cc7-d348-491a-9dc8-325af3d9086d'),(227,'Green Day','084308bd-1654-436f-ba03-df6697104e19'),(228,'Bad Religion','149e6720-4e4a-41a4-afca-6d29083fc091'),(229,'NOFX','dcaa4f81-bfb7-44eb-8594-4e74f004b6e4'),(230,'Rancid','24f8d8a5-269b-475c-a1cb-792990b0b2ee'),(231,'Natalie Imbruglia','60530915-9371-4b16-bc31-5c4456317ae0'),(232,'Fiona Apple','a9ee533f-8871-4f62-a6bb-91eb264abc90'),(233,'Tori Amos','c0b2500e-0cef-4130-869d-732b23ed9df5'),(234,'Jewel','050307fc-c4ab-43e4-b7e0-96a455c9ca3d'),(235,'Sarah McLachlan','ce58d854-7430-4231-aa44-97f0144b3372'),(236,'Jessica Simpson','fe37acd4-893c-4b2c-8ad2-7fd394280354'),(237,'Christina Aguilera','b202beb7-99bd-47e7-8b72-195c8d72ebdd'),(238,'Hilary Duff','bfaf9b70-d1fd-4d3e-b730-3e67e6f8f9bb'),(239,'Lindsay Lohan','63b43c69-b822-4268-bdad-bcde12531f50'),(240,'Jennifer Lopez','f0602f55-1770-483d-89bd-4bae0d0ac086'),(241,'Vanessa da Mata','f3580347-b84a-47d8-b86e-cad642322a47'),(242,'Maria Rita','3c12ecf2-91da-4d4a-8462-e4d5d9e273e7'),(243,'Adriana Calcanhotto','bd4d397a-849a-48bf-be24-52eec87feeee'),(244,'Cibelle','f4591a29-b59a-4160-8726-da8001b2c3d6'),(245,'Mallu Magalhães','37e65fdc-f26c-444a-a78b-5157fb071213'),(246,'A Banda Mais Bonita da Cidade','260bff77-1d4f-49b6-9e8c-1e2797ce0528'),(247,'Tiê','4c9d623a-8ba8-44ef-b866-17cc8d353019'),(248,'Los Hermanos','557ac15e-7800-44c3-bb62-d4ab34ac1e28'),(249,'Boat to Row','9d85925a-7b58-4e1c-8adb-35bad317fa16'),(250,'Joe Summers','75ec383b-6a03-471b-bd6b-5852c0fe0f20'),(251,'Beans on Toast','d60583e5-3bb9-4b00-acd6-26e7a6066f3a'),(252,'Rachel Sermanni','94ff18ad-e77e-4a80-8dbe-0b72ad252fb5'),(253,'Josienne Clarke','a8b33689-0be2-4553-a134-4f887fd4cc41'),(254,'Mötley Crüe','26f07661-e115-471d-a930-206f5c89d17c'),(255,'Slash\'s Snakepit','40ec273c-85dd-487c-8935-ccbc7d866119'),(256,'Gabriel o Pensador','6f55e7e2-df3e-497e-84e6-0fb03ea824ff'),(257,'Marcelo D2','8c1f7395-61b6-43bf-bb62-55d2c669f0e0'),(258,'Cidade Negra','4a95ceff-7445-42f1-b34f-01d680777d85'),(259,'Planet Hemp','c42caf47-70e0-4c82-a262-3c9aa8e2b475'),(260,'Barão Vermelho','84ac395b-482b-48cb-b381-b9bc420b2dd3'),(261,'Chakira','3ed1ae57-f231-490c-a8f3-1867c2feb410'),(262,'Paulina Rubio','5938c629-1d06-480b-9780-859b153af11e'),(263,'Thalia','ae33ce8d-f41a-4f6b-b9c6-7859acbd04ef'),(264,'Ricky Martin','70ea63ea-70dc-4b63-951a-2c249d2b3b0a'),(265,'Juanes','8b0f05ce-354e-4121-9e0b-8b4732ea844f'),(266,'Jerry Cantrell','960eb93f-e73c-4df8-864d-08a06c2dcc11'),(267,'Candlebox','8e9516ba-f417-47dd-a8a5-8998b94553f8'),(268,'Badd Company',NULL),(269,'Foghat','3cc3942d-bbfc-446d-a8f4-f0e1e238ca86'),(270,'Nazareth','88f219d8-4140-4191-af4b-de81c7c587c4'),(271,'Bad Company UK','eba5d39f-8cb7-4d54-871d-297e5d7f1aad'),(272,'Ram Jam','f2be3d59-c508-492b-a553-056fc8a7e7b0'),(273,'Tesla','eeacb319-8d4c-48e0-80a0-944e71c375bf'),(274,'Ratt','e0827234-3be3-4973-be59-1aa9575b9c76'),(275,'White Lion','4fe426de-9c86-46d5-bbab-239f5e7344bf'),(276,'Dokken','09ade3bd-b110-4277-b923-7dc32e6a3f92'),(277,'Great White','328676f3-76ac-40df-b154-31e6f533286a'),(278,'Mogwai','cee3f961-4197-483b-a3ad-73242a97eb4a'),(279,'This Will Destroy You','9512eed7-a1a9-4e2f-8cac-c10d1448c1ce'),(280,'The Album Leaf','ffb18e19-64a4-4a65-b4ce-979e00c3c69d'),(281,'Mono','01fa5c3b-00d2-45c4-b7c1-8753cf8b7ee6'),(282,'Colour of Fire','3d2ea121-e893-439b-9982-f74dd9a4e955'),(283,'Seafood','dccf1cc6-cda8-49d5-b2c7-3bf7344bf143'),(284,'Easyworld','aed0470f-8a7b-4d01-be80-a8599b0a4d8a'),(285,'My Vitriol','ba288d1b-7d7f-4f44-bc8d-f80c8673f815'),(286,'The Cooper Temple Clause','6af63208-4a2b-494f-a560-622a0c10d647'),(287,'Mad Season','bfd085b8-0bbf-46b3-8ab9-193bca5c85e7'),(288,'matchbox twenty','75af9d25-cf32-49c0-9192-60bd8e9784e6'),(289,'Eve 6','ebd2ac91-6249-4e4b-bde1-353a424138c9'),(290,'Marcy Playground','64cdc08f-ba6f-41fe-94be-452dc6d5108e'),(291,'Everclear','3604c99d-c146-4276-aa0c-9376d333aeb8'),(292,'Dishwalla','d6cd2165-7877-4ca7-ace9-34dacadaf393'),(293,'A Perfect Circle','078a9376-3c04-4280-b7d7-b20e158f345d'),(294,'Deftones','7527f6c2-d762-4b88-b5e2-9244f1e34c46'),(295,'System of a Down','cc0b7089-c08d-4c10-b6b0-873582c17fd6'),(296,'Audioslave','020bfbb4-05c3-4c86-b372-17825c262094'),(297,'Slash','5e7a7026-dfc5-4aba-8496-95140716f3db'),(298,'Nickelback','bc710bcf-8815-42cf-bad2-3f1d12246aeb'),(299,'Hoobastank','2fa0d3ac-b64c-401a-b0a1-4915ba6cc157'),(300,'Breaking Benjamin','854a1807-025b-42a8-ba8c-2a39717f1d25'),(301,'Iron Maiden','7c3762a3-51f8-4cf3-8565-1ee26a90efe2'),(302,'Ozzy Osbourne','8aa5b65a-5b3c-4029-92bf-47a544356934'),(303,'Danzig','8925a01a-8608-411d-a90b-f3a52d061208'),(304,'Titãs','c1a669b9-30f4-4171-a2a9-a15d9461ca04'),(305,'Os Paralamas do Sucesso','f197a8df-ac2b-4e78-9913-4abf13741f12'),(306,'Engenheiros do Hawaii','92de023e-6f08-4133-8063-c0740c855e3d'),(307,'Legião Urbana','47685be0-926f-4be9-b1ae-e32da47a3b99'),(308,'Snow Patrol','a66999a7-ae5c-460e-ba94-1a01143ae847'),(309,'Travis','22a40b75-affc-4e69-8884-266d087e4751'),(310,'Thirteen Senses','c860af48-e9c1-49cd-b441-8d18e9f522f2'),(311,'Starsailor','fbd86487-ccb5-4a57-a860-cc3d360b5115'),(312,'Creedence Clearwater Revived',NULL),(313,'John Fogerty','c3649208-0ebe-449b-b1d7-4bd6c560f109'),(314,'The Rolling Stones','b071f9fa-14b0-4217-8e97-eb41da73f598'),(315,'Steve Miller Band','e57f0cac-4f56-473c-8d7e-d93f753fd586'),(316,'Nirvana','5b11f4ce-a62d-471e-81fc-a69a8278c7da'),(317,'Bush','6d6d62b2-cff7-447b-ab26-72910aa15c31'),(318,'Vertical Horizon','e25216bf-b0ac-4bd3-bc5a-1f82a7d0274f'),(319,'Gin Blossoms','1c42b705-d3fc-452e-93ee-d0030bdd70f3'),(320,'Better Than Ezra','7986c185-d91d-4204-8ee2-eac5d503fe39'),(321,'Semisonic','3037bd18-0079-4e4b-9ce1-758689e210d8'),(322,'Passafire','d34516e1-b370-4b97-addd-6363ef0e9ecc'),(323,'Rebelution','bf225245-fce7-4d30-b648-887cb33529e4'),(324,'The Expendables','d94403dd-0446-4b6b-a47c-340b03365390'),(325,'Clear Conscience','8852702c-8e71-4281-973b-09dc3ac5e5f9'),(326,'The B Foundation',NULL),(327,'Supertramp','d2ff6b6b-fc30-48dc-8952-06f9d8fc64f8'),(328,'Asia','56b087c0-d336-4e4d-a0fe-67a04708bb13'),(329,'Boston','0d8b0d50-e4cf-4da4-965d-f24c58ec3268'),(330,'Yes','c1d4f2ba-cf39-460c-9528-6b827d3417a1'),(331,'Twisted Sister','c6122fee-089f-41c4-a34f-e5f7e5607b05'),(332,'Van Halen','b665b768-0d83-4363-950c-31ed39317c15'),(333,'Jimmy Page','519774a4-3b18-4042-b8c0-927845a616c9'),(334,'Thin Lizzy','6a726ac6-019e-455c-8bbb-571a77bed52e'),(335,'Robert Plant','bd53f9a7-8be9-46b0-bf7d-1deea3cb57bc'),(336,'Renato Russo','8ce64b67-8535-45cf-9caf-87734a09b3fd'),(337,'Capital Inicial','f168e033-2d59-401a-a9b1-2d704b24c17d'),(338,'24-7 Spyz','d30381e1-27bd-4596-a9c8-d28d6fdceb83'),(339,'Faith No More','b15ebd71-a252-417d-9e1c-3e6863da68f8'),(340,'Infectious Grooves','7e14cf06-532b-4789-8c03-5aa13da4f6f3'),(341,'Ultraje a Rigor','05528c1e-668e-497c-b7e3-b47961b37d8e'),(342,'Tihuana','3ee75a28-8740-4d97-80d6-fe4305f5083e'),(343,'Detonautas Roque Clube','4f4366cc-f0e0-4106-a56a-f52f055e49cb'),(344,'Raimundos','1c80f885-e832-4b84-864b-5deeda6a1248'),(345,'The Osbournes',NULL),(346,'Street Sweeper Social Club','fdde76e2-6450-4fab-8b6a-64ab21f1d8fe'),(347,'One Day as a Lion','4ab20a44-3df1-48bc-9cc1-d130ef2179d4'),(348,'Red Hot Chili Peppers','8bfac288-ccc5-448d-9573-c33ea2aa5c30'),(349,'Zeca Baleiro','a774549d-0bc6-470f-a055-c4b12dfd0085'),(350,'Whitesnake','5dedf5cf-a598-4408-9556-3bf3f149f3ba'),(351,'Quiet Riot','5c6acb91-4b9b-4245-b92f-e817295c4ed0'),(352,'Buzzcocks','31e9c35b-2675-4632-8596-f9bd9286f6c8'),(353,'The Clash','8f92558c-2baa-4758-8c38-615519e9deda'),(354,'The Ex Pistols',NULL),(355,'The Damned','73c6cc6f-e300-42b4-8689-298fa2b29028'),(356,'The Ramones','d6ed7887-a401-47a8-893c-34b967444d26'),(357,'Poison','0e10c8c1-52fb-4835-8841-7e15757a2b21'),(358,'Cinderella','30933329-8dc7-4481-8648-9bacb0fe5524'),(359,'Lifehouse','04591295-6d94-45cb-b6c7-1ae17c6f380e'),(360,'Goo Goo Dolls','e2c00c56-8365-4160-9f40-a64682917633'),(361,'Brandon Flowers','5b9dc76b-8574-4cb5-9496-ab1bc0d35c29'),(362,'Hot Hot Heat','0e0dd9da-5878-4c46-9a9a-6df43abb5c96'),(363,'The Bravery','7e30debb-3308-49ab-a5ac-6d49319a5705'),(364,'Keith Richards','f0ed72a3-ae8f-4cf7-b51d-2696a2330230'),(365,'Faces','7230f16c-612b-42d4-bdcf-0d6f6fec5efa'),(366,'The Yardbirds','191de76f-a224-445d-b041-54df16d65bf7'),(367,'The Black Keys','d15721d8-56b4-453d-b506-fc915b14cba2'),(368,'The Von Bondies','2db9d3bf-c1da-45a9-a635-e19bdc3c1add'),(369,'Jack White','0d59d6a4-994a-4436-a7e6-1684057d9bb1'),(370,'The Dead Weather','334bd887-9044-4c38-aebd-4baab851efb4'),(371,'The Cars','092b603f-eb4c-4958-b10e-02420de5885b'),(372,'The Pretenders','75ffaf7d-46ee-4794-a405-9ec20c0c1696'),(373,'Men at Work','395cc503-63b5-4a0b-a20a-604e3fcacea2'),(374,'Joe Jackson','07f6d469-38f3-46da-9cfa-2f532422b84e'),(375,'Ira!','1ccd14d3-c66e-4949-9308-655b8df1a523'),(376,'Biquini Cavadão','98ad20c3-f758-46b4-8244-3a1483db40e9'),(377,'W.A.S.P.','171cbc8f-8ab3-4aec-9916-f0bdbe26bb79'),(378,'Bob Geldof','b16373b3-bae0-4926-bb17-1d68c4f7b052'),(379,'R.E.M.','ea4dfa26-f633-4da6-a52a-f49ea4897b58'),(380,'Hothouse Flowers','9ddb555e-4cf2-4d76-a9d5-7627988cf6ab'),(381,'The Alarm','cee3e39e-fb10-414d-9f11-b50fa7d6fb7a'),(382,'David Lee Roth','802d37d5-0aaa-492e-b366-99f75e5a196f'),(383,'Extreme','0e6cc5e5-4f03-4993-a481-d70d0e354d9f'),(384,'Sammy Hagar','e68b06a4-d47f-432e-89d8-db43c48a2726'),(385,'David Coverdale','8b26558a-1073-45cf-b9a2-233703654ffb'),(386,'Scorpions','c3cceeed-3332-4cf0-8c4c-bbde425147b6'),(387,'UFO','83cb3d94-0e78-42f2-829a-2279f9d04e62'),(388,'Stratovarius','c3d6fdd5-67c5-453e-87e3-d17a00a52879'),(389,'Symphony X','b669c53e-5a1f-4adc-80be-755e64e8115e'),(390,'Avantasia','2ecbc483-dee4-442f-8ce7-f3ab31c73f87'),(391,'Kamelot','2449300a-6ca7-45da-8102-22789d256475'),(392,'Edguy','83998f9c-846b-4294-aede-d7735531c901'),(393,'Sonata Arctica','319b1175-ced9-438f-986b-9239c3edd92d'),(394,'Dragonland','ad6ba1fc-a632-475b-a66b-1d76a57bb356'),(395,'Demons & Wizards','df074f34-26fc-45fa-adf3-d19836dde2ec'),(396,'John Petrucci','556e6577-24b9-49df-944b-242c9c32bf08'),(397,'Planet X','5689dee0-2572-434f-bd9a-3e58e743c6b7'),(398,'Derek Sherinian','a5171273-7c17-4628-8bd2-c372e5cd9586'),(399,'Jake E. Lee','3ee1d8cd-c79a-442f-a6ba-5ee5297d9019'),(400,'George Lynch','e97cf6f1-7fc2-4149-9533-02ad2d6be495'),(401,'Yngwie Malmsteen',NULL),(402,'Paul Gilbert','453321a7-3a77-47b0-8125-7bd385f3a730'),(403,'Freedom Call','d4310265-7415-4802-b4f3-4b762217efbb'),(404,'Grouplove','d8e41375-bd8d-4e39-9da7-f0c171e97086'),(405,'Passion Pit','daeec599-bf5d-4428-994a-e76ba5f86e2f'),(406,'AWOLNATION','77b29df2-056e-409e-a1b2-5e2bbfe421c4'),(407,'Matt & Kim','28537bf2-22c5-4840-91fc-fcb98e8c7379'),(408,'Two Door Cinema Club','6f1de078-6684-4792-820d-2ffad64c15ed'),(409,'Bloc Party','8c538f11-c141-4588-8ecb-931083524186'),(410,'The Rakes','69ddb6e2-4a4c-4340-b426-c39fc4461122'),(411,'Joey Ramone','2f3f8fb1-e5dc-4548-9601-fada0485e561'),(412,'Sex Pistols','e5db18cb-4b1f-496d-a308-548b611090d3'),(413,'New York Dolls','1b96b9c9-0832-40cb-9f8d-7274de3733fc'),(414,'Dee Dee Ramone','f23feff0-ed20-4e9c-ae45-4ff68a83be70'),(415,'The Dictators','ac5304f2-1787-4e87-8ed7-321f157cc89b'),(416,'Jim Morrison','c6619f89-5454-4e2d-aa19-b5596ba3b4c6'),(417,'Jefferson Airplane','39c2a93d-9afa-4a22-9bba-c087ab056e1c'),(418,'Big Brother & The Holding Company','3cf5a3be-25ef-4408-98fe-e66fee536be1'),(419,'Janis Joplin','76c9a186-75bd-436a-85c0-823e3efddb7f'),(420,'Dash Berlin','ccfa0410-bd90-4fd1-ab85-8995a57e265b'),(421,'Cerf, Mitiska & Jaren','07145dc7-23c9-49b9-922f-4b2683e8b7f8'),(422,'Markus Schulz','62558a6c-cbb1-4bee-a843-d07d187ddf55'),(423,'Filo & Peri','ceedd0d2-a1eb-4478-837f-ba434002e2d1'),(424,'Tiësto','aabb1d9f-be12-45b3-a84d-a1fc3e8181fd'),(425,'CPM 22','a305918f-ce88-4834-a134-3381e34ad4e8'),(426,'Jota Quest','2759ea9d-07c9-4901-b764-5215a7c813d1'),(427,'Ferry Corsten','47347cb8-ac34-4916-84b6-d85d4e5e5384'),(428,'Marcus Schössow','c6803c35-a30b-4fd2-8e4e-1e4aba58869c'),(429,'hide','b4065fe7-a1b0-46d9-ae7f-ae0f80c7975a'),(430,'YOSHIKI','c64da7fc-a073-49fc-a26e-494217afbc6a'),(431,'Dir en grey','ab309b83-904f-4e2c-8d11-a0223bba51f9'),(432,'SEX MACHINEGUNS','96a8352d-23d3-4ce7-82c0-10fb022038dc'),(433,'Gackt','e7a8e086-16df-44a7-91e4-640986bcff72'),(434,'Rie fu','354e2d0f-15f7-4bbe-85db-15b3be73395e'),(435,'Do As Infinity','b128a994-2400-432d-b26a-8feede87daa8'),(436,'The National','664c3e0e-42d8-48c1-b209-1efca19c0325'),(437,'Wolf Parade','b7ddce8b-9e5c-46bd-9d33-41b134ce1a7f'),(438,'Broken Social Scene','2eada8f8-056a-4093-bbc2-004909ce743b'),(439,'Spoon','0db1ad0b-3ac1-4425-b10a-3142e795895c'),(440,'Black Flag','9941a936-196a-4a62-ae53-a69cbc33f20e'),(441,'Minor Threat','09037f07-42bc-46ac-a1ee-37f834451fee'),(442,'Circle Jerks','22995eba-1238-4b4f-a937-ac2c5767ab9f'),(443,'7 Seconds','3594dd1c-1267-471f-a6e2-78978bb3e024'),(444,'Agent Orange','1e0ff9b9-575c-4765-9926-04bf8edd9796'),(445,'Ecos Falsos','a2087297-78bb-422a-b096-64c44d0778aa'),(446,'Zefirina Bomba',NULL),(447,'Sapatos Bicolores','04885ed3-759c-494d-a11d-82e02bd4f1ea'),(448,'Los Porongas','438ec6f6-c24e-4805-aac2-cbbc17b47eb1'),(449,'Garotas Suecas',NULL),(450,'Bad Brains','e919b253-da5b-4aae-a444-6a368376a2d6'),(451,'The Germs','42c4b58d-2e28-41d4-bfe5-4edee68386cf'),(452,'Descendents','f035837e-4117-438d-a524-cacf43500e68'),(453,'Zakk Wylde','b109e75a-89d9-4fb2-843c-c0418b755d4c'),(454,'Damageplan','fdd1f131-4bae-456b-8bb1-c132d2af8e6c'),(455,'Pride & Glory','d5bd9aeb-08e8-402c-afaf-9dd0e1a974d2'),(456,'Down','4c01333f-e8e8-43bd-9923-8de83ef6f63d'),(457,'The Postal Service','299278d3-25dd-4f30-bae4-5b571c28034d'),(458,'Benjamin Gibbard','02031e5c-f9ab-4b4e-bc08-a61ea11a455d'),(459,'Modest Mouse','a96ac800-bfcb-412a-8a63-0a98df600700'),(460,'¡All-Time Quarterback!','f73b674b-8051-423d-9f1e-b173913d166a'),(461,'Rogue Wave','6aa55ee1-4c46-4f7c-9a6d-5051dfe2c06d'),(462,'Slipknot','a466c2a2-6517-42fb-a160-1087c3bafd9f'),(463,'Serj Tankian','e471b63c-c3b5-4f62-a971-cd0b2273838f'),(464,'Scars on Broadway','66f0dcaa-1680-4ef3-9b63-8b2ac24d0b58'),(465,'Death Angel','562ff334-c34f-45b0-a519-e5d171482df2'),(466,'Testament','05106775-5d45-4131-aecc-1177f813ba11'),(467,'Annihilator','5dadb7e6-864f-4107-b6d6-dfd1b6d50830'),(468,'Overkill','97fa7dd1-4706-4fad-b6ff-e099a37837fc'),(469,'Forbidden','e7df158d-1895-400d-919e-dc0a93e13c16'),(470,'Throwdown','af7c56d2-8584-424a-97f9-f365f50e8868'),(471,'Walls of Jericho','a342964d-ca53-4e54-96dc-e8501851e77f'),(472,'Sworn Enemy','aedccf2a-665d-4ddb-b704-fe4c8e0b465f'),(473,'Terror','15450587-314c-47ce-a0b7-a7ddc5d2b757'),(474,'Bury Your Dead','27784398-3ad0-4baf-bf17-82b37fe03efb'),(475,'Nevermore','7d093650-89be-4108-842b-ba7f5367504b'),(476,'Manowar','00eeed6b-5897-4359-8347-b8cd28375331'),(477,'Cream','04cd0cfd-bfd1-4c36-bc38-95c35e2c045f'),(478,'Santana','9a3bf45c-347d-4630-894d-7cf3e8e0b632'),(479,'The Jeff Beck Group','a6339659-c879-4f88-9908-206d47963e29'),(480,'Sodom','2251718f-7b5c-4a92-9267-895125c594d3'),(481,'Immolation','c373c7f0-fddf-4c04-a327-19dd83590753'),(482,'Vital Remains','39977a2d-659a-43e6-b2ad-0c33687624f7'),(483,'Hate Eternal','5c9e111d-579e-4eb3-a6e4-51e223635ee0'),(484,'Suffocation','5db9f569-cadd-4f8b-b460-d4031b0b3716'),(485,'Blackfoot','312a9888-bf65-4fbe-9987-1eb46fabfb3d'),(486,'Molly Hatchet','b69d82f9-ade6-4f45-88e5-953353aad2b3'),(487,'Outlaws','e1a01561-204f-49aa-8e9d-12d5d39564e1'),(488,'Black Oak Arkansas','1ff4b10b-4214-48b7-87b4-64394773bfcc'),(489,'ZZ Top','a81259a0-a2f5-464b-866e-71220f2739f1'),(490,'Pata de Elefante','f0152a2a-ab8a-4961-9fa0-46027bcedd2d'),(491,'Hurtmold','1f9a69d9-c44a-4f1a-9cdb-583ac5534a64'),(492,'Black Drawing Chalks','43f71d19-681a-4e3d-84a4-87677bf74deb'),(493,'Supercordas','b7ec650d-b4e6-4b88-8aa7-062b88604b2f'),(494,'Retrofoguetes','5c325b94-5cb4-4249-9610-21abc7b07863'),(495,'Miles Davis Quintet','fe7245e7-d734-4ca1-8e26-691883f58201'),(496,'Miles Davis Quartet','03606dee-b333-48fe-b9af-d671c837d40f'),(497,'Miles Davis All Stars','607d7275-2b92-49e5-a7ee-32f9cc29b076'),(498,'Miles Davies',NULL),(499,'Government Issue','9b952ee8-d45d-4a26-8066-57849d871e06'),(500,'Dag Nasty','4709dd69-1034-4634-9e88-d1099453b192'),(501,'Gorilla Biscuits','0320a32e-b781-40df-bf48-5cb5ee842762'),(502,'Machine Head','22a1f4d7-81ff-4216-ac06-3387da6bc118'),(503,'Soulfly','832a43c7-aa7d-439b-a6b4-4f1afa671c24'),(504,'Black Label Society','a8e935c6-3fcc-414c-900c-77e8170e7e7c'),(505,'Hellyeah','680d9f43-3287-4f16-a9ab-b5904746f745'),(506,'Sepultura','1d93c839-22e7-4f76-ad84-d27039efc048'),(507,'Metallica','65f4f0c5-ef9e-490c-aee3-909e7ae6b2ab'),(508,'Dungen','25c76eb2-a92d-4624-9e30-093fc16ed5eb'),(509,'Real Estate','2ff0dfc6-0542-4bbc-a44a-60605c074ba6'),(510,'Deerhunter','4f416ed7-dda2-45de-a6f1-b986e861cf4b'),(511,'Unknown Mortal Orchestra','e2305342-0bde-4a2c-aed0-4b88694834de'),(512,'Surfer Blood','f11ab2aa-4a60-49b2-b37b-505a05b5d179'),(513,'The Black Crowes','02ceff75-7363-493e-a78d-912dc86c7460'),(514,'Little Feat','9b106beb-12b5-4525-8025-42e295a2b90a'),(515,'Lynyrd Skynyrd','c544ed4d-2390-4442-a83e-1ea2883b09c8'),(516,'Duane Allman','bb45bbe4-172e-4d1d-9d43-9708504f150f'),(517,'Misfitz',NULL),(518,'Samhain','1deae477-e230-49e8-960a-74f5e59791f2'),(519,'Michale Graves','33c08b26-2ec1-4a52-8782-a3cd5268ac02'),(520,'The Exploited','9876cc18-e3c4-487a-b330-e67b08eee2b2'),(521,'Band of Horses','07b6020a-c539-4d68-aeef-f159f3befc76'),(522,'Arcade Fire','52074ba6-e495-4ef3-9bb4-0703888a9f68'),(523,'The Walkmen','b7834ebd-64ae-46c3-a930-2d3a52ee743a'),(524,'Clap Your Hands Say Yeah','4b2d6a23-034d-4a29-9bb9-d2462796da4e'),(525,'Edson & Hudson','476c7722-2642-4f2e-a17d-4eadda9ea18d'),(526,'César Menotti & Fabiano','8b4743a0-e3a5-4e15-bfd2-b5be286b7640'),(527,'Rick & Renner','a0d45340-4169-4be1-baa3-b2f82d093a7d'),(528,'Zezé Di Camargo & Luciano','17022e90-a743-4c5f-89b4-c9243be7b7ad'),(529,'Gian & Giovani','96a18bd4-d079-481d-a4ed-ca289c00e6d6'),(530,'Roy Orbison','0bbbc496-c7b5-4b3f-bb6d-bd312827d6e5'),(531,'Jerry Lee Lewis','b59ac58d-036e-4bba-8112-c32a34c4575b'),(532,'Carl Perkins','068bd7ab-c38e-4fae-8ed2-cb0c153ed68f'),(533,'Rick Nelson','0b511854-c21c-4af1-9c31-e3fc178ded61'),(534,'The Everly Brothers','091ec508-877f-4e3c-92a3-10903bbbc7ad'),(535,'Fernando & Sorocaba','462b0b27-7213-439e-8b12-693c332d4a87'),(536,'Jorge & Mateus','311e7141-051a-40bc-bce5-7998b6c869ee'),(537,'Michel Teló','6d00cc0d-2027-41d4-be9f-13770037354b'),(538,'João Neto & Frederico','91c2886b-b657-4324-b9e3-404f13b97652'),(539,'Luan Santana','70598780-d9bf-47f3-9c7e-292f8608c103'),(540,'Paula Fernandes','e59b2cdc-378b-42e8-b87a-a022b5f9a549'),(541,'Gusttavo Lima','48a3a1c5-8cf3-4a9a-bd5c-5082cf8d3639'),(542,'Victor & Leo','bae40d13-4444-4cd0-b9ad-025a2a29766e'),(543,'Kid Abelha','e3e90633-b6f1-4376-b15b-2492c94b4cf7'),(544,'Skank','25db5fde-2384-4baf-8e3d-d8299b4c99ef'),(545,'Erasmo Carlos','c7c9fa4d-262b-45c1-9477-237849654948'),(546,'Fagner','d3d08827-5446-48c3-b795-a897ae6fe77f'),(547,'Reginaldo Rossi','afa736dc-0c32-4351-a2dc-898654cef08c'),(548,'Oswaldo Montenegro','bbd0c071-d9c4-465f-bb6c-0be9d7844d5d'),(549,'Tim Maia','446ac261-09ae-43f4-a7e1-2c753c0813ce'),(550,'Fábio Jr.','f3e83286-b99e-4852-b3fd-fdc49ba701d2'),(551,'Lulu Santos','dc06730e-7330-40a8-9c84-4fe3b10c9250'),(552,'Paulo Ricardo','7f6d9e71-feed-4f33-aeaa-f727b952622b'),(553,'Os Travessos','a2676689-89b6-4d8c-ba30-f1b894f4ea93'),(554,'Alexandre Pires','7f3a2f7e-6277-4d72-b673-f3a8128a6aa0'),(555,'Bokaloka','60b12fd5-f77d-463e-ad14-499642030d29'),(556,'Inimigos da HP','73cc75aa-2271-45b3-bff4-ac3c65d44701'),(557,'Skanki',NULL),(558,'Skan','00f676a7-7f2d-4fad-af1e-e17d58ca02d1'),(559,'Frejat',NULL),(560,'Marisa Monte','f81f19b9-c76e-43ac-8656-bb56071785fb'),(561,'Lenine','da61fb5d-9543-4e36-9fa7-dad3111f7e8e'),(562,'Zélia Duncan','afc99b75-f453-4123-8bd7-3aeea65cb521'),(563,'Zezé Di Camargo & Luciano E Antonio Marcos',NULL),(564,'Leandro & Leonardo','c1139317-02cf-4310-8722-93a095f5b1fa'),(565,'Bruno & Marrone','f7c823d0-c49f-40d3-84c0-edc32d045ea2'),(566,'Drowning Pool','261b028a-d4dd-4992-87ec-cdc72ccb52a2'),(567,'Disturbed','448579df-6b71-4c98-a8ba-5f8be40f2b90'),(568,'Stone Sour','4ca783b7-5bf7-4348-b494-46680660050f'),(569,'Mudvayne','f1c8da15-b408-4149-b863-f1cbe9971f19'),(570,'Velhas Virgens','5ef2c2ca-0037-40b7-bd3e-702eb94b121d'),(571,'Gang Related','4fe27b58-4702-4274-9019-f34d8709b32c'),(572,'Leon Mar','567a9def-355b-454a-a0e3-f38f10b68b75'),(573,'Rogue Unit','125caa80-accd-492a-b2e9-14b6e51ff567'),(574,'1.8.7',NULL),(575,'Fear Factory','c17f08f4-2542-46fb-97f3-3202d60c225a'),(576,'Cavalera Conspiracy','5bd1060b-8608-4817-93ca-207f7c828e2f'),(577,'D.R.I.','95f6e954-8bed-4f8e-a53e-d155bb6f7ace'),(578,'Cyco Miko','d4fe1194-6dd2-4a5d-bdaf-b2c481e79434'),(579,'Body Count','5d365ed4-0a33-49ff-8de7-c0a47710eb31'),(580,'Municipal Waste','b5a31e9b-1fa2-45f9-91f5-b3a25fb38038'),(581,'M.O.D.','64c49632-5bd2-4926-87bf-81299611257b'),(582,'Blue Öyster Cult','c7423e0c-ab3e-4ab4-be10-cdff5a9d3062'),(583,'Clannad','d45641da-371c-430e-8907-6086590ab282'),(584,'Loreena McKennitt','c1e5344e-1bff-4727-9417-a4f55e41b5ff'),(585,'Secret Garden','4ac60dc3-8e50-4c70-be0e-4a4a1298f7ba'),(586,'Celtic Woman','4d483147-c871-48c4-8470-85e5a66381c5'),(587,'Dagda','4992fc3c-2801-43e6-9e8e-803663008946'),(588,'Leoni','ee720328-0c0e-475f-990d-06341a851d39'),(589,'Jorge Veiga','06858b2a-0a32-47f2-bec2-71f6c0f03371'),(590,'Dona Inah','5d808198-ab30-47dc-b7f6-d93febf5cee4'),(591,'Germano Mathias','3c88995f-66ab-47bb-99b0-1f11f8405d22'),(592,'Guilherme de Brito','7e295526-dca8-478f-9a43-fdea43a0a56f'),(593,'João Gilberto','286ec4c2-b5ca-4f85-b331-280a6d73dd14'),(594,'Baden Powell','ba617653-44e4-404f-91cd-f74adce5687d'),(595,'Marcos Valle','1ba347eb-58e8-45d6-b7e3-09873dc2506a'),(596,'Elis Regina','e9e85a54-074c-4d29-a886-bcaaa9d44f9f'),(597,'João Donato','9006dc24-d048-496b-8a82-e52c291db66c'),(598,'Companhia do Calypso','0c6a9b96-31d0-4be3-9b3e-eef6fdac9716'),(599,'Tiririca','23364ea1-3073-47cc-ba60-1169021ce8f0'),(600,'Aviões do Forró','b1cfc5be-c703-4141-a251-05e2b915f9f0'),(601,'Calcinha Preta','0e3f5f4e-4ae1-422b-b451-298f87a8c922'),(602,'Beto Barbosa','db4302a9-1020-41bd-ae5c-800dd947e5d2'),(603,'Nenhum de Nós','3a4be717-ade6-499d-a553-ddd7ab70b28b'),(604,'Pouca Vogal',NULL),(605,'Humberto Gessinger','8175ab25-09f6-4b0e-92e4-db443bb691c4'),(606,'Flyleaf','9011971a-df29-4b57-8889-2e5e9a645cbe'),(607,'We Are the Fallen','ffafc8e1-1190-4b9e-a406-203f70e2ec11'),(608,'Lacuna Coil','6fea1339-260c-40fe-bb7a-ace5c8438955'),(609,'Amy Lee','0d0a6afe-27c1-4002-a87d-21abe466bd30'),(610,'Nick Jonas','d7baf435-0df0-4227-9b8f-aa1d8681988b'),(611,'Demi Lovato','faf4cefb-036c-4c88-b93a-5b03dd0a0e6b'),(612,'Selena Gomez','e4bc69e2-a064-4f93-ada1-f7f209cc1cc3'),(613,'Hannah Montana','e25744d3-ec9f-4bbf-8760-7bd3370906ea'),(614,'Mitchel Musso','5fa27bba-a086-4363-a6a7-ff1b3be6cc7e'),(615,'Epica','21985b14-1b0d-44fe-b357-310b29bba510'),(616,'After Forever','6b966946-5274-4e3d-aabb-7563814d805f'),(617,'Within Temptation','eace2373-31c8-4aba-9a5c-7bce22dd140a'),(618,'Therion','c6b0db5a-d750-4ed8-9caa-ddcfb75dcb0a'),(619,'Terra Samba','56b48778-9164-4cac-82b1-21256a377718'),(620,'Netinho','95acf795-7670-48b4-9a45-eb6fd135df1f'),(621,'Banda Beijo','ef98de66-71cf-4160-b191-2e8c945a6adf'),(622,'Chiclete Com Banana','4158202e-7fa6-4056-bb83-67c66eafea03'),(623,'Breathe Carolina','0509d076-7e31-4f53-bad3-80ee246e23b7'),(624,'The Medic Droid','b89144a9-f622-4245-9403-9e5ed32787b1'),(625,'Metro Station','ab7ebf8c-059f-4071-93b1-dd3ae80d60b2'),(626,'Blood On The Dance Floor','49238391-5d65-41e7-90dc-195e73a11560'),(627,'Millionaires','16b62960-0290-4ddf-91a1-5eb64f5c5d19'),(628,'G-Unit','3a212655-d7d5-4570-9d31-4b7b1ef02629'),(629,'Tony Yayo','45d21b70-e139-4ff9-b487-3c003fa7af0b'),(630,'Lloyd Banks','8a6ccf62-b8fa-46d7-87df-f2dd14e6280d'),(631,'Eminem','b95ce3ff-3d05-4e87-9e01-c97b66af13d4'),(632,'Aba','3469c21e-d623-49c7-9646-348569532c33'),(633,'Agnetha Fältskog','aebbb417-0d18-4fec-a2e2-ce9663d1fa7e'),(634,'Roxette','d3b2711f-2baa-441a-be95-14945ca7e6ea'),(635,'Alcazar','8d5e244c-04f6-4d2d-ac98-3b0f0e33b3e2'),(636,'Boney M.','5403bf6e-bc1d-4e62-b31f-926a2bf66a14'),(637,'Rise Against','606bf117-494f-4864-891f-09d63ff6aa4b'),(638,'Aiden','d4f82967-4008-4481-953d-399d089753dd'),(639,'Anti-Flag','b88f21a7-a1b9-48fd-bbc4-ae758026f17f'),(640,'Billy Talent','fd429857-5ace-4609-ae54-1502c3bdac11'),(641,'Pennywise','5c210861-2ce2-4be3-9307-bbcfc361cc01'),(642,'Skye Sweetnam','bbfc66fc-713e-424e-b822-051b48aaafed'),(643,'The Veronicas','fd1baeb3-0ee9-4838-b4c7-615c78d68d10'),(644,'Katy Perry','122d63fc-8671-43e4-9752-34e846d62a9c'),(645,'Ashlee Simpson','463c514e-c30d-4a2a-a87b-762535253a80'),(646,'*NSync','603ba565-3967-4be1-931e-9cb945394e86'),(647,'Westlife','5f000e69-3cfd-4871-8f1b-faa7f0d4bcbc'),(648,'Nick Carter','9bee6ddd-b7e7-43ad-87c1-7bea63927fea'),(649,'New Kids on the Block','090dafe5-818c-4bba-9ebf-7e3a651a5c43'),(650,'Aaron Carter','1273a30c-b8b1-483a-9d66-66a0c832fc57'),(651,'Kap Bambino','7d2092f4-6784-4776-8482-3b6cb4fe2f9a'),(652,'New Young Pony Club','61cd6f2a-cdde-4f34-aacd-b992badcacba'),(653,'Metronomy','93eb7110-0bc9-4d3f-816b-4b52ef982ec8'),(654,'Does It Offend You, Yeah?','37b94fc8-0adf-4335-a9fa-ae7a5fc36610'),(655,'You Love Her Coz She\'s Dead','5b61183f-2dfd-4b08-aa7f-7b6c2b68d658'),(656,'Billy Joel','64b94289-9474-4d43-8c93-918ccc1920d1'),(657,'Rod Stewart','a35237a0-4f47-40a6-b6f3-1e786db23402'),(658,'Fleetwood Mac','bd13909f-1c29-4c27-a874-d4aaf27c5b1a'),(659,'Paul McCartney','ba550d0e-adac-4864-b88b-407cab5e76af'),(660,'The Academy Is...','eb8ff09f-0b63-4c5e-96dc-b6dadeb794ac'),(661,'Cute Is What We Aim For','40a5a225-3279-4d48-bca2-6059ed11b4fc'),(662,'Paramore','44cf61b8-5197-448a-b82b-cef6ee89fac5'),(663,'Yellowcard','3630fff3-52fc-4e97-ab01-d68fd88e4135'),(664,'The Pussycat Dolls','1fda852b-92e9-4562-82fa-c52820a77b23'),(665,'Britney Spears','45a663b5-b1cb-4a91-bff6-2bef7bbfdd76'),(666,'Nicole Scherzinger','0f7534a6-dc5f-46ca-a2e0-13d214cdd52b'),(667,'Mariah Carey','494e8d09-f85b-4543-892f-a5096aed1cd4'),(668,'Lady Gaga','650e7db6-b795-4eb5-a702-5ea2fc46c848'),(669,'Paris Hilton','0d9ff9c7-394e-4228-93aa-c4afd4765324'),(670,'Ke$ha','fab34286-b8e1-4879-bce3-194e1358fbd2'),(671,'Gwen Stefani','2e41ae9c-afd2-4f20-8f1e-17281ce9b472'),(672,'Natalia Kills','bc2ed01e-bca4-410c-a081-e12cf1f0b567'),(673,'Kylie Minogue','2fddb92d-24b2-46a5-bf28-3aed46f4684c'),(674,'Cher','bfcc6d75-a6a5-4bc6-8282-47aec8531818'),(675,'Cyndi Lauper','7bd9e20e-74b9-446a-a2ed-a223f82a36e7'),(676,'Vanessa Hudgens','9da7ed18-20fa-4279-88c8-94299728236d'),(677,'Ashley Tisdale','1fa14a96-c25c-4bb7-b94d-ff453519eab3'),(678,'78violet','fa4ad5f5-568e-498f-ba98-9ffc18e54ff3'),(679,'Cobra Starship','ffb390b8-8df4-4b72-97d1-7b2fc008a452'),(680,'MGMT','c485632c-b784-4ee9-8ea1-c5fb365681fc'),(681,'Empire of the Sun','ac7e838c-3d95-47c2-92a9-81767ad7c217'),(682,'Black Kids','38f953ac-af97-40b1-b95c-ab35cc0d7a81'),(683,'The Whitest Boy Alive','f83781c8-64f9-4657-85bd-51f74d195cfd'),(684,'Vampire Weekend','af37c51c-0790-4a29-b995-456f98a6b8c9'),(685,'The All-American Rejects',NULL),(686,'The Audition','fbeaf468-bc8d-40eb-a530-4f8982b2e1fe'),(687,'Beyoncé','859d0860-d480-4efd-970c-c05d5f1776b8'),(688,'Justin Timberlake','596ffa74-3d08-44ef-b113-765d43d12738'),(689,'Shontelle','cfb2b49e-a921-4171-b089-853d9fc16d2c'),(690,'Kat DeLuna','ddd4c4bc-a4ae-4946-b59c-a86aea7fa4f0'),(691,'Kelly Rowland','31bea673-d23a-4889-8da1-7cb040863268'),(692,'Scary Kids Scaring Kids','90cda7b7-9112-4ec7-9d6f-3f4675ef5130'),(693,'From First to Last','7f36c2ba-a338-402f-861f-390229bfae04'),(694,'Chiodos','b755836a-0cb6-4577-a678-55a5a6402d70'),(695,'Silverstein','d89de379-665d-425c-b2e9-41b95d1edb36'),(696,'Senses Fail','b4946461-dacb-4aa9-a77c-7b3231317794'),(697,'All Saints','a371601f-c184-4683-806d-2eb35e88f0d7'),(698,'Sugababes','dfa715ac-b536-44df-af43-570d3ea3edec'),(699,'Girls Aloud','a0b2f210-cd3a-453d-937d-e4f2658d17c7'),(700,'Geri Halliwell','23207c32-6743-4982-9f46-e297b2e4eb14'),(701,'blink-182','0743b15a-3c32-48c8-ad58-cb325350befa'),(702,'Zebrahead','4df5d35b-a9d4-4d4f-91f6-bae55693de31'),(703,'The Offspring','23a03e33-a603-404e-bcbf-2c00159d7067'),(704,'Madonna','79239441-bfd5-4981-a70c-55c3f15c1287'),(705,'Morrissey','013fa897-86db-41d3-8e9f-386c8a34f4e6'),(706,'The La\'s','ff3e88b3-7354-4f30-967c-1a61ebc8c642'),(707,'Funeral for a Friend','199d0ab3-22c0-4c00-b99d-257f591dda1f'),(708,'Hawthorne Heights','194eeda1-e662-43bc-b9be-32fc1afecc8b'),(709,'My Chemical Romance','c07f0676-9143-4217-8a9f-4c26bd636f13'),(710,'Ne-Yo','a4a01f5d-18e7-4571-8c3a-76ec0e24e2d7'),(711,'Jeremih','1c009a08-74d1-4682-bc56-8bfbe9e66b62'),(712,'Ray J','9a07de5c-37e5-4907-ac77-ba9674a9bd6a'),(713,'Chris Brown','126759e7-ca12-4bb4-884e-eba160e9e406'),(714,'R. Kelly','c2d25856-a09a-4d15-b404-77dd19c19e63'),(715,'Arlo Guthrie','b8efe8ac-45db-4a71-bb51-c1503986172f'),(716,'Van Morrison','a41ac10f-0a56-4672-9161-b83f9b223559'),(717,'The Band','8c90ad8c-9150-4c51-a1eb-342232e99d06'),(718,'Richie Havens','b45ea9f4-d0a1-45e1-b3a8-bf4fe509b8d0'),(719,'Christine McVie','21551f7d-93f2-4cb7-ba71-7f260058e923'),(720,'Peter Frampton','638206ee-0e3d-47cf-9769-d73330b15a87'),(721,'The Doobie Brothers','588dea29-eea3-456b-a815-3ee04f75c8e7'),(722,'Joe Walsh','c6f5969f-1f65-465c-8603-ec2d1e31e39d'),(723,'Emerson, Lake & Palmer','ad996aef-cc1c-42ac-af5c-619c370f4b8a'),(724,'Gentle Giant','f795c501-1c41-4be2-bc2a-875eba75aa31'),(725,'Adrian Belew','73c3f499-60e2-44e1-81dd-7fe2191461fa'),(726,'Underworld','ba2f4f3b-0293-4bc8-bb94-2f73b5207343'),(727,'Faithless','23d9d74d-c95e-46a6-be26-a6075c49747a'),(728,'Orbital','f3e2a7d9-c6bb-4848-95e5-04c0a1e2f511'),(729,'Leftfield','369fbad4-6fa4-4dae-9842-a69826cd359d'),(730,'The Stills-Young Band','fcacc57a-e0ae-481c-a83c-5ce3e45892f4'),(731,'Warren Zevon','970fb29f-e288-403e-a388-d2a7889bfa47'),(732,'Crosby, Stills & Nash','cfafad90-b736-4c74-8ded-f3f4d7b2c792'),(733,'Box Car Racer','1cae523b-fbf3-4312-a5c9-e569a6d4bd74'),(734,'Bowling for Soup','bcb95908-5c6e-453a-97fc-d69003d250ff'),(735,'Sum 41','f2eef649-a6d5-4114-afba-e50ab26254d2'),(736,'Bunny Wailer','d4ab32fd-e45d-44bf-9e70-891521672085'),(737,'The Wailers','352453ac-c751-4bd8-ac20-86344a38ac90'),(738,'Ziggy Marley','7c09d8af-895a-4337-bb46-b4b6dcabff10'),(739,'Inner Circle','0a5c92c7-4aa7-4324-82ab-8e8e733507cb'),(740,'Jorge Ben Jor','19499124-36d4-4ccc-b28d-04dde3d2076f'),(741,'Caetano Veloso','f07dbc2f-317b-470f-bad4-5f1b0eb6faf1'),(742,'Milton Nascimento','1bfa27e3-0376-4206-a772-4586e25a64f5'),(743,'Jorge Ben',NULL),(744,'Klaus Badelt','74ba575f-3420-4d62-8e48-ac473d3c4282'),(745,'John Williams','47a7bb01-92cb-4999-9886-117a7c3f76a6'),(746,'James Horner','679ec43c-bc04-4bb0-b619-2da702a214ba'),(747,'James Newton Howard','f6580b26-77f7-4a7b-8513-6db0476e8f21'),(748,'Basil Poledouris','e50f9da8-a0a2-4a97-94b6-c649a2b96c0b'),(749,'Ensiferum','6e64cbfa-1a60-450e-81f4-c044c868ab24'),(750,'Turisas','1cf39e0b-c595-46f7-9ea8-4d2b14843c81'),(751,'Finntroll','14962b84-c46a-490b-b6a0-ee69c78b2291'),(752,'Eluveitie','8000598a-5edb-401c-8e6d-36b167feaf38'),(753,'The Breeders','667e856e-f3a7-42e9-8244-95422ef31321'),(754,'Violent Femmes','2aab61bc-67f4-4722-8c6e-e1821b2e32a6'),(755,'The Amps','5e4ad809-a048-427d-b0e4-a6761de9c220'),(756,'The Afghan Whigs','2feb192c-2363-46d6-b476-1c88a25cb294'),(757,'Black Francis','789f6768-5830-4b08-8b4f-f38566b2eb1d'),(758,'Lothlöryen','8da37ec5-98aa-4d5f-86cb-1ecb5d5fc12f'),(759,'Cruachan','bc9e5155-c3b9-4e68-8d73-6ff12a15edbe'),(760,'Leprechaun',NULL),(761,'Elvenking','3d6bbeb7-f90e-4d10-b440-e153c0d10b53'),(762,'Korpiklaani','50eec634-7c42-41ee-9b1f-b41d9ca28b26'),(763,'Usher','3414d446-735a-443c-931f-10634f57e5b9'),(764,'Trey Songz','4d7304f6-7fe3-4959-9d98-01a5af84afe6'),(765,'Bob Sinclar','f9ab44f1-7b19-4ecb-830c-403abcf36cd1'),(766,'Guetta',NULL),(767,'LMFAO','ed5d9086-e8cd-473a-b96c-d81ad6c98f0d'),(768,'Martin Solveig','06db73fd-57e2-4a6f-bcd3-699fb7bb7af4'),(769,'Alex Gaudino','836d43ae-5086-4f45-9e23-b02edca37653'),(770,'Luis Fonsi','d68fda90-ab8d-4799-be56-317ba4ae700f'),(771,'Alejandro Sanz','9bacf78f-9132-43da-8873-8a9eb49da0e9'),(772,'Pitbull','d262ea27-3ffe-40f7-b922-85c42d625e67'),(773,'T-Pain','ce55e49a-32f4-4757-9849-bf04d06d5fcc'),(774,'Timbaland','daa09819-5da5-4c7a-8bef-eb372bb27ff1'),(775,'Plies','72f62a4c-0042-49f6-b4dc-2f5b27dd289f'),(776,'Mario','24bff72c-e1c4-41ec-b2cc-59cc9ad67e0e'),(777,'Flo Rida','4593d49a-7f67-46ba-9ec0-126bd676286f'),(778,'Far * East Movement','6bd5655c-b7fe-48ee-8925-c2d2d8798618'),(779,'Baby Bash','1fe6717a-73b5-4e70-82c5-6b83a08c997d'),(780,'Lars Kilevold','5f982fde-1539-4fe1-ac0c-1794989062d7'),(781,'Elin Gaustad','94da342a-2a95-43fe-89c9-7db17cef5272'),(782,'Violet Road',NULL),(783,'Sirkus Eliassen',NULL),(784,'Duran Duran','1a1cd7f3-e5df-4eca-bae2-2757c9e656b5'),(785,'Thompson Twins','228af6b5-f691-4ed2-a63b-10cc6fcc1144'),(786,'ABC','87199477-b0df-4ead-84ee-9b54b4abfc3d'),(787,'Tears for Fears','7c7f9c94-dee8-4903-892b-6cf44652e2de'),(788,'The Human League','7adaabfb-acfb-47bc-8c7c-59471c2f0db8'),(789,'Mark Knopfler','e49f69da-17d5-4c5c-bac0-dadcb0e588f5'),(790,'Eric Clapton','618b6900-0618-4f1e-b835-bccb17f84294'),(791,'Tom Petty','5ca3f318-d028-4151-ac73-78e2b2d6cdcc'),(792,'Grand Magus','83fbfa8e-616d-4da8-b8f7-aee37ec399f7'),(793,'The Sword','40dc452a-6b63-4b7e-a106-062739155866'),(794,'In Solitude','aa2497f9-d4b3-4d03-9a1c-bb7d76acc1b7'),(795,'Candlemass','7dba6614-d0bd-4950-8b7b-841b31c413c2'),(796,'Fruto Sagrado','85ac9017-9aee-4abb-855b-057652426a52'),(797,'Resgate','6588a931-2b0d-4134-9fdc-29d08991aef2'),(798,'André Valadão','336a4d1d-0823-4fc5-a4de-bf601114b118'),(799,'palavrantiga','d2cc3796-0e99-4b17-91ed-7db14c735270'),(800,'Rodolfo Abrantes','ed5e3d94-67e6-40dc-9b19-9b295cf39ca6'),(801,'Jammil e Uma Noites','19faf216-b288-4fb2-8e58-e2b1c4c65156'),(802,'Asa de Águia','37744705-33f9-460f-a75a-dc7781563d3f'),(803,'W & W',NULL),(804,'Heatbeat','69050ed2-1d35-4f80-b455-8e51b00b1757'),(805,'Arnej','9c585c5b-e0b2-4238-a180-dff54fa8bac7'),(806,'Gareth Emery','73549455-66cb-4570-b0bf-caf3d8d631fe'),(807,'Oceanlab','a558ed3c-ab7d-49b8-a52d-14071b95fa4f'),(808,'Signalrunners','51566b49-3bd6-45a8-bd7b-86274114c3fd'),(809,'Above & Beyond vs Andy Moor',NULL),(810,'Above And Beyond Vs Andy Moor',NULL),(811,'Aly & Fila','045bc733-e2f0-4f3b-8807-6a6d84505ea8'),(812,'Sean Tyas','7146c066-58bf-4160-94e3-0cb8dd0c9976'),(813,'Giuseppe Ottaviani','d7324881-11bf-4aa1-a394-34c1838c7baa'),(814,'Airbase','d857e4eb-0ef6-49da-83ef-9de68e24e18c'),(815,'Rank 1','bd5d07eb-dcb8-4d11-b873-908401e92ee4'),(816,'Simon Patterson','b9c4d4af-dd2d-4374-962d-4e2dca189ca7'),(817,'Alex M.O.R.P.H.','e74d1be6-ed61-480f-bcbc-7f33530494fb'),(818,'John O\'Callaghan','96a19638-1eed-4d69-83ba-b2bc75bda9b9'),(819,'Jorn Van Deynhoven','39738334-731b-4103-8e51-3c58ada3933b'),(820,'Faruk Sabanci','cb72a8e8-425c-48ef-adb5-7b95e8c062f4'),(821,'A.R.D.I.','a4fd5e1f-2bbd-4673-96ab-158d6a7bf689'),(822,'Rapha','71875b88-486f-469d-a944-5914501ec57d'),(823,'Ralphie B','9cb487ec-334c-40a3-8c9b-211e9061fe7b'),(824,'Ronski Speed','6c02ba0f-c69c-4145-9ffb-6fca9163bd89'),(825,'Above & Beyond','370bd5a3-4abf-4356-8576-3a8fc0c11d65'),(826,'Andy Moor Vs Orkidea',NULL),(827,'Armin van Buuren','477b8c0c-c5fc-4ad2-b5b2-191f0bf2a9df'),(828,'Tritonal','bbee6bad-1904-460e-b9f7-9e61fc890673'),(829,'Mat Zo','c0fe9d3b-526c-491e-9814-a81571ebf2e5'),(830,'Myon and Shane 54','67ba178f-07a6-4638-a987-4c2398283480'),(831,'Poco','459ecf74-7f1f-434c-a304-73b78e9cdc97'),(832,'America','34cf95c7-4be9-4efd-a48a-c2ea4a0bb114'),(833,'Don Henley','b2c2d4fe-8c1e-44ec-8be6-ff500e105a90'),(834,'E.L.O.',NULL),(835,'10cc','f37c537b-3557-4031-bfd6-ab63ced32854'),(836,'Jeff Lynne','372304d0-5e6a-4030-bc2b-09bdb0ee8abb'),(837,'Paul van Dyk','092ca127-2e07-4cbd-9cba-e412b4ddddd9'),(838,'Blank & Jones','6606c527-376a-47b4-bb35-748d01e14f6d'),(839,'4 Strings','fa6521a7-56b5-4e56-b946-fda469becba9'),(840,'Richard Durand','ca071887-9fa6-4429-91f3-1629b39056f8'),(841,'Jon Williams','9c29cc49-5a58-4629-a1aa-13a10a61fead'),(842,'Danny Elfman','5b24fbab-c58f-4c37-a59d-ab232e2d98c4'),(843,'Alan Silvestri','f4c53778-e48d-4da4-9ddd-cc007f715d64'),(844,'Michael Giacchino','150e14bd-915d-4574-b574-f77dd7ea72ad'),(845,'Nicholas Hooper','b1ea49d6-e25b-4675-9104-8329442c3e9e'),(846,'Orjan Nilsen','f7ba60af-39d6-4d9e-ba25-a7c47c417143'),(847,'James Dymond','d55db3d7-9056-41b8-9557-8941439bedf1'),(848,'Emma Hewitt','d84a9470-cae5-4d8a-aff8-25f86a93e282'),(849,'Foreigner','160629ab-ec18-4931-8c95-02cb92d06186'),(850,'REO Speedwagon','bdc70372-7e8a-4cb9-8d33-f036b3b7cdc1'),(851,'Heart','0164878d-613f-4d39-a283-8078113d6a90'),(852,'Nic Chagall','c22ee5d9-f64f-4c55-9ddb-d1e0e431ef1e'),(853,'Kyau Vs. Albert',NULL),(854,'Kyau & Albert','088acc1e-6762-4350-8bd7-c8f6fb5178ec'),(855,'Chicane','8b506e4a-c343-467b-aad6-300a9bfac355'),(856,'Luminary','6026ad9e-35b8-48ef-912b-49ac6eec7ac0'),(857,'DJ Shah','ebd7d505-9eb8-4c74-9dd4-ebe308e04d72'),(858,'ATB','22a096ef-c70d-4d70-ae19-4fc2412d4986'),(859,'The Thrillseekers','e619d8c4-5d76-498a-9d6d-086eef5ea922'),(860,'BT','88e2147d-0332-46f6-85b2-b5f463ba957b'),(861,'Judge Jules','30fe82d2-686c-4477-a22d-fb6ad9262ee8'),(862,'Eddie Halliwell','014a9f90-eda0-4bf6-99a8-a35574c42fdf'),(863,'Marcel Woods','f72c1464-6862-4e69-9a56-1e4358895673'),(864,'Leon Bolier','8b45f8f8-c1c1-441b-8834-4ee4ad942f85'),(865,'Jon O\'Bir','b9a7576b-d982-4a34-a758-5465fd996a65'),(866,'The Alan Parsons Project','f98711e5-06f7-43ed-8239-da0f61a9c460'),(867,'The Moody Blues','774666d2-2064-4d6c-856c-f8cda0aaf9f0'),(868,'Electric Light Orchestra','0c502791-4ee9-4c5f-9696-0602b721ff3b'),(869,'Tramps',NULL),(870,'Sister Sledge','1ed00158-c6a3-45cd-819c-2f91997fc480'),(871,'Tavares','08b2c88f-6c13-419b-a4f5-182cc3738e49'),(872,'George McCrae','bd013a43-a262-4658-a372-b75ddba236b4'),(873,'The Three Degrees','ddcc21f0-1a12-4d0d-9926-79249d39d92f'),(874,'T. Rex','c842d29f-a297-48cd-bb71-4f77fd672b16'),(875,'Wilson Simonal','2ec73913-df20-484f-b638-cd63a5122b9f'),(876,'Luiz Melodia','40bee6cd-8f0c-407e-8e90-d5bdb9231a2d'),(877,'Cliff Coenraad','36c58cf5-f8a6-4840-9623-a4b6eb5eba6a'),(878,'W&W','5df88386-32bb-48b2-8eff-47a450079075'),(879,'Artento Divini','a14b9cb5-5f88-400e-9388-083e72b8865a'),(880,'Ummet Ozcan','9f1560de-9a9d-482b-afa0-99938e688330'),(881,'Sied Van Riel','4739cffc-be62-46a6-aed5-c4d6b978aa97'),(882,'George Thorogood & The Destroyers','bc01f01c-a401-40d8-9472-b377ac33af05'),(883,'Grand Funk Railroad','103241b0-6adf-4b4f-9cff-5c87459f61a4'),(884,'James Taylor','0217fabf-0e84-4c36-b197-f1b6e1263506'),(885,'Paul Simon','05517043-ff78-4988-9c22-88c68588ebb9'),(886,'Don McLean','fa19ee38-c2a9-4ed1-9b24-a18100cf9db3'),(887,'Jackson Browne','88527d26-7496-47c5-8358-ebdb1868a90f'),(888,'Jim Croce','fcfa9543-e113-4ef9-9ef6-455ba4cbe7af'),(889,'Anthrax','315126eb-86bc-475c-a308-b8edfdd6c08c'),(890,'Lostprophets','ef6e2e49-aa93-41bd-89b0-8c7d2f260a83'),(891,'Everything Everything','251e10fb-4ed1-4a79-8655-7f22d461a689'),(892,'Jake Bugg','0d9905e6-add6-4713-94ca-9f686f9b5e9b'),(893,'Bombay Bicycle Club','0ae49abe-d6af-44fa-8ab0-b9ace5690e6f'),(894,'Wild Beasts','46a31d29-e073-44c8-b4de-54b31f37d0de'),(895,'These New Puritans','95bab79d-e5e8-4d7a-9368-d51430763c69'),(896,'Destiny\'s Child','a796b92e-c137-4895-9c89-10f900617a4f'),(897,'Christina Milian','78e98e0e-f873-4e5e-b4b7-88b7293fd713'),(898,'Rihanna','73e5e69d-3554-40d8-8516-00cb38737a1c'),(899,'Ciara','03172286-f7ed-4864-a4db-459cd5ca9790'),(900,'The Maccabees','83b86967-6b1a-4ca8-9cf0-c7cfe047ef3f'),(901,'Pete and the Pirates','0de62cf7-6a41-4a33-bf34-8792d46c1d40'),(902,'Mystery Jets','0f8bd5a7-c915-4e00-a035-fe3969e9a9b1'),(903,'Efterklang','8a7bed97-f080-4984-8db5-2ea5c82d8b33'),(904,'Alaska in Winter','29a001b5-271a-4359-815f-32c6671843e0'),(905,'Choir of Young Believers','06aa617f-b589-433b-82df-a19ae00d8aca'),(906,'The Notwist','f180cec2-9421-4417-a841-c7372090d13d'),(907,'Under Byen','35c81fab-bb3d-4198-a6bf-c9476054e6e6'),(908,'Florence + The Machine','5fee3020-513b-48c2-b1f7-4681b01db0c6'),(909,'La Roux','88d1360a-bc2d-47df-90d1-d2de285560aa'),(910,'I Blame Coco','f6114721-d8a2-4000-a31f-5c1a41787d08'),(911,'Friendly Fires','ef656595-bbe8-4386-8953-be8df9f54472'),(912,'Avril Lavigne','0103c1cc-4a09-4a5d-a344-56ad99a77193'),(913,'P!nk','f4d5cc07-3bc9-4836-9b15-88a08359bc63'),(914,'The Jacksons',NULL),(915,'Jackson 5','e5257dc5-1edd-4fca-b7e6-1158e00522c8'),(916,'Babyface','7fa62c0b-2c74-491e-a2a1-17c3b043f326'),(917,'Janet Jackson','6be2828f-6c0d-4059-99d4-fa18acf1a296'),(918,'Color Me Badd','c7f33343-7870-4e03-9892-65ad81d18db5'),(919,'Delphic','01ab4dea-a4eb-419c-ae2b-dd0b7bc78883'),(920,'The Temper Trap','bb6eaced-69dd-4636-829f-9f987acc4fc3'),(921,'The Wombats','e105c272-b5d7-4135-82ef-d60bded54345'),(922,'Ra Ra Riot','d8f63b51-73e0-4f65-8bd3-bcfe6892fb0e'),(923,'The Virgins','c3e89532-db13-45df-9e5d-82bd2a7100d4'),(924,'Peter Bjorn and John','32a83250-7e26-422d-b9ac-f4564343e9ce'),(925,'The Strokes','f181961b-20f7-459e-89de-920ef03c7ed0'),(926,'Dirty Pretty Things','648615ca-ca74-460d-928a-2bae67ae6d14'),(927,'Peter Doherty','94f6def3-dbfe-403b-bb40-d324c8c13fbb'),(928,'Dum Dum Girls','ca405011-906d-4090-992f-f230739278b1'),(929,'Vivian Girls','d0676301-7ffc-4ff6-8b38-f8aeb8553115'),(930,'Girls','55e21cfa-4bee-4795-940d-b1ff692fb17c'),(931,'Wavves','763cf642-45ad-42ed-a1c3-e977eaa3b260'),(932,'Beach Fossils','3df3818e-7984-4c62-bee3-81f95f8c6651'),(933,'Emilíana Torrini','b2a9731b-9e13-4ff9-af21-5e694a5663e8'),(934,'Goldfrapp','7b885d42-3c41-4f43-9944-a5855ec5155e'),(935,'Portishead','8f6bd1e4-fbe1-4f50-aa9b-94c450ec0f11'),(936,'Moloko','2f94016a-3880-4d8c-9af9-0e197ee77189'),(937,'Iron & Wine','c3f28da8-662d-4f09-bdc7-3084bf685930'),(938,'Fleet Foxes','fa97dd36-1b82-43d7-a6e4-2adeafd59cef'),(939,'J. Tillman','379fb100-063e-4472-b7c2-5bb9eda435ed'),(940,'Sufjan Stevens','01d3c51b-9b98-418a-8d8e-37f6fab59d8c'),(941,'Phosphorescent','739da2f1-0741-4c60-a6ed-f42d49bf2eb1'),(942,'Busy P','03ba9e7e-0452-4f39-bd3d-c29671155122'),(943,'Vicarious Bliss','c830597c-0b44-4a62-a2a3-6d8aee5bcd66'),(944,'DJ Mehdi','66ad8456-1d33-4d7d-b8c3-a8f1a3b1e74f'),(945,'Mr. Flash','792f877d-8c68-45db-871a-085643604b49'),(946,'Ladyhawke','2e547c75-36c1-49d0-984e-b14498c936f0'),(947,'gossip','0f96c38b-8e21-4571-afe0-cb11196a8acd'),(948,'The Subways','20e264d7-b4d5-4e49-8931-a9c67ff07f04'),(949,'The Vines','4e045c96-538b-46ed-8ea8-7cae20b56574'),(950,'The Presidents of the United States of America','7509421d-1074-442f-be8f-b526167afcb3'),(951,'They Might Be Giants','183d6ef6-e161-47ff-9085-063c8b897e97'),(952,'Harvey Danger','822cb123-f728-4a1a-931c-fa27257bb83f'),(953,'Weezer','6fe07aa5-fec0-4eca-a456-f29bff451b04'),(954,'Red House Painters','06e59c30-5e21-4318-96e8-7a5f7e309af1'),(955,'Idaho','8b7480fd-4a90-4ada-b8d2-8061307f49c0'),(956,'Barzin','572b8285-8f31-43a1-b597-60daad31abc4'),(957,'Codeine','cecd5f91-cfdd-45d1-879f-3920c7c76e58'),(958,'The Rifles','03cfb17e-9d4a-462c-88ee-1fa348bc3a0d'),(959,'The Enemy','0a02e70e-db2f-4cfe-a646-e8ced413f7d5'),(960,'Little Man Tate','e7cf7ff9-ed2f-4315-aca8-bcbd3b2bfa71'),(961,'The View','4dcffc18-b573-4850-833c-d08e2b7e93b3'),(962,'The Pains of Being Pure at Heart','46f4e349-ddec-4131-9367-91b630a821d0'),(963,'Sleigh Bells','95f7536d-b2f7-4087-8668-a663ec201f5a'),(964,'Best Coast','5ab8835e-ac44-4055-9c11-7878199606b5'),(965,'The Drums','c3ecef5d-84f3-4942-8c24-0a626343c3f4'),(966,'PHANTOGRAM','dfe78af2-779e-4137-826a-3073a16e3278'),(967,'Dr. Dog','e9aed5e5-ed35-4244-872e-194862290295'),(968,'Cold War Kids','0741b30d-e15b-4a8c-b2e5-8834a03d6116'),(969,'Fruit Bats','e3f139c7-11bc-4803-82be-2bac85ca3c61'),(970,'Blitzen Trapper','a186c93d-0f30-4c56-9265-98c0eba19242'),(971,'Håkan Hellström','6ee8668b-b4e1-48cf-ba25-a6f7c8bf864d'),(972,'Hello Saferide','b616019a-810c-4b05-a558-ad8406f225ff'),(973,'Laakso','e5e05158-5ee9-4933-b9ba-7fb2e3fcff11'),(974,'Billie the Vision & the Dancers','18c2200e-0acf-4ef9-95c9-ff797a23214b'),(975,'Lasse Lindh','40fa3a53-cfef-4294-8aa7-b03f06e8277f'),(976,'London Grammar','4dbe08c1-b40a-43b3-ab89-210000bd8ab2'),(977,'The Submarines','33056391-3ed7-4af2-b9fd-66313daabd18'),(978,'The 1975','5b6ebfe0-f72b-4902-bba9-74c8af0f1af0'),(979,'Poliça','9357482a-9517-456e-b949-e7370e926034'),(980,'stellastarr*','d9294ec9-c754-43d5-8edc-8dd6f7297a70'),(981,'Editors','0efe858c-89e5-4e47-906a-356fa953fd6e'),(982,'Elefant','bd837f10-ed18-47e9-9636-ca44edceebfd'),(983,'Julian Plenti','b786b1c2-be35-497e-8d0f-089265f177da'),(984,'Lucy Rose','c79df192-153f-4cc3-b9bf-9c36bc797c73'),(985,'Dry The River','6ba50c3f-a167-4d2a-9dec-5127edba2584'),(986,'Ben Howard','534dda3c-b73f-408b-8889-bd68eae84df6'),(987,'Daughter','373241ba-2101-429c-a8fc-c3ac4a4245fe'),(988,'Johnny Flynn','ce19a7e1-8c47-4dc6-9492-ef907ddc6514'),(989,'Albert Hammond, Jr.','a0498514-c21c-4e85-8dbf-a1b92374a06b'),(990,'SebastiAn','4072139a-699c-4011-9bcc-baae6f959390'),(991,'Justice vs Simian','577b873b-16c3-45dc-bd22-7796cd3cdc79'),(992,'Kavinsky','eb6de5f6-98f8-4b5a-bfdc-f87fa4936baa'),(993,'Cody Simpson','afa02917-17ce-439d-8e8d-09980d82d7cf'),(994,'Miley Cyrus','7e9bd05a-117f-4cce-87bc-e011527a8b18'),(995,'Jason Derülo','6de0f914-3e60-4418-be3b-42e0feb6eb4d'),(996,'Selena Gomez & The Scene','37d0a847-32d3-480f-bd1e-101f50a3d332'),(997,'Hard-Fi','46d18823-6a15-49ee-8376-c5f7a49530a6'),(998,'The Futureheads','0cf9d983-aecf-4d57-9e94-fde2beac014f'),(999,'John Olav Nilsen & Gjengen','74979956-7acb-467e-8591-e285c1932a27'),(1000,'Casiokids','962355d5-eb90-46a9-bacd-e125ac0318ce'),(1001,'The New Wine','bae9fac2-faa0-4d51-b648-b189899514a6'),(1002,'Fjorden baby!','578e5d63-9fd1-473f-90dd-70088979b626'),(1003,'The Coral','3b1c66fb-98ad-417f-b01e-49baf37f06a3'),(1004,'Asher Roth','c7d35b71-961e-4713-b65d-35a98591204a'),(1005,'Wale','e34e41f2-f480-45d3-8190-a3ce5ab34fab'),(1006,'The Cool Kids','fca8cdfa-120d-49ec-b1da-0ff8aa90c3ab'),(1007,'The Knux','de67cb81-4de5-4c8d-a27b-1f653a463850'),(1008,'Chiddy Bang','d452681b-41e0-46a0-bb17-e77d23dfc220'),(1009,'Sondre Lerche','a1c29c2f-778f-4b02-9ac7-80f0c37cdea9'),(1010,'José González','cd8c5019-5d75-4d5c-bc28-e1e26a7dd5c8'),(1011,'Feist','a670e05a-cea8-4b37-bce9-d82daf1a0fa4'),(1012,'Vanguart','e003b833-f0e1-46fb-8a05-4bf8d0a330ac'),(1013,'Phantom Planet','766a2b45-441f-4096-af05-dbbca9518c9d'),(1014,'Rooney','bbc8d6b5-a3e3-4d51-9f4e-565e9ef94967'),(1015,'The Redwalls','397bdd61-95b9-44e1-90aa-ff27e6bc28cf'),(1016,'Louis XIV','b0c29120-f45b-43f2-bf3f-9865aaa07acb'),(1017,'Faunts','9aae9381-7d0f-449a-be59-2c004d668052'),(1018,'School of Seven Bells','57843aed-c1c1-4f45-9859-478dd999bc18'),(1019,'The Radio Dept.','e664d1cd-23ab-48d5-b8fa-e98485daa5be'),(1020,'Memory Tapes','fbd33a5a-06b5-4b46-98d1-8677f5dc44c6'),(1021,'Klaxons','63011a8d-0117-4f7e-9991-1ef1f337ff70'),(1022,'Yeasayer','3feba7fa-3837-424a-b4f1-0077d217f569'),(1023,'of Montreal','8475297d-fb78-4630-8d74-9b87b6bb7cc8'),(1024,'Jeff Mangum','6a7b9d5e-a863-4a90-a056-77942e9f43de'),(1025,'Beulah','3574a01b-262c-49b6-befc-ac0824d4bc3e'),(1026,'Elf Power','a3c97561-1be9-47f9-a74e-5877b2b7c52c'),(1027,'The Olivia Tremor Control','d62842be-03d8-414b-a8d6-36f4b3b563ed'),(1028,'Edward Sharpe & the Magnetic Zeros','4a069029-4f64-4946-b650-01aeb0b55d9d'),(1029,'Mumford and Sons','c44e9c22-ef82-4a77-9bcd-af6c958446d6'),(1030,'Noah and the Whale','917bc621-ad02-477d-9308-a0304c5f9727'),(1031,'The Head and the Heart','98cb416e-5271-484c-ab3b-6bed6b4aae12'),(1032,'Cher Lloyd','48fbfb0b-92ee-45eb-99c2-0bde4c05962e'),(1033,'The Wanted','2e9a4293-a324-45f9-97a7-4b192a12430a'),(1034,'Big Time Rush','94785e0f-81be-4360-a9e1-a00df5dc8bc6'),(1035,'Olly Murs','0b108024-ccb5-468f-b2e9-77ed4f5615c6'),(1036,'JLS','1533b219-74ef-4512-826f-42bca397fbb4'),(1037,'Miike Snow','753a1564-aaef-4d39-bc68-4a8d5e328cf7'),(1038,'Kings of Leon','6ffb8ea9-2370-44d8-b678-e9237bbd347b'),(1039,'Black Rebel Motorcycle Club','32b90c92-9978-4a07-90eb-caa4b22f4907'),(1040,'The Pigeon Detectives','2e04a82f-9118-43b1-a918-bf84f122f7fc'),(1041,'The Young Knives','b26b4b58-10b6-42e9-ba80-b1addd4b0adf'),(1042,'The Courteeners','1975afe1-8ad0-4ba0-a4a4-d3acd2ba9d5b'),(1043,'The Blood Arm','6dffb567-0397-4912-9afc-b2f75414d059'),(1044,'Mumm-Ra','2d4bc261-0c96-4599-8c9f-81d5dc0760c7'),(1045,'Five O\'Clock Heroes','17b5a143-f8d9-466d-918a-bf3abce6cea0'),(1046,'Grandaddy','9d4c4835-c71a-4647-a4fc-263e26832cd0'),(1047,'Sparklehorse','45be8e20-3c3c-4e78-98f0-b5bdecf2f703'),(1048,'Stardeath and White Dwarfs','c4b951c5-5b51-400d-95a1-2c63aa353655'),(1049,'Secret Machines','52f34f97-084d-4cb2-94c6-aa384041e022'),(1050,'Yeah Yeah Yeahs','584c04d2-4acc-491b-8a0a-e63133f4bfc4'),(1051,'Miles Kane','26afaedd-e99c-45b2-b7f9-6c4c2b33d90c'),(1052,'Milburn','29a2e85c-1b08-4fe9-91a5-662d6e70dfe7'),(1053,'Bromheads Jacket','b3d6ae73-8c0c-4227-a069-5ee3a77301e6'),(1054,'Ginny Arnell','fc1f4a83-1adb-4ffa-abea-1d5d4e161856'),(1055,'Diane Renay','fd4c25a1-1fc1-4299-b2b0-2eadad747f68'),(1056,'Reparata & The Delrons','9382688d-f5c6-4f91-b2b8-1c47b3b41f19'),(1057,'Robin Ward','5e96d281-bd05-40a6-a942-04e2348d1baf'),(1058,'Blossoms',NULL),(1059,'Royal Concept',NULL),(1060,'Atlas Genius','967234b5-bef9-4fee-8dfe-61fbcd400d8b'),(1061,'Urban Cone','74a036b2-956e-4f5d-a53a-7a57f4142ec3'),(1062,'Icona Pop','c5f259d0-abd8-418e-81ee-3965fd4e4e9a'),(1063,'Kenan Bell','ddb7f6c9-3551-4371-8e65-cb1798449ee2'),(1064,'Krystal Klear','b72731f4-6085-4071-b2c5-87becda616eb'),(1065,'The Blessings','2b3c6617-ce3c-490b-a4e6-e5c995af51e8'),(1066,'Jimmy Edgar','fa263cb3-205f-4a7f-91e1-94e3df52abe8'),(1067,'Smith Westerns','1541f1ff-e249-4c85-84d9-6125bb3fe4b9'),(1068,'Harlem','10df7475-e4cd-4f9b-aa05-effd1b95992b'),(1069,'Cloud Nothings','29c91854-8c45-469b-b36d-a11fb650638b'),(1070,'Ty Segall','07a17571-81fc-4cf8-a634-98f0d926d313'),(1071,'White Denim','42e49814-6058-431c-80e2-a3aab424060d'),(1072,'The Cribs','a3a92047-be1c-4f3e-8960-c4f8570984df'),(1073,'Virgins','0881be9c-8ab9-467d-ba45-9eef4669fe20'),(1074,'Hockey','0f1c12c9-15d7-4dbd-918f-4d6148423385'),(1075,'Rivers Cuomo','87b6344f-c874-49ce-a8b3-e467ed6e05d0'),(1076,'The Rentals','21763d94-f834-4a18-88b9-c82bc028a344'),(1077,'Jimmy Eat World','bbc5b66b-d037-4f26-aecf-0b129e7f876a'),(1078,'The Cinematics','0f7b0f32-1701-4004-8681-4e16ab1ef80c'),(1079,'Macklemore','b6d7ec94-830c-44dd-b699-ce66556b7e55'),(1080,'Blue Scholars','69cd93fd-1c2b-40f5-ae03-7bf4b4213fd3'),(1081,'Dyme Def','b32ccb63-879e-4569-95d0-31a60103ef3a'),(1082,'Hoodie Allen','b28ac005-27fe-4bb9-86a2-dbf55ef21469'),(1083,'Common Market','c8b259a5-6acb-43e8-bb28-bc09e92eb22e'),(1084,'The Police','9e0e2b01-41db-4008-bd8b-988977d6019a'),(1085,'At Work',NULL),(1086,'Charlie Parker Sextet','a94f0e68-6a5a-4a39-928d-5910e482d95c'),(1087,'Charlie Parker\'s Jazzers','3db79d7c-aaee-4092-bbe0-da5b5fa8dcf3'),(1088,'Cannonball Adderley','a4c73ebe-b2c7-4f13-b99d-2fe1f9f27da8'),(1089,'John Coltrane','b625448e-bf4a-41c3-a421-72ad46cdb831'),(1090,'Charlie Barker',NULL),(1091,'Stan Getz','8f2422ab-0ec6-4c92-80c4-afe9622fab32'),(1092,'The Dave Brubeck Quartet','7bf711e9-4e69-4e08-b6e8-c0cb5805f1e7'),(1093,'Gerry Mulligan','68f19808-1f7b-46d4-bd1d-71aaf0f6b267'),(1094,'Dave Brubeck','de0222a6-e1c4-403d-8b01-3f66d505061b'),(1095,'Miles Davis','561d854a-6a28-4aa7-8c99-323e6ce46c2a'),(1096,'John Coltrane Quartet','a43270af-bc4a-4552-847e-617b11f38d7b'),(1097,'Eric Dolphy','badda5cf-f2c5-4dc2-b3d3-07467bdf0f71'),(1098,'Rahsaan Roland Kirk','4a1f7fe0-e509-4c4a-9fa1-9cf6c3ca891c'),(1099,'Sonny Rollins','3b47247e-5b57-49b6-a0ed-bad80243802a'),(1100,'Archie Shepp','5ceff60b-8183-49bf-a855-328d3c172106'),(1101,'Merle Haggard','deb2448c-6fdf-4d31-921e-757630515dbd'),(1102,'Willie Nelson','668fd73c-bf54-4310-a139-305517f05311'),(1103,'Hank Williams','83c84c73-84fa-4668-a75a-7aced8ca34ec'),(1104,'Waylon Jennings','1a46826b-4d73-4e04-8590-f36c9d832f9e'),(1105,'The Highwaymen','5bf05dd4-3ac1-4b8b-b9a1-163790d10192'),(1106,'Etta James','e22d2f66-881e-41ca-9356-544697ee5f90'),(1107,'Jackie Wilson','f0bf4fa0-028e-452f-82d3-7d4375e105dd'),(1108,'Sam Cooke','6c8fd0be-d961-454c-aee0-4366a6dbc993'),(1109,'Solomon Burke','d5c79890-36c5-4f1b-bed3-4468eee093f3'),(1110,'Cat Stevens','5adb8b74-54b8-4700-836e-550b6a2a2f71'),(1111,'Art Garfunkel','fc0a5289-4b77-4246-9c8d-857c8b617f5d'),(1112,'Carole King','bf6c29f5-b69f-4842-9031-37f9645d365d'),(1113,'Eric Burdon and the Animals','8bc09ff5-3f2f-43b8-a388-0ccc17b33ae7'),(1114,'Eric Burdon','70ac2314-d7d8-4435-b56c-9bad9a516642'),(1115,'The Spencer Davis Group','178fdfdf-e02e-4608-9b51-e53471e28a58'),(1116,'The Chameleons','8d07f60f-b9f4-46c0-9c27-31de0fb9b671'),(1117,'Siouxsie and the Banshees','78ea5ea1-3c4d-4b7e-ac5d-68900319ebe2'),(1118,'Echo & The Bunnymen','ccd4879c-5e88-4385-b131-bf65296bf245'),(1119,'The Glove','bc91f8af-a6e5-46f3-b239-b5b1c390e535'),(1120,'The Lovin\' Spoonful','abc08d4f-4e3c-4b5a-b1e8-d324cd6a2f92'),(1121,'Scott McKenzie','120d7ba0-73e1-4e96-98e3-e75f60f232e8'),(1122,'The Association','cdcc016c-2813-4fc7-8376-391acb19ba0b'),(1123,'The Turtles','335b6182-0da8-4dc6-a5ec-fe13f0f87e4b'),(1124,'Athlete','906cbb69-b793-463a-832d-b5bf850f01a2'),(1125,'The Reindeer Section','fa6b3377-e287-4d9c-947b-4df412c0ff0f'),(1126,'Bullet for My Valentine','d530dbf9-69b1-404f-98f2-0431104f5a1e'),(1127,'Atreyu','17e137fb-59e5-4fd7-af48-afc34995396c'),(1128,'Trivium','1f5ff245-2837-4d4a-a609-e93e544478c3'),(1129,'36 Crazyfists','781167d7-b9e5-48ea-9f66-67c4a6739562'),(1130,'OOMPH!','d82ba5f4-da09-479a-ab18-4b1a122c4345'),(1131,'Emigrate','1945e27b-5b00-4dc7-bd0a-7c653cb68f45'),(1132,'Megaherz','9aa69733-db92-44b2-b1dc-76cc68b462cc'),(1133,'Rob Zombie','c995a379-60b9-404b-bd97-a7e2de0751d3');
/*!40000 ALTER TABLE `ArtistaMusicalSemelhante` ENABLE KEYS */;
UNLOCK TABLES;

--
-- Table structure for table `ArtistaMusicalTocouEm`
--

DROP TABLE IF EXISTS `ArtistaMusicalTocouEm`;
/*!40101 SET @saved_cs_client     = @@character_set_client */;
/*!40101 SET character_set_client = utf8 */;
CREATE TABLE `ArtistaMusicalTocouEm` (
  `id_artista` int(11) NOT NULL,
  `id_artista2` int(11) NOT NULL,
  KEY `id_artista` (`id_artista`),
  KEY `id_artista2` (`id_artista2`),
  CONSTRAINT `artistamusicaltocouem_ibfk_1` FOREIGN KEY (`id_artista`) REFERENCES `ArtistaMusical` (`id`),
  CONSTRAINT `artistamusicaltocouem_ibfk_2` FOREIGN KEY (`id_artista2`) REFERENCES `ArtistaMusical` (`id`)
) ENGINE=InnoDB DEFAULT CHARSET=latin1;
/*!40101 SET character_set_client = @saved_cs_client */;

--
-- Dumping data for table `ArtistaMusicalTocouEm`
--

LOCK TABLES `ArtistaMusicalTocouEm` WRITE;
/*!40000 ALTER TABLE `ArtistaMusicalTocouEm` DISABLE KEYS */;
/*!40000 ALTER TABLE `ArtistaMusicalTocouEm` ENABLE KEYS */;
UNLOCK TABLES;

--
-- Table structure for table `Banda`
--

DROP TABLE IF EXISTS `Banda`;
/*!40101 SET @saved_cs_client     = @@character_set_client */;
/*!40101 SET character_set_client = utf8 */;
CREATE TABLE `Banda` (
  `id` int(11) NOT NULL,
  `data_fim` date DEFAULT NULL,
  `data_surgimento` date NOT NULL,
  PRIMARY KEY (`id`),
  CONSTRAINT `banda_ibfk_1` FOREIGN KEY (`id`) REFERENCES `ArtistaMusical` (`id`)
) ENGINE=InnoDB DEFAULT CHARSET=latin1;
/*!40101 SET character_set_client = @saved_cs_client */;

--
-- Dumping data for table `Banda`
--

LOCK TABLES `Banda` WRITE;
/*!40000 ALTER TABLE `Banda` DISABLE KEYS */;
/*!40000 ALTER TABLE `Banda` ENABLE KEYS */;
UNLOCK TABLES;

--
-- Table structure for table `Bloqueio`
--

DROP TABLE IF EXISTS `Bloqueio`;
/*!40101 SET @saved_cs_client     = @@character_set_client */;
/*!40101 SET character_set_client = utf8 */;
CREATE TABLE `Bloqueio` (
  `id_Pessoa` int(11) NOT NULL,
  `id_bloqueado` int(11) NOT NULL,
  `tipoBloqueio` varchar(255) NOT NULL,
  `descricao` varchar(511) DEFAULT NULL,
  KEY `id_Pessoa` (`id_Pessoa`),
  KEY `id_bloqueado` (`id_bloqueado`),
  CONSTRAINT `bloqueio_ibfk_1` FOREIGN KEY (`id_Pessoa`) REFERENCES `Pessoa` (`id`),
  CONSTRAINT `bloqueio_ibfk_2` FOREIGN KEY (`id_bloqueado`) REFERENCES `Pessoa` (`id`)
) ENGINE=InnoDB DEFAULT CHARSET=latin1;
/*!40101 SET character_set_client = @saved_cs_client */;

--
-- Dumping data for table `Bloqueio`
--

LOCK TABLES `Bloqueio` WRITE;
/*!40000 ALTER TABLE `Bloqueio` DISABLE KEYS */;
/*!40000 ALTER TABLE `Bloqueio` ENABLE KEYS */;
UNLOCK TABLES;

--
-- Table structure for table `Cantor`
--

DROP TABLE IF EXISTS `Cantor`;
/*!40101 SET @saved_cs_client     = @@character_set_client */;
/*!40101 SET character_set_client = utf8 */;
CREATE TABLE `Cantor` (
  `id` int(11) NOT NULL,
  `id_musico` int(11) NOT NULL,
  KEY `id` (`id`),
  KEY `id_musico` (`id_musico`),
  CONSTRAINT `cantor_ibfk_1` FOREIGN KEY (`id`) REFERENCES `ArtistaMusical` (`id`),
  CONSTRAINT `cantor_ibfk_2` FOREIGN KEY (`id_musico`) REFERENCES `Musico` (`id`)
) ENGINE=InnoDB DEFAULT CHARSET=latin1;
/*!40101 SET character_set_client = @saved_cs_client */;

--
-- Dumping data for table `Cantor`
--

LOCK TABLES `Cantor` WRITE;
/*!40000 ALTER TABLE `Cantor` DISABLE KEYS */;
/*!40000 ALTER TABLE `Cantor` ENABLE KEYS */;
UNLOCK TABLES;

--
-- Table structure for table `Cidade`
--

DROP TABLE IF EXISTS `Cidade`;
/*!40101 SET @saved_cs_client     = @@character_set_client */;
/*!40101 SET character_set_client = utf8 */;
CREATE TABLE `Cidade` (
  `id` int(11) NOT NULL AUTO_INCREMENT,
  `nome_cidade` varchar(100) NOT NULL,
  PRIMARY KEY (`id`)
) ENGINE=InnoDB AUTO_INCREMENT=126 DEFAULT CHARSET=latin1;
/*!40101 SET character_set_client = @saved_cs_client */;

--
-- Dumping data for table `Cidade`
--

LOCK TABLES `Cidade` WRITE;
/*!40000 ALTER TABLE `Cidade` DISABLE KEYS */;
INSERT INTO `Cidade` VALUES (1,'Osaka-shi'),(2,'London'),(3,'Sendai-shi'),(4,'Liverpool'),(5,'Sheffield'),(6,'Las Vegas'),(7,'Rio de Janeiro'),(8,'Teignmouth'),(9,'Cleveland'),(10,'Aberdeen'),(11,'Palm Desert'),(12,'Abingdon'),(13,'Akron'),(14,'Brighton'),(15,'New York'),(16,'Seoul'),(17,'Toronto'),(18,'Detroit'),(19,'Agoura Hills'),(20,'Los Angeles'),(21,'Kaiserslautern'),(22,'Sydney'),(23,'Hamburg'),(24,'Perth'),(25,'Eskilstuna'),(26,'Franklin'),(27,'Whitby'),(28,'Milton Keynes'),(29,'Boston'),(30,'Stockholm'),(31,'Sayreville'),(32,'Seattle'),(33,'Paris'),(34,'Ripley'),(35,'Orlando'),(36,'Hanna'),(37,'Manchester'),(38,'Cambridge'),(39,'Cambridge'),(40,'Huntington Beach'),(41,'Ottawa'),(42,'Kentwood'),(43,'Sao Paulo'),(44,'Barranquilla'),(45,'Austin'),(46,'San Diego'),(47,'San Francisco'),(48,'Rancho Santa Margarita'),(49,'Escatawpa'),(50,'Birmingham'),(51,'Brasilia'),(52,'El Cerrito'),(53,'Buffalo'),(54,'Santa Barbara'),(55,'Topeka'),(56,'Guarulhos'),(57,'Salvador'),(58,'Hanover'),(59,'Toms River'),(60,'Dublin'),(61,'Paulo'),(62,'Pasadena'),(63,'Middlesbrough'),(64,'Krefeld'),(65,'Nijmegen'),(66,'Fulda'),(67,'Glasgow'),(68,'Queens'),(69,'Kemi'),(70,'Santos'),(71,'Breda'),(72,'Chiba'),(73,'Fukuoka'),(74,'Montreal'),(75,'Washington'),(76,'Goiania'),(77,'Hermosa Beach'),(78,'Bellingham'),(79,'Richmond'),(80,'Bridgeport'),(81,'Tampa'),(82,'Essen'),(83,'Jacksonville'),(84,'Cuiaba'),(85,'Alton'),(86,'Arlington'),(87,'Huntington Park'),(88,'Macon'),(89,'Lodi'),(90,'Cincinnati'),(91,'Memphis'),(92,'Presidente Olegário'),(93,'Campo Grande'),(94,'Cachoeiro de Itapemirim'),(95,'Gerais'),(96,'Belo Horizonte'),(97,'Pirenopolis'),(98,'Lawrence'),(99,'Venice'),(100,'Hertfordshire'),(101,'Gweedore'),(102,'Porto Alegre'),(103,'Little Rock'),(104,'Kitee'),(105,'Boulder'),(106,'Ukiah'),(107,'Napanee'),(108,'Wilmette'),(109,'Bronx'),(110,'Nashville'),(111,'Cicero'),(112,'Newport Beach'),(113,'Ajax'),(114,'Moscow'),(115,'Orem'),(116,'Atlanta'),(117,'Duluth'),(118,'Darien'),(119,'Frankfurt'),(120,'Lahti'),(121,'Varginha'),(122,'Tappahannock'),(123,'Allapattah'),(124,'Miami'),(125,'Camden');
/*!40000 ALTER TABLE `Cidade` ENABLE KEYS */;
UNLOCK TABLES;

--
-- Table structure for table `Conhece`
--

DROP TABLE IF EXISTS `Conhece`;
/*!40101 SET @saved_cs_client     = @@character_set_client */;
/*!40101 SET character_set_client = utf8 */;
CREATE TABLE `Conhece` (
  `id_Pessoa` int(11) NOT NULL,
  `id_conhecido` int(11) NOT NULL,
  KEY `id_Pessoa` (`id_Pessoa`),
  KEY `id_conhecido` (`id_conhecido`),
  CONSTRAINT `conhece_ibfk_1` FOREIGN KEY (`id_Pessoa`) REFERENCES `Pessoa` (`id`),
  CONSTRAINT `conhece_ibfk_2` FOREIGN KEY (`id_conhecido`) REFERENCES `Pessoa` (`id`)
) ENGINE=InnoDB DEFAULT CHARSET=latin1;
/*!40101 SET character_set_client = @saved_cs_client */;

--
-- Dumping data for table `Conhece`
--

LOCK TABLES `Conhece` WRITE;
/*!40000 ALTER TABLE `Conhece` DISABLE KEYS */;
INSERT INTO `Conhece` VALUES (33,36),(33,8),(38,47),(38,17),(38,39),(38,18),(38,45),(38,41),(38,19),(38,26),(38,42),(38,43),(38,20),(38,21),(38,22),(38,15),(38,23),(17,38),(17,39),(17,40),(17,18),(17,24),(17,45),(17,41),(17,19),(17,26),(17,25),(17,42),(17,43),(17,20),(17,21),(17,44),(17,22),(17,15),(17,23),(40,47),(40,38),(40,17),(40,39),(40,18),(40,37),(40,24),(40,45),(40,41),(40,19),(40,26),(40,25),(40,42),(40,43),(40,20),(40,21),(40,44),(40,22),(40,15),(40,23),(51,47),(51,38),(51,7),(51,4),(51,13),(51,49),(51,11),(51,10),(51,8),(51,9),(51,32),(1,7),(18,17),(18,39),(18,26),(18,42),(18,20),(18,22),(18,23),(37,47),(37,24),(37,45),(37,3),(37,19),(37,30),(37,26),(37,25),(37,43),(37,23),(45,50),(3,47),(3,37),(3,16),(3,28),(19,47),(19,38),(19,17),(19,39),(19,40),(19,18),(19,24),(19,45),(19,41),(19,26),(19,25),(19,42),(19,43),(19,20),(19,21),(19,48),(19,15),(19,23),(30,47),(30,37),(30,4),(30,10),(36,16),(36,14),(36,28),(26,47),(26,38),(26,17),(26,39),(26,40),(26,18),(26,37),(26,24),(26,41),(26,19),(26,25),(26,43),(26,20),(26,21),(26,23),(2,47),(2,1),(2,46),(16,3),(16,36),(16,43),(16,28),(43,47),(43,38),(43,17),(43,39),(43,40),(43,18),(43,37),(43,24),(43,45),(43,41),(43,19),(43,36),(43,26),(43,25),(43,42),(43,16),(43,20),(43,46),(43,21),(43,48),(43,22),(43,15),(43,23),(46,47),(46,48),(46,10),(49,51),(49,4),(49,13),(49,11),(49,8),(49,9),(21,19),(21,20),(22,47),(22,17),(22,39),(22,18),(22,42),(8,33),(8,9),(6,47),(6,46),(6,8),(6,29),(6,32),(9,47),(9,7),(9,51),(9,37),(9,4),(9,13),(9,46),(9,49),(9,11),(9,8),(9,32),(23,47),(23,38),(23,17),(23,39),(23,40),(23,18),(23,37),(23,24),(23,45),(23,41),(23,19),(23,26),(23,25),(23,42),(23,43),(23,20),(23,21),(23,44),(23,22),(23,15),(50,45),(28,47),(28,40),(28,24),(28,3),(28,36),(28,25),(28,16),(28,20);
/*!40000 ALTER TABLE `Conhece` ENABLE KEYS */;
UNLOCK TABLES;

--
-- Table structure for table `GeneroArtistaMusical`
--

DROP TABLE IF EXISTS `GeneroArtistaMusical`;
/*!40101 SET @saved_cs_client     = @@character_set_client */;
/*!40101 SET character_set_client = utf8 */;
CREATE TABLE `GeneroArtistaMusical` (
  `id_artista_musical` int(11) NOT NULL,
  `id_genero` int(11) NOT NULL,
  `mbid` varchar(255) DEFAULT NULL,
  KEY `id_artista_musical` (`id_artista_musical`),
  KEY `id_genero` (`id_genero`),
  CONSTRAINT `generoartistamusical_ibfk_1` FOREIGN KEY (`id_artista_musical`) REFERENCES `ArtistaMusical` (`id`),
  CONSTRAINT `generoartistamusical_ibfk_2` FOREIGN KEY (`id_genero`) REFERENCES `GeneroMusical` (`id`)
) ENGINE=InnoDB DEFAULT CHARSET=latin1;
/*!40101 SET character_set_client = @saved_cs_client */;

--
-- Dumping data for table `GeneroArtistaMusical`
--

LOCK TABLES `GeneroArtistaMusical` WRITE;
/*!40000 ALTER TABLE `GeneroArtistaMusical` DISABLE KEYS */;
INSERT INTO `GeneroArtistaMusical` VALUES (1,543,'a3842d12-306c-498a-ae1d-03ee40e3f2ac'),(1,898,'a3842d12-306c-498a-ae1d-03ee40e3f2ac'),(1,543,'a3842d12-306c-498a-ae1d-03ee40e3f2ac'),(1,898,'a3842d12-306c-498a-ae1d-03ee40e3f2ac'),(2,342,'e21857d5-3256-4547-afb3-4b6ded592596'),(2,898,'e21857d5-3256-4547-afb3-4b6ded592596'),(2,342,'e21857d5-3256-4547-afb3-4b6ded592596'),(2,898,'e21857d5-3256-4547-afb3-4b6ded592596'),(3,543,'80e8a7f9-fbfc-4f43-921f-94b1b77379ce'),(3,543,'80e8a7f9-fbfc-4f43-921f-94b1b77379ce'),(4,543,'fee8e811-a2dc-4c09-8484-3c2aca38c3f9'),(4,538,'fee8e811-a2dc-4c09-8484-3c2aca38c3f9'),(4,38,'fee8e811-a2dc-4c09-8484-3c2aca38c3f9'),(4,543,'fee8e811-a2dc-4c09-8484-3c2aca38c3f9'),(4,538,'fee8e811-a2dc-4c09-8484-3c2aca38c3f9'),(4,38,'fee8e811-a2dc-4c09-8484-3c2aca38c3f9'),(5,194,'ba550d0e-adac-4864-b88b-407cab5e76af'),(5,898,'ba550d0e-adac-4864-b88b-407cab5e76af'),(5,938,'ba550d0e-adac-4864-b88b-407cab5e76af'),(5,824,'ba550d0e-adac-4864-b88b-407cab5e76af'),(5,194,'ba550d0e-adac-4864-b88b-407cab5e76af'),(5,898,'ba550d0e-adac-4864-b88b-407cab5e76af'),(5,938,'ba550d0e-adac-4864-b88b-407cab5e76af'),(5,824,'ba550d0e-adac-4864-b88b-407cab5e76af'),(6,194,'0383dadf-2a4e-4d10-a46a-e9e041da8eb3'),(6,898,'0383dadf-2a4e-4d10-a46a-e9e041da8eb3'),(6,466,'0383dadf-2a4e-4d10-a46a-e9e041da8eb3'),(6,433,'0383dadf-2a4e-4d10-a46a-e9e041da8eb3'),(6,194,'0383dadf-2a4e-4d10-a46a-e9e041da8eb3'),(6,898,'0383dadf-2a4e-4d10-a46a-e9e041da8eb3'),(6,466,'0383dadf-2a4e-4d10-a46a-e9e041da8eb3'),(6,433,'0383dadf-2a4e-4d10-a46a-e9e041da8eb3'),(7,303,'b042defc-4d12-414d-a678-0dcabefffa26'),(8,194,'b10bbbfc-cf9e-42e0-be17-e2c3e1d2600d'),(8,898,'b10bbbfc-cf9e-42e0-be17-e2c3e1d2600d'),(8,824,'b10bbbfc-cf9e-42e0-be17-e2c3e1d2600d'),(7,303,'b042defc-4d12-414d-a678-0dcabefffa26'),(9,510,'ada7a83c-e3e1-40f1-93f9-3e73dbc9298a'),(9,898,'ada7a83c-e3e1-40f1-93f9-3e73dbc9298a'),(8,194,'b10bbbfc-cf9e-42e0-be17-e2c3e1d2600d'),(8,898,'b10bbbfc-cf9e-42e0-be17-e2c3e1d2600d'),(8,824,'b10bbbfc-cf9e-42e0-be17-e2c3e1d2600d'),(10,510,'012151a8-0f9a-44c9-997f-ebd68b5389f9'),(10,898,'012151a8-0f9a-44c9-997f-ebd68b5389f9'),(10,508,'012151a8-0f9a-44c9-997f-ebd68b5389f9'),(9,510,'ada7a83c-e3e1-40f1-93f9-3e73dbc9298a'),(9,898,'ada7a83c-e3e1-40f1-93f9-3e73dbc9298a'),(11,726,'557ac15e-7800-44c3-bb62-d4ab34ac1e28'),(11,31,'557ac15e-7800-44c3-bb62-d4ab34ac1e28'),(11,898,'557ac15e-7800-44c3-bb62-d4ab34ac1e28'),(10,510,'012151a8-0f9a-44c9-997f-ebd68b5389f9'),(10,898,'012151a8-0f9a-44c9-997f-ebd68b5389f9'),(10,508,'012151a8-0f9a-44c9-997f-ebd68b5389f9'),(12,31,'1695c115-bf3f-4014-9966-2b0c50179193'),(12,898,'1695c115-bf3f-4014-9966-2b0c50179193'),(12,854,'1695c115-bf3f-4014-9966-2b0c50179193'),(11,726,'557ac15e-7800-44c3-bb62-d4ab34ac1e28'),(11,31,'557ac15e-7800-44c3-bb62-d4ab34ac1e28'),(11,898,'557ac15e-7800-44c3-bb62-d4ab34ac1e28'),(13,516,'b7ffd2af-418f-4be2-bdd1-22f8b48613da'),(13,518,'b7ffd2af-418f-4be2-bdd1-22f8b48613da'),(13,898,'b7ffd2af-418f-4be2-bdd1-22f8b48613da'),(13,342,'b7ffd2af-418f-4be2-bdd1-22f8b48613da'),(12,31,'1695c115-bf3f-4014-9966-2b0c50179193'),(12,898,'1695c115-bf3f-4014-9966-2b0c50179193'),(12,854,'1695c115-bf3f-4014-9966-2b0c50179193'),(14,454,'5b11f4ce-a62d-471e-81fc-a69a8278c7da'),(14,898,'5b11f4ce-a62d-471e-81fc-a69a8278c7da'),(14,31,'5b11f4ce-a62d-471e-81fc-a69a8278c7da'),(13,516,'b7ffd2af-418f-4be2-bdd1-22f8b48613da'),(13,518,'b7ffd2af-418f-4be2-bdd1-22f8b48613da'),(13,898,'b7ffd2af-418f-4be2-bdd1-22f8b48613da'),(13,342,'b7ffd2af-418f-4be2-bdd1-22f8b48613da'),(15,31,'81b9963b-7ff7-47f7-9afb-fe454d8db43c'),(15,898,'81b9963b-7ff7-47f7-9afb-fe454d8db43c'),(15,115,'81b9963b-7ff7-47f7-9afb-fe454d8db43c'),(14,454,'5b11f4ce-a62d-471e-81fc-a69a8278c7da'),(14,898,'5b11f4ce-a62d-471e-81fc-a69a8278c7da'),(14,31,'5b11f4ce-a62d-471e-81fc-a69a8278c7da'),(16,987,'246aa41e-8a40-4018-a6d6-8fb646418c25'),(16,898,'246aa41e-8a40-4018-a6d6-8fb646418c25'),(16,31,'246aa41e-8a40-4018-a6d6-8fb646418c25'),(16,466,'246aa41e-8a40-4018-a6d6-8fb646418c25'),(15,31,'81b9963b-7ff7-47f7-9afb-fe454d8db43c'),(15,898,'81b9963b-7ff7-47f7-9afb-fe454d8db43c'),(15,115,'81b9963b-7ff7-47f7-9afb-fe454d8db43c'),(17,31,'a74b1b7f-71a5-4011-9441-d0b5e4122711'),(17,898,'a74b1b7f-71a5-4011-9441-d0b5e4122711'),(17,342,'a74b1b7f-71a5-4011-9441-d0b5e4122711'),(16,987,'246aa41e-8a40-4018-a6d6-8fb646418c25'),(16,898,'246aa41e-8a40-4018-a6d6-8fb646418c25'),(16,31,'246aa41e-8a40-4018-a6d6-8fb646418c25'),(16,466,'246aa41e-8a40-4018-a6d6-8fb646418c25'),(18,87,'d15721d8-56b4-453d-b506-fc915b14cba2'),(18,898,'d15721d8-56b4-453d-b506-fc915b14cba2'),(18,510,'d15721d8-56b4-453d-b506-fc915b14cba2'),(17,31,'a74b1b7f-71a5-4011-9441-d0b5e4122711'),(17,898,'a74b1b7f-71a5-4011-9441-d0b5e4122711'),(17,342,'a74b1b7f-71a5-4011-9441-d0b5e4122711'),(19,510,'c41c6a32-cd7e-4cce-8859-559efdd457b3'),(19,115,'c41c6a32-cd7e-4cce-8859-559efdd457b3'),(18,87,'d15721d8-56b4-453d-b506-fc915b14cba2'),(18,898,'d15721d8-56b4-453d-b506-fc915b14cba2'),(18,510,'d15721d8-56b4-453d-b506-fc915b14cba2'),(20,510,'f181961b-20f7-459e-89de-920ef03c7ed0'),(20,898,'f181961b-20f7-459e-89de-920ef03c7ed0'),(20,31,'f181961b-20f7-459e-89de-920ef03c7ed0'),(19,510,'c41c6a32-cd7e-4cce-8859-559efdd457b3'),(19,115,'c41c6a32-cd7e-4cce-8859-559efdd457b3'),(20,510,'f181961b-20f7-459e-89de-920ef03c7ed0'),(20,898,'f181961b-20f7-459e-89de-920ef03c7ed0'),(20,31,'f181961b-20f7-459e-89de-920ef03c7ed0'),(22,59,'ff222983-7204-4b53-be2b-0971333ad53a'),(22,824,'ff222983-7204-4b53-be2b-0971333ad53a'),(21,572,'9102bdf6-b03e-4470-9f78-12127c4995cc'),(21,431,'9102bdf6-b03e-4470-9f78-12127c4995cc'),(21,824,'9102bdf6-b03e-4470-9f78-12127c4995cc'),(23,493,'316f2aab-3477-4c62-bb08-eb04dcdcc18f'),(23,342,'316f2aab-3477-4c62-bb08-eb04dcdcc18f'),(23,851,'316f2aab-3477-4c62-bb08-eb04dcdcc18f'),(23,332,'316f2aab-3477-4c62-bb08-eb04dcdcc18f'),(23,657,'316f2aab-3477-4c62-bb08-eb04dcdcc18f'),(22,59,'ff222983-7204-4b53-be2b-0971333ad53a'),(22,824,'ff222983-7204-4b53-be2b-0971333ad53a'),(24,879,'b95ce3ff-3d05-4e87-9e01-c97b66af13d4'),(24,485,'b95ce3ff-3d05-4e87-9e01-c97b66af13d4'),(24,824,'b95ce3ff-3d05-4e87-9e01-c97b66af13d4'),(23,493,'316f2aab-3477-4c62-bb08-eb04dcdcc18f'),(23,342,'316f2aab-3477-4c62-bb08-eb04dcdcc18f'),(23,851,'316f2aab-3477-4c62-bb08-eb04dcdcc18f'),(23,332,'316f2aab-3477-4c62-bb08-eb04dcdcc18f'),(23,657,'316f2aab-3477-4c62-bb08-eb04dcdcc18f'),(25,898,'f59c5520-5f46-4d2c-b2c4-822eabf53419'),(25,784,'f59c5520-5f46-4d2c-b2c4-822eabf53419'),(25,31,'f59c5520-5f46-4d2c-b2c4-822eabf53419'),(25,646,'f59c5520-5f46-4d2c-b2c4-822eabf53419'),(24,879,'b95ce3ff-3d05-4e87-9e01-c97b66af13d4'),(24,485,'b95ce3ff-3d05-4e87-9e01-c97b66af13d4'),(24,824,'b95ce3ff-3d05-4e87-9e01-c97b66af13d4'),(26,962,'da02dddc-60fa-4ca4-88bb-8012598f1f86'),(25,898,'f59c5520-5f46-4d2c-b2c4-822eabf53419'),(25,784,'f59c5520-5f46-4d2c-b2c4-822eabf53419'),(25,31,'f59c5520-5f46-4d2c-b2c4-822eabf53419'),(25,646,'f59c5520-5f46-4d2c-b2c4-822eabf53419'),(26,962,'da02dddc-60fa-4ca4-88bb-8012598f1f86'),(28,334,'56c4b861-0922-4c3a-a9b9-3bfcb00f8274'),(28,342,'56c4b861-0922-4c3a-a9b9-3bfcb00f8274'),(28,493,'56c4b861-0922-4c3a-a9b9-3bfcb00f8274'),(28,332,'56c4b861-0922-4c3a-a9b9-3bfcb00f8274'),(28,315,'56c4b861-0922-4c3a-a9b9-3bfcb00f8274'),(29,466,'66c662b6-6e2f-4930-8610-912e24c63ed1'),(29,194,'66c662b6-6e2f-4930-8610-912e24c63ed1'),(29,898,'66c662b6-6e2f-4930-8610-912e24c63ed1'),(29,646,'66c662b6-6e2f-4930-8610-912e24c63ed1'),(28,334,'56c4b861-0922-4c3a-a9b9-3bfcb00f8274'),(28,342,'56c4b861-0922-4c3a-a9b9-3bfcb00f8274'),(28,493,'56c4b861-0922-4c3a-a9b9-3bfcb00f8274'),(28,332,'56c4b861-0922-4c3a-a9b9-3bfcb00f8274'),(28,315,'56c4b861-0922-4c3a-a9b9-3bfcb00f8274'),(30,843,'765774a0-2060-469b-8b7d-612eea48579b'),(30,977,'765774a0-2060-469b-8b7d-612eea48579b'),(30,646,'765774a0-2060-469b-8b7d-612eea48579b'),(29,466,'66c662b6-6e2f-4930-8610-912e24c63ed1'),(29,194,'66c662b6-6e2f-4930-8610-912e24c63ed1'),(29,898,'66c662b6-6e2f-4930-8610-912e24c63ed1'),(29,646,'66c662b6-6e2f-4930-8610-912e24c63ed1'),(31,646,'7c3762a3-51f8-4cf3-8565-1ee26a90efe2'),(31,789,'7c3762a3-51f8-4cf3-8565-1ee26a90efe2'),(31,466,'7c3762a3-51f8-4cf3-8565-1ee26a90efe2'),(31,898,'7c3762a3-51f8-4cf3-8565-1ee26a90efe2'),(30,843,'765774a0-2060-469b-8b7d-612eea48579b'),(30,977,'765774a0-2060-469b-8b7d-612eea48579b'),(30,646,'765774a0-2060-469b-8b7d-612eea48579b'),(32,854,'9ee2638f-c3a3-4532-bc08-54d397241c2a'),(32,31,'9ee2638f-c3a3-4532-bc08-54d397241c2a'),(32,898,'9ee2638f-c3a3-4532-bc08-54d397241c2a'),(31,646,'7c3762a3-51f8-4cf3-8565-1ee26a90efe2'),(31,789,'7c3762a3-51f8-4cf3-8565-1ee26a90efe2'),(31,466,'7c3762a3-51f8-4cf3-8565-1ee26a90efe2'),(31,898,'7c3762a3-51f8-4cf3-8565-1ee26a90efe2'),(33,646,'65f4f0c5-ef9e-490c-aee3-909e7ae6b2ab'),(33,466,'65f4f0c5-ef9e-490c-aee3-909e7ae6b2ab'),(33,898,'65f4f0c5-ef9e-490c-aee3-909e7ae6b2ab'),(32,854,'9ee2638f-c3a3-4532-bc08-54d397241c2a'),(32,31,'9ee2638f-c3a3-4532-bc08-54d397241c2a'),(32,898,'9ee2638f-c3a3-4532-bc08-54d397241c2a'),(34,852,'f7c65346-9631-4220-9188-5e90baae58d5'),(34,854,'f7c65346-9631-4220-9188-5e90baae58d5'),(34,646,'f7c65346-9631-4220-9188-5e90baae58d5'),(33,646,'65f4f0c5-ef9e-490c-aee3-909e7ae6b2ab'),(33,466,'65f4f0c5-ef9e-490c-aee3-909e7ae6b2ab'),(33,898,'65f4f0c5-ef9e-490c-aee3-909e7ae6b2ab'),(35,898,'44cf61b8-5197-448a-b82b-cef6ee89fac5'),(35,828,'44cf61b8-5197-448a-b82b-cef6ee89fac5'),(35,344,'44cf61b8-5197-448a-b82b-cef6ee89fac5'),(34,852,'f7c65346-9631-4220-9188-5e90baae58d5'),(34,854,'f7c65346-9631-4220-9188-5e90baae58d5'),(34,646,'f7c65346-9631-4220-9188-5e90baae58d5'),(36,648,'6318e724-7e6b-4e41-a35b-080065077c80'),(36,629,'6318e724-7e6b-4e41-a35b-080065077c80'),(36,852,'6318e724-7e6b-4e41-a35b-080065077c80'),(36,837,'6318e724-7e6b-4e41-a35b-080065077c80'),(36,359,'6318e724-7e6b-4e41-a35b-080065077c80'),(35,898,'44cf61b8-5197-448a-b82b-cef6ee89fac5'),(35,828,'44cf61b8-5197-448a-b82b-cef6ee89fac5'),(35,344,'44cf61b8-5197-448a-b82b-cef6ee89fac5'),(37,852,'acaede2d-f652-4a37-9ce0-efd994a3e678'),(37,299,'acaede2d-f652-4a37-9ce0-efd994a3e678'),(37,629,'acaede2d-f652-4a37-9ce0-efd994a3e678'),(36,648,'6318e724-7e6b-4e41-a35b-080065077c80'),(36,629,'6318e724-7e6b-4e41-a35b-080065077c80'),(36,852,'6318e724-7e6b-4e41-a35b-080065077c80'),(36,837,'6318e724-7e6b-4e41-a35b-080065077c80'),(36,359,'6318e724-7e6b-4e41-a35b-080065077c80'),(38,852,'006495a7-2ed5-4df2-bc9b-acb4af499375'),(38,299,'006495a7-2ed5-4df2-bc9b-acb4af499375'),(37,852,'acaede2d-f652-4a37-9ce0-efd994a3e678'),(37,299,'acaede2d-f652-4a37-9ce0-efd994a3e678'),(37,629,'acaede2d-f652-4a37-9ce0-efd994a3e678'),(38,852,'006495a7-2ed5-4df2-bc9b-acb4af499375'),(38,299,'006495a7-2ed5-4df2-bc9b-acb4af499375'),(39,898,'3d2b98e5-556f-4451-a3ff-c50ea18d57cb'),(39,194,'3d2b98e5-556f-4451-a3ff-c50ea18d57cb'),(39,466,'3d2b98e5-556f-4451-a3ff-c50ea18d57cb'),(39,898,'3d2b98e5-556f-4451-a3ff-c50ea18d57cb'),(39,194,'3d2b98e5-556f-4451-a3ff-c50ea18d57cb'),(39,466,'3d2b98e5-556f-4451-a3ff-c50ea18d57cb'),(9,510,'ada7a83c-e3e1-40f1-93f9-3e73dbc9298a'),(9,898,'ada7a83c-e3e1-40f1-93f9-3e73dbc9298a'),(9,510,'ada7a83c-e3e1-40f1-93f9-3e73dbc9298a'),(9,898,'ada7a83c-e3e1-40f1-93f9-3e73dbc9298a'),(41,898,'020bfbb4-05c3-4c86-b372-17825c262094'),(41,31,'020bfbb4-05c3-4c86-b372-17825c262094'),(41,466,'020bfbb4-05c3-4c86-b372-17825c262094'),(41,454,'020bfbb4-05c3-4c86-b372-17825c262094'),(41,898,'020bfbb4-05c3-4c86-b372-17825c262094'),(41,31,'020bfbb4-05c3-4c86-b372-17825c262094'),(41,466,'020bfbb4-05c3-4c86-b372-17825c262094'),(41,454,'020bfbb4-05c3-4c86-b372-17825c262094'),(42,493,'24b930c0-5f27-4723-a5aa-3b8b830fb914'),(42,342,'24b930c0-5f27-4723-a5aa-3b8b830fb914'),(42,851,'24b930c0-5f27-4723-a5aa-3b8b830fb914'),(42,334,'24b930c0-5f27-4723-a5aa-3b8b830fb914'),(42,493,'24b930c0-5f27-4723-a5aa-3b8b830fb914'),(42,342,'24b930c0-5f27-4723-a5aa-3b8b830fb914'),(42,851,'24b930c0-5f27-4723-a5aa-3b8b830fb914'),(42,334,'24b930c0-5f27-4723-a5aa-3b8b830fb914'),(43,898,'5dcdb5eb-cb72-4e6e-9e63-b7bace604965'),(43,466,'5dcdb5eb-cb72-4e6e-9e63-b7bace604965'),(43,194,'5dcdb5eb-cb72-4e6e-9e63-b7bace604965'),(43,898,'5dcdb5eb-cb72-4e6e-9e63-b7bace604965'),(43,466,'5dcdb5eb-cb72-4e6e-9e63-b7bace604965'),(43,194,'5dcdb5eb-cb72-4e6e-9e63-b7bace604965'),(44,898,'cbf9738d-8f81-4a92-bc64-ede09341652d'),(44,454,'cbf9738d-8f81-4a92-bc64-ede09341652d'),(44,31,'cbf9738d-8f81-4a92-bc64-ede09341652d'),(44,938,'cbf9738d-8f81-4a92-bc64-ede09341652d'),(44,898,'cbf9738d-8f81-4a92-bc64-ede09341652d'),(44,454,'cbf9738d-8f81-4a92-bc64-ede09341652d'),(44,31,'cbf9738d-8f81-4a92-bc64-ede09341652d'),(44,938,'cbf9738d-8f81-4a92-bc64-ede09341652d'),(45,342,'056e4f3e-d505-4dad-8ec1-d04f521cbb56'),(45,493,'056e4f3e-d505-4dad-8ec1-d04f521cbb56'),(45,343,'056e4f3e-d505-4dad-8ec1-d04f521cbb56'),(45,342,'056e4f3e-d505-4dad-8ec1-d04f521cbb56'),(45,493,'056e4f3e-d505-4dad-8ec1-d04f521cbb56'),(45,343,'056e4f3e-d505-4dad-8ec1-d04f521cbb56'),(46,194,'05c35c95-dcbd-4492-b091-7f05a2091d47'),(46,87,'05c35c95-dcbd-4492-b091-7f05a2091d47'),(46,898,'05c35c95-dcbd-4492-b091-7f05a2091d47'),(46,194,'05c35c95-dcbd-4492-b091-7f05a2091d47'),(46,87,'05c35c95-dcbd-4492-b091-7f05a2091d47'),(46,898,'05c35c95-dcbd-4492-b091-7f05a2091d47'),(47,508,'5fee3020-513b-48c2-b1f7-4681b01db0c6'),(47,508,'5fee3020-513b-48c2-b1f7-4681b01db0c6'),(48,493,'170d6637-36e0-49dd-a225-c4fd5b77a285'),(48,851,'170d6637-36e0-49dd-a225-c4fd5b77a285'),(48,334,'170d6637-36e0-49dd-a225-c4fd5b77a285'),(48,332,'170d6637-36e0-49dd-a225-c4fd5b77a285'),(48,493,'170d6637-36e0-49dd-a225-c4fd5b77a285'),(48,851,'170d6637-36e0-49dd-a225-c4fd5b77a285'),(48,334,'170d6637-36e0-49dd-a225-c4fd5b77a285'),(48,332,'170d6637-36e0-49dd-a225-c4fd5b77a285'),(25,898,'f59c5520-5f46-4d2c-b2c4-822eabf53419'),(25,784,'f59c5520-5f46-4d2c-b2c4-822eabf53419'),(25,31,'f59c5520-5f46-4d2c-b2c4-822eabf53419'),(25,898,'f59c5520-5f46-4d2c-b2c4-822eabf53419'),(25,646,'f59c5520-5f46-4d2c-b2c4-822eabf53419'),(25,784,'f59c5520-5f46-4d2c-b2c4-822eabf53419'),(25,31,'f59c5520-5f46-4d2c-b2c4-822eabf53419'),(25,646,'f59c5520-5f46-4d2c-b2c4-822eabf53419'),(50,898,'0ab49580-c84f-44d4-875f-d83760ea2cfe'),(50,824,'0ab49580-c84f-44d4-875f-d83760ea2cfe'),(50,830,'0ab49580-c84f-44d4-875f-d83760ea2cfe'),(50,31,'0ab49580-c84f-44d4-875f-d83760ea2cfe'),(50,898,'0ab49580-c84f-44d4-875f-d83760ea2cfe'),(50,824,'0ab49580-c84f-44d4-875f-d83760ea2cfe'),(50,830,'0ab49580-c84f-44d4-875f-d83760ea2cfe'),(50,31,'0ab49580-c84f-44d4-875f-d83760ea2cfe'),(12,31,'1695c115-bf3f-4014-9966-2b0c50179193'),(12,898,'1695c115-bf3f-4014-9966-2b0c50179193'),(12,854,'1695c115-bf3f-4014-9966-2b0c50179193'),(12,31,'1695c115-bf3f-4014-9966-2b0c50179193'),(12,898,'1695c115-bf3f-4014-9966-2b0c50179193'),(12,854,'1695c115-bf3f-4014-9966-2b0c50179193'),(53,898,'bc710bcf-8815-42cf-bad2-3f1d12246aeb'),(53,31,'bc710bcf-8815-42cf-bad2-3f1d12246aeb'),(53,466,'bc710bcf-8815-42cf-bad2-3f1d12246aeb'),(53,898,'bc710bcf-8815-42cf-bad2-3f1d12246aeb'),(53,31,'bc710bcf-8815-42cf-bad2-3f1d12246aeb'),(53,466,'bc710bcf-8815-42cf-bad2-3f1d12246aeb'),(13,516,'b7ffd2af-418f-4be2-bdd1-22f8b48613da'),(13,518,'b7ffd2af-418f-4be2-bdd1-22f8b48613da'),(13,898,'b7ffd2af-418f-4be2-bdd1-22f8b48613da'),(13,342,'b7ffd2af-418f-4be2-bdd1-22f8b48613da'),(13,516,'b7ffd2af-418f-4be2-bdd1-22f8b48613da'),(13,518,'b7ffd2af-418f-4be2-bdd1-22f8b48613da'),(13,898,'b7ffd2af-418f-4be2-bdd1-22f8b48613da'),(13,342,'b7ffd2af-418f-4be2-bdd1-22f8b48613da'),(55,115,'39ab1aed-75e0-4140-bd47-540276886b60'),(55,898,'39ab1aed-75e0-4140-bd47-540276886b60'),(55,115,'39ab1aed-75e0-4140-bd47-540276886b60'),(55,898,'39ab1aed-75e0-4140-bd47-540276886b60'),(56,854,'83d91898-7763-47d7-b03b-b92132375c47'),(56,194,'83d91898-7763-47d7-b03b-b92132375c47'),(56,860,'83d91898-7763-47d7-b03b-b92132375c47'),(56,898,'83d91898-7763-47d7-b03b-b92132375c47'),(56,854,'83d91898-7763-47d7-b03b-b92132375c47'),(56,194,'83d91898-7763-47d7-b03b-b92132375c47'),(56,860,'83d91898-7763-47d7-b03b-b92132375c47'),(56,898,'83d91898-7763-47d7-b03b-b92132375c47'),(57,898,'8bfac288-ccc5-448d-9573-c33ea2aa5c30'),(57,31,'8bfac288-ccc5-448d-9573-c33ea2aa5c30'),(57,405,'8bfac288-ccc5-448d-9573-c33ea2aa5c30'),(57,407,'8bfac288-ccc5-448d-9573-c33ea2aa5c30'),(57,898,'8bfac288-ccc5-448d-9573-c33ea2aa5c30'),(57,31,'8bfac288-ccc5-448d-9573-c33ea2aa5c30'),(57,405,'8bfac288-ccc5-448d-9573-c33ea2aa5c30'),(57,407,'8bfac288-ccc5-448d-9573-c33ea2aa5c30'),(58,867,'23a03e33-a603-404e-bcbf-2c00159d7067'),(58,898,'23a03e33-a603-404e-bcbf-2c00159d7067'),(58,31,'23a03e33-a603-404e-bcbf-2c00159d7067'),(58,867,'23a03e33-a603-404e-bcbf-2c00159d7067'),(58,898,'23a03e33-a603-404e-bcbf-2c00159d7067'),(58,31,'23a03e33-a603-404e-bcbf-2c00159d7067'),(28,334,'56c4b861-0922-4c3a-a9b9-3bfcb00f8274'),(28,342,'56c4b861-0922-4c3a-a9b9-3bfcb00f8274'),(28,493,'56c4b861-0922-4c3a-a9b9-3bfcb00f8274'),(28,332,'56c4b861-0922-4c3a-a9b9-3bfcb00f8274'),(28,315,'56c4b861-0922-4c3a-a9b9-3bfcb00f8274'),(28,334,'56c4b861-0922-4c3a-a9b9-3bfcb00f8274'),(28,342,'56c4b861-0922-4c3a-a9b9-3bfcb00f8274'),(28,493,'56c4b861-0922-4c3a-a9b9-3bfcb00f8274'),(28,332,'56c4b861-0922-4c3a-a9b9-3bfcb00f8274'),(28,315,'56c4b861-0922-4c3a-a9b9-3bfcb00f8274'),(60,898,'4bdcee62-4902-4773-8cd1-e252e2e31225'),(60,938,'4bdcee62-4902-4773-8cd1-e252e2e31225'),(60,824,'4bdcee62-4902-4773-8cd1-e252e2e31225'),(60,898,'4bdcee62-4902-4773-8cd1-e252e2e31225'),(60,938,'4bdcee62-4902-4773-8cd1-e252e2e31225'),(60,824,'4bdcee62-4902-4773-8cd1-e252e2e31225'),(61,824,'2f4f5d16-7102-4110-97fd-f5c365d6bb26'),(61,824,'2f4f5d16-7102-4110-97fd-f5c365d6bb26'),(62,726,'7739f53a-f809-48a3-942a-fbea493f0a17'),(62,92,'7739f53a-f809-48a3-942a-fbea493f0a17'),(62,726,'7739f53a-f809-48a3-942a-fbea493f0a17'),(62,92,'7739f53a-f809-48a3-942a-fbea493f0a17'),(63,379,'76858c01-acf4-4630-84f3-1b5208c390db'),(63,726,'76858c01-acf4-4630-84f3-1b5208c390db'),(63,379,'76858c01-acf4-4630-84f3-1b5208c390db'),(63,726,'76858c01-acf4-4630-84f3-1b5208c390db'),(64,379,'57ea5b34-a835-41c2-a82d-25a49cb719ca'),(64,938,'57ea5b34-a835-41c2-a82d-25a49cb719ca'),(64,379,'57ea5b34-a835-41c2-a82d-25a49cb719ca'),(64,938,'57ea5b34-a835-41c2-a82d-25a49cb719ca'),(65,466,'eeb1195b-f213-4ce1-b28c-8565211f8e43'),(65,898,'eeb1195b-f213-4ce1-b28c-8565211f8e43'),(65,466,'eeb1195b-f213-4ce1-b28c-8565211f8e43'),(65,898,'eeb1195b-f213-4ce1-b28c-8565211f8e43'),(11,726,'557ac15e-7800-44c3-bb62-d4ab34ac1e28'),(11,31,'557ac15e-7800-44c3-bb62-d4ab34ac1e28'),(11,898,'557ac15e-7800-44c3-bb62-d4ab34ac1e28'),(11,726,'557ac15e-7800-44c3-bb62-d4ab34ac1e28'),(11,31,'557ac15e-7800-44c3-bb62-d4ab34ac1e28'),(11,898,'557ac15e-7800-44c3-bb62-d4ab34ac1e28'),(33,646,'65f4f0c5-ef9e-490c-aee3-909e7ae6b2ab'),(33,466,'65f4f0c5-ef9e-490c-aee3-909e7ae6b2ab'),(33,898,'65f4f0c5-ef9e-490c-aee3-909e7ae6b2ab'),(14,454,'5b11f4ce-a62d-471e-81fc-a69a8278c7da'),(14,898,'5b11f4ce-a62d-471e-81fc-a69a8278c7da'),(14,31,'5b11f4ce-a62d-471e-81fc-a69a8278c7da'),(33,646,'65f4f0c5-ef9e-490c-aee3-909e7ae6b2ab'),(33,466,'65f4f0c5-ef9e-490c-aee3-909e7ae6b2ab'),(33,898,'65f4f0c5-ef9e-490c-aee3-909e7ae6b2ab'),(69,898,'00034ede-a1f1-4219-be39-02f36853373e'),(69,887,'00034ede-a1f1-4219-be39-02f36853373e'),(14,454,'5b11f4ce-a62d-471e-81fc-a69a8278c7da'),(14,898,'5b11f4ce-a62d-471e-81fc-a69a8278c7da'),(14,31,'5b11f4ce-a62d-471e-81fc-a69a8278c7da'),(70,824,'726cb350-d775-4e07-b006-898555f24b0d'),(70,589,'726cb350-d775-4e07-b006-898555f24b0d'),(70,898,'726cb350-d775-4e07-b006-898555f24b0d'),(69,898,'00034ede-a1f1-4219-be39-02f36853373e'),(69,887,'00034ede-a1f1-4219-be39-02f36853373e'),(71,454,'4bd95eea-b9f6-4d70-a36c-cfea77431553'),(71,898,'4bd95eea-b9f6-4d70-a36c-cfea77431553'),(71,31,'4bd95eea-b9f6-4d70-a36c-cfea77431553'),(71,466,'4bd95eea-b9f6-4d70-a36c-cfea77431553'),(72,194,'0053dbd9-bfbc-4e38-9f08-66a27d914c38'),(72,898,'0053dbd9-bfbc-4e38-9f08-66a27d914c38'),(72,466,'0053dbd9-bfbc-4e38-9f08-66a27d914c38'),(72,311,'0053dbd9-bfbc-4e38-9f08-66a27d914c38'),(70,824,'726cb350-d775-4e07-b006-898555f24b0d'),(70,589,'726cb350-d775-4e07-b006-898555f24b0d'),(70,898,'726cb350-d775-4e07-b006-898555f24b0d'),(73,466,'019b9b96-35eb-4e82-b794-63e770596282'),(73,898,'019b9b96-35eb-4e82-b794-63e770596282'),(73,194,'019b9b96-35eb-4e82-b794-63e770596282'),(73,791,'019b9b96-35eb-4e82-b794-63e770596282'),(71,454,'4bd95eea-b9f6-4d70-a36c-cfea77431553'),(71,898,'4bd95eea-b9f6-4d70-a36c-cfea77431553'),(71,31,'4bd95eea-b9f6-4d70-a36c-cfea77431553'),(71,466,'4bd95eea-b9f6-4d70-a36c-cfea77431553'),(72,194,'0053dbd9-bfbc-4e38-9f08-66a27d914c38'),(72,898,'0053dbd9-bfbc-4e38-9f08-66a27d914c38'),(72,466,'0053dbd9-bfbc-4e38-9f08-66a27d914c38'),(72,311,'0053dbd9-bfbc-4e38-9f08-66a27d914c38'),(23,493,'316f2aab-3477-4c62-bb08-eb04dcdcc18f'),(23,342,'316f2aab-3477-4c62-bb08-eb04dcdcc18f'),(23,851,'316f2aab-3477-4c62-bb08-eb04dcdcc18f'),(23,332,'316f2aab-3477-4c62-bb08-eb04dcdcc18f'),(23,657,'316f2aab-3477-4c62-bb08-eb04dcdcc18f'),(73,466,'019b9b96-35eb-4e82-b794-63e770596282'),(73,898,'019b9b96-35eb-4e82-b794-63e770596282'),(73,194,'019b9b96-35eb-4e82-b794-63e770596282'),(73,791,'019b9b96-35eb-4e82-b794-63e770596282'),(75,33,'1c4b9280-7bee-4fdd-8886-daa627d471a0'),(75,359,'1c4b9280-7bee-4fdd-8886-daa627d471a0'),(75,833,'1c4b9280-7bee-4fdd-8886-daa627d471a0'),(23,493,'316f2aab-3477-4c62-bb08-eb04dcdcc18f'),(23,342,'316f2aab-3477-4c62-bb08-eb04dcdcc18f'),(23,851,'316f2aab-3477-4c62-bb08-eb04dcdcc18f'),(23,332,'316f2aab-3477-4c62-bb08-eb04dcdcc18f'),(23,657,'316f2aab-3477-4c62-bb08-eb04dcdcc18f'),(33,646,'65f4f0c5-ef9e-490c-aee3-909e7ae6b2ab'),(33,466,'65f4f0c5-ef9e-490c-aee3-909e7ae6b2ab'),(33,898,'65f4f0c5-ef9e-490c-aee3-909e7ae6b2ab'),(75,33,'1c4b9280-7bee-4fdd-8886-daa627d471a0'),(75,359,'1c4b9280-7bee-4fdd-8886-daa627d471a0'),(75,833,'1c4b9280-7bee-4fdd-8886-daa627d471a0'),(33,646,'65f4f0c5-ef9e-490c-aee3-909e7ae6b2ab'),(33,466,'65f4f0c5-ef9e-490c-aee3-909e7ae6b2ab'),(33,898,'65f4f0c5-ef9e-490c-aee3-909e7ae6b2ab'),(56,854,'83d91898-7763-47d7-b03b-b92132375c47'),(56,194,'83d91898-7763-47d7-b03b-b92132375c47'),(56,860,'83d91898-7763-47d7-b03b-b92132375c47'),(56,898,'83d91898-7763-47d7-b03b-b92132375c47'),(56,854,'83d91898-7763-47d7-b03b-b92132375c47'),(56,194,'83d91898-7763-47d7-b03b-b92132375c47'),(56,860,'83d91898-7763-47d7-b03b-b92132375c47'),(56,898,'83d91898-7763-47d7-b03b-b92132375c47'),(6,194,'0383dadf-2a4e-4d10-a46a-e9e041da8eb3'),(6,898,'0383dadf-2a4e-4d10-a46a-e9e041da8eb3'),(6,466,'0383dadf-2a4e-4d10-a46a-e9e041da8eb3'),(6,433,'0383dadf-2a4e-4d10-a46a-e9e041da8eb3'),(6,194,'0383dadf-2a4e-4d10-a46a-e9e041da8eb3'),(6,898,'0383dadf-2a4e-4d10-a46a-e9e041da8eb3'),(6,466,'0383dadf-2a4e-4d10-a46a-e9e041da8eb3'),(6,433,'0383dadf-2a4e-4d10-a46a-e9e041da8eb3'),(17,31,'a74b1b7f-71a5-4011-9441-d0b5e4122711'),(17,898,'a74b1b7f-71a5-4011-9441-d0b5e4122711'),(17,342,'a74b1b7f-71a5-4011-9441-d0b5e4122711'),(17,31,'a74b1b7f-71a5-4011-9441-d0b5e4122711'),(17,898,'a74b1b7f-71a5-4011-9441-d0b5e4122711'),(17,342,'a74b1b7f-71a5-4011-9441-d0b5e4122711'),(80,898,'5ba1a11a-c668-4ff1-813f-6908376cc65c'),(80,31,'5ba1a11a-c668-4ff1-813f-6908376cc65c'),(80,898,'5ba1a11a-c668-4ff1-813f-6908376cc65c'),(80,31,'5ba1a11a-c668-4ff1-813f-6908376cc65c'),(81,454,'153c9281-268f-4cf3-8938-f5a4593e5df4'),(81,898,'153c9281-268f-4cf3-8938-f5a4593e5df4'),(81,31,'153c9281-268f-4cf3-8938-f5a4593e5df4'),(81,466,'153c9281-268f-4cf3-8938-f5a4593e5df4'),(82,454,'8c32bb01-58a3-453b-8050-8c0620edb0e5'),(82,898,'8c32bb01-58a3-453b-8050-8c0620edb0e5'),(82,31,'8c32bb01-58a3-453b-8050-8c0620edb0e5'),(20,510,'f181961b-20f7-459e-89de-920ef03c7ed0'),(20,898,'f181961b-20f7-459e-89de-920ef03c7ed0'),(20,31,'f181961b-20f7-459e-89de-920ef03c7ed0');
/*!40000 ALTER TABLE `GeneroArtistaMusical` ENABLE KEYS */;
UNLOCK TABLES;

--
-- Table structure for table `GeneroMusical`
--

DROP TABLE IF EXISTS `GeneroMusical`;
/*!40101 SET @saved_cs_client     = @@character_set_client */;
/*!40101 SET character_set_client = utf8 */;
CREATE TABLE `GeneroMusical` (
  `id` int(11) NOT NULL AUTO_INCREMENT,
  `nome_genero` varchar(60) NOT NULL,
  PRIMARY KEY (`id`)
) ENGINE=InnoDB AUTO_INCREMENT=1001 DEFAULT CHARSET=latin1;
/*!40101 SET character_set_client = @saved_cs_client */;

--
-- Dumping data for table `GeneroMusical`
--

LOCK TABLES `GeneroMusical` WRITE;
/*!40000 ALTER TABLE `GeneroMusical` DISABLE KEYS */;
INSERT INTO `GeneroMusical` VALUES (1,'a cappella'),(2,'abstract hip hop'),(3,'accordion'),(4,'acid house'),(5,'acid jazz'),(6,'acid techno'),(7,'acousmatic'),(8,'acoustic blues'),(9,'acoustic pop'),(10,'adult album alternative'),(11,'adult standards'),(12,'african percussion'),(13,'african rock'),(14,'afrikaans'),(15,'afrobeat'),(16,'afrobeats'),(17,'aggrotech'),(18,'albanian pop'),(19,'album rock'),(20,'alternative americana'),(21,'alternative country'),(22,'alternative dance'),(23,'alternative emo'),(24,'alternative hip hop'),(25,'alternative metal'),(26,'alternative metalcore'),(27,'alternative new age'),(28,'alternative pop'),(29,'alternative pop rock'),(30,'alternative r&b'),(31,'alternative rock'),(32,'ambeat'),(33,'ambient'),(34,'ambient dub techno'),(35,'ambient fusion'),(36,'ambient idm'),(37,'andean'),(38,'anime'),(39,'anime score'),(40,'anti-folk'),(41,'arab folk'),(42,'arab pop'),(43,'argentine rock'),(44,'armenian folk'),(45,'art rock'),(46,'athens indie'),(47,'atmospheric black metal'),(48,'atmospheric post rock'),(49,'atmospheric post-metal'),(50,'austindie'),(51,'australian alternative rock'),(52,'australian hip hop'),(53,'australian indie'),(54,'australian pop'),(55,'austropop'),(56,'avant-garde'),(57,'avant-garde jazz'),(58,'avantgarde metal'),(59,'axe'),(60,'azonto'),(61,'bachata'),(62,'baile funk'),(63,'balearic'),(64,'balkan brass'),(65,'banda'),(66,'bangla'),(67,'barbershop'),(68,'baroque'),(69,'basque rock'),(70,'bass music'),(71,'bass trip'),(72,'beach music'),(73,'beatdown'),(74,'bebop'),(75,'belgian indie'),(76,'belgian rock'),(77,'belly dance'),(78,'bemani'),(79,'benga'),(80,'bhangra'),(81,'big band'),(82,'big beat'),(83,'black death'),(84,'black metal'),(85,'black sludge'),(86,'bluegrass'),(87,'blues'),(88,'blues-rock'),(89,'bolero'),(90,'boogaloo'),(91,'boogie-woogie'),(92,'bossa nova'),(93,'boston rock'),(94,'bounce'),(95,'bouncy house'),(96,'brass band'),(97,'brass ensemble'),(98,'brazilian gospel'),(99,'brazilian hip hop'),(100,'brazilian indie'),(101,'brazilian pop music'),(102,'brazilian punk'),(103,'breakbeat'),(104,'breakcore'),(105,'breaks'),(106,'brega'),(107,'breton folk'),(108,'brill building pop'),(109,'british alternative rock'),(110,'british blues'),(111,'british dance band'),(112,'british folk'),(113,'british indie rock'),(114,'british invasion'),(115,'britpop'),(116,'broken beat'),(117,'brooklyn indie'),(118,'brostep'),(119,'brutal death metal'),(120,'brutal deathcore'),(121,'bubble trance'),(122,'bubblegum dance'),(123,'bubblegum pop'),(124,'bulgarian rock'),(125,'c-pop'),(126,'c64'),(127,'c86'),(128,'cabaret'),(129,'calypso'),(130,'canadian indie'),(131,'canadian pop'),(132,'cantautor'),(133,'cante flamenco'),(134,'canterbury scene'),(135,'cantopop'),(136,'capoeira'),(137,'carnatic'),(138,'ccm'),(139,'ceilidh'),(140,'cello'),(141,'celtic'),(142,'celtic christmas'),(143,'celtic punk'),(144,'celtic rock'),(145,'chalga'),(146,'chamber pop'),(147,'chanson'),(148,'chaotic black metal'),(149,'chaotic hardcore'),(150,'charred death'),(151,'chicago blues'),(152,'chicago house'),(153,'chicago indie'),(154,'chicago soul'),(155,'chicano rap'),(156,'children\'s music'),(157,'chilean rock'),(158,'chill lounge'),(159,'chill-out'),(160,'chill-out trance'),(161,'chillwave'),(162,'chinese indie rock'),(163,'chinese traditional'),(164,'chiptune'),(165,'choral'),(166,'choro'),(167,'chr'),(168,'christian alternative rock'),(169,'christian christmas'),(170,'christian dance'),(171,'christian hardcore'),(172,'christian hip hop'),(173,'christian metal'),(174,'christian music'),(175,'christian punk'),(176,'christian rock'),(177,'christmas'),(178,'christmas product'),(179,'cinematic dubstep'),(180,'classic afrobeat'),(181,'classic belgian pop'),(182,'classic chinese pop'),(183,'classic danish pop'),(184,'classic eurovision'),(185,'classic finnish pop'),(186,'classic finnish rock'),(187,'classic french pop'),(188,'classic funk rock'),(189,'classic garage rock'),(190,'classic italian pop'),(191,'classic norwegian pop'),(192,'classic polish pop'),(193,'classic psychedelic rock'),(194,'classic rock'),(195,'classic russian rock'),(196,'classic schlager'),(197,'classic soundtrack'),(198,'classic swedish pop'),(199,'classical'),(200,'classical christmas'),(201,'classical guitar'),(202,'classical organ'),(203,'classical period'),(204,'classical piano'),(205,'colombian rock'),(206,'comedy'),(207,'comic'),(208,'commons'),(209,'complextro'),(210,'concert piano'),(211,'contemporary classical'),(212,'contemporary country'),(213,'contemporary folk'),(214,'contemporary jazz'),(215,'contemporary post-bop'),(216,'cool jazz'),(217,'corrosion'),(218,'country'),(219,'country blues'),(220,'country christmas'),(221,'country gospel'),(222,'country rock'),(223,'coupe decale'),(224,'coverchill'),(225,'covertrance'),(226,'cowpunk'),(227,'crack rock steady'),(228,'croatian pop'),(229,'crossover prog'),(230,'crossover thrash'),(231,'crunk'),(232,'crust punk'),(233,'cuban rumba'),(234,'cubaton'),(235,'cumbia'),(236,'cumbia funk'),(237,'cumbia villera'),(238,'current'),(239,'czech folk'),(240,'czech rock'),(241,'dallas indie'),(242,'dance pop'),(243,'dance rock'),(244,'dance-punk'),(245,'dancehall'),(246,'dangdut'),(247,'danish jazz'),(248,'danish pop'),(249,'danish pop rock'),(250,'dansband'),(251,'danseband'),(252,'dark ambient'),(253,'dark black metal'),(254,'dark cabaret'),(255,'dark electro-industrial'),(256,'dark psytrance'),(257,'dark wave'),(258,'darkstep'),(259,'death core'),(260,'death metal'),(261,'deathgrind'),(262,'deep ambient'),(263,'deep chill'),(264,'deep disco'),(265,'deep disco house'),(266,'deep downtempo fusion'),(267,'deep euro house'),(268,'deep filthstep'),(269,'deep flow'),(270,'deep funk'),(271,'deep house'),(272,'deep italo disco'),(273,'deep liquid'),(274,'deep northern soul'),(275,'deep orgcore'),(276,'deep psytrance'),(277,'deep ragga'),(278,'deep soul house'),(279,'deep space rock'),(280,'deep tech house'),(281,'deep trap'),(282,'deeper house'),(283,'delta blues'),(284,'demoscene'),(285,'denver indie'),(286,'desert blues'),(287,'desi'),(288,'destroy techno'),(289,'detroit hip hop'),(290,'detroit techno'),(291,'didgeridoo'),(292,'digital hardcore'),(293,'dirty south rap'),(294,'dirty texas rap'),(295,'disco'),(296,'disco house'),(297,'discofox'),(298,'discovery'),(299,'djent'),(300,'doo-wop'),(301,'doom metal'),(302,'doomcore'),(303,'doujin'),(304,'downtempo'),(305,'downtempo fusion'),(306,'downtempo trip hop'),(307,'dream pop'),(308,'dreamo'),(309,'drill and bass'),(310,'drone'),(311,'drum and bass'),(312,'drumfunk'),(313,'dub'),(314,'dub techno'),(315,'dubstep'),(316,'dubstep product'),(317,'duranguense'),(318,'dutch hip hop'),(319,'dutch house'),(320,'dutch pop'),(321,'dutch rock'),(322,'e6fi'),(323,'early music'),(324,'early music ensemble'),(325,'east coast hip hop'),(326,'easy listening'),(327,'ebm'),(328,'ectofolk'),(329,'ecuadoria'),(330,'edm'),(331,'electric blues'),(332,'electro'),(333,'electro dub'),(334,'electro house'),(335,'electro jazz'),(336,'electro latino'),(337,'electro swing'),(338,'electro trash'),(339,'electro-industrial'),(340,'electroacoustic improvisation'),(341,'electroclash'),(342,'electronic'),(343,'electronica'),(344,'emo'),(345,'emo punk'),(346,'enka'),(347,'entehno'),(348,'environmental'),(349,'estonian pop'),(350,'ethereal gothic'),(351,'ethereal wave'),(352,'ethiopian pop'),(353,'eurobeat'),(354,'eurodance'),(355,'europop'),(356,'euroska'),(357,'eurovision'),(358,'exotica'),(359,'experimental'),(360,'experimental dubstep'),(361,'experimental psych'),(362,'experimental rock'),(363,'fado'),(364,'fake'),(365,'fallen angel'),(366,'faroese pop'),(367,'fast melodic punk'),(368,'filmi'),(369,'filter house'),(370,'filthstep'),(371,'fingerstyle'),(372,'finnish hardcore'),(373,'finnish hip hop'),(374,'finnish indie'),(375,'finnish jazz'),(376,'finnish pop'),(377,'flamenco'),(378,'flick hop'),(379,'folk'),(380,'folk christmas'),(381,'folk metal'),(382,'folk punk'),(383,'folk rock'),(384,'folk-pop'),(385,'folklore argentino'),(386,'folkmusik'),(387,'footwork'),(388,'forro'),(389,'fourth world'),(390,'freak folk'),(391,'freakbeat'),(392,'free improvisation'),(393,'free jazz'),(394,'freestyle'),(395,'french folk'),(396,'french folk pop'),(397,'french hip hop'),(398,'french indie pop'),(399,'french movie tunes'),(400,'french pop'),(401,'french punk'),(402,'french rock'),(403,'full on'),(404,'funeral doom'),(405,'funk'),(406,'funk metal'),(407,'funk rock'),(408,'funky breaks'),(409,'future ambient'),(410,'future garage'),(411,'futurepop'),(412,'g funk'),(413,'gabba'),(414,'gamecore'),(415,'gamelan'),(416,'gangster rap'),(417,'garage pop'),(418,'garage rock'),(419,'gbvfi'),(420,'geek folk'),(421,'geek rock'),(422,'german ccm'),(423,'german hip hop'),(424,'german indie'),(425,'german oi'),(426,'german pop'),(427,'german pop rock'),(428,'german punk'),(429,'german show tunes'),(430,'ghettotech'),(431,'girl group'),(432,'glam metal'),(433,'glam rock'),(434,'glitch'),(435,'glitch hop'),(436,'goa trance'),(437,'goregrind'),(438,'gospel'),(439,'gospel blues'),(440,'gothic alternative'),(441,'gothic americana'),(442,'gothic doom'),(443,'gothic metal'),(444,'gothic post-punk'),(445,'gothic rock'),(446,'gothic symphonic metal'),(447,'grave wave'),(448,'greek hip hop'),(449,'greek indie'),(450,'grim death metal'),(451,'grime'),(452,'grindcore'),(453,'groove metal'),(454,'grunge'),(455,'grunge pop'),(456,'grupera'),(457,'guidance'),(458,'gujarati'),(459,'gypsy jazz'),(460,'hands up'),(461,'happy hardcore'),(462,'hard alternative'),(463,'hard bop'),(464,'hard glam'),(465,'hard house'),(466,'hard rock'),(467,'hard stoner rock'),(468,'hard trance'),(469,'hardcore'),(470,'hardcore breaks'),(471,'hardcore hip hop'),(472,'hardcore punk'),(473,'hardcore techno'),(474,'hardstyle'),(475,'harmonica blues'),(476,'harp'),(477,'hatecore'),(478,'hauntology'),(479,'hawaiian'),(480,'heavy alternative'),(481,'heavy christmas'),(482,'hi nrg'),(483,'highlife'),(484,'hindustani classical'),(485,'hip hop'),(486,'hip house'),(487,'hip pop'),(488,'hiplife'),(489,'hollywood'),(490,'horror punk'),(491,'hot'),(492,'hot adult contemporary'),(493,'house'),(494,'hungarian hip hop'),(495,'hungarian pop'),(496,'hungarian rock'),(497,'hurban'),(498,'hyphy'),(499,'icelandic pop'),(500,'idol'),(501,'illbient'),(502,'indian classical'),(503,'indian pop'),(504,'indian rock'),(505,'indie christmas'),(506,'indie emo'),(507,'indie folk'),(508,'indie pop'),(509,'indie psych-pop'),(510,'indie rock'),(511,'indie shoegaze'),(512,'indie singer-songwriter'),(513,'indietronica'),(514,'indonesian indie'),(515,'indonesian pop'),(516,'industrial'),(517,'industrial metal'),(518,'industrial rock'),(519,'instrumental post rock'),(520,'intelligent dance music'),(521,'irish folk'),(522,'irish rock'),(523,'israeli rock'),(524,'italian disco'),(525,'italian folk'),(526,'italian hip hop'),(527,'italian indie pop'),(528,'italian pop'),(529,'italian progressive rock'),(530,'italian punk'),(531,'j-alt'),(532,'j-ambient'),(533,'j-core'),(534,'j-dance'),(535,'j-idol'),(536,'j-indie'),(537,'j-metal'),(538,'j-pop'),(539,'j-poppunk'),(540,'j-poprock'),(541,'j-punk'),(542,'j-rap'),(543,'j-rock'),(544,'j-theme'),(545,'jam band'),(546,'jangle pop'),(547,'jangle rock'),(548,'japanese jazztronica'),(549,'japanese psychedelic'),(550,'japanese r&b'),(551,'japanese standards'),(552,'japanese traditional'),(553,'japanoise'),(554,'jazz'),(555,'jazz bass'),(556,'jazz blues'),(557,'jazz christmas'),(558,'jazz funk'),(559,'jazz fusion'),(560,'jazz metal'),(561,'jazz orchestra'),(562,'jazz trio'),(563,'jerk'),(564,'judaica'),(565,'jug band'),(566,'juggalo'),(567,'jump blues'),(568,'jump up'),(569,'jungle'),(570,'k-hop'),(571,'k-indie'),(572,'k-pop'),(573,'k-rock'),(574,'kabarett'),(575,'kannada'),(576,'karneval'),(577,'kc indie'),(578,'kindermusik'),(579,'kirtan'),(580,'kiwi rock'),(581,'kizomba'),(582,'klezmer'),(583,'kompa'),(584,'kraut rock'),(585,'kuduro'),(586,'kwaito'),(587,'la indie'),(588,'laiko'),(589,'latin'),(590,'latin alternative'),(591,'latin christian'),(592,'latin christmas'),(593,'latin hip hop'),(594,'latin jazz'),(595,'latin metal'),(596,'latin pop'),(597,'latvian pop'),(598,'lds'),(599,'leeds indie'),(600,'levenslied'),(601,'liedermacher'),(602,'lilith'),(603,'liquid funk'),(604,'lithumania'),(605,'lo star'),(606,'lo-fi'),(607,'louisiana blues'),(608,'lounge'),(609,'lounge house'),(610,'lovers rock'),(611,'lowercase'),(612,'luk thung'),(613,'madchester'),(614,'maghreb'),(615,'makossa'),(616,'malagasy folk'),(617,'malayalam'),(618,'malaysian pop'),(619,'mambo'),(620,'mande pop'),(621,'mandopop'),(622,'manele'),(623,'marching band'),(624,'mariachi'),(625,'martial industrial'),(626,'mashup'),(627,'math pop'),(628,'math rock'),(629,'mathcore'),(630,'mbalax'),(631,'medieval'),(632,'medieval rock'),(633,'meditation'),(634,'mellow gold'),(635,'melodic death metal'),(636,'melodic hard rock'),(637,'melodic hardcore'),(638,'melodic metalcore'),(639,'melodic power metal'),(640,'melodic progressive metal'),(641,'memphis blues'),(642,'memphis soul'),(643,'merengue'),(644,'merengue urbano'),(645,'merseybeat'),(646,'metal'),(647,'metal guitar'),(648,'metalcore'),(649,'metropopolis'),(650,'mexican indie'),(651,'mexican rock-and-roll'),(652,'mexican son'),(653,'miami bass'),(654,'michigan indie'),(655,'microhouse'),(656,'military band'),(657,'minimal'),(658,'minimal dub'),(659,'minimal dubstep'),(660,'minimal melodic techno'),(661,'minimal techno'),(662,'minimal wave'),(663,'mizrahi'),(664,'mod revival'),(665,'modern blues'),(666,'modern classical'),(667,'modern country rock'),(668,'modern southern rock'),(669,'modern uplift'),(670,'monastic'),(671,'moombahton'),(672,'more acoustic pop'),(673,'more adult standards'),(674,'more baroque'),(675,'more brazilian pop'),(676,'more canadian indie'),(677,'more ccm'),(678,'more christian rock'),(679,'more classic garage rock'),(680,'more classical piano'),(681,'more comedy'),(682,'more contemporary country'),(683,'more dance pop'),(684,'more deep house'),(685,'more deeper house'),(686,'more dub techno'),(687,'more east coast hip hop'),(688,'more eurodance'),(689,'more free jazz'),(690,'more german indie'),(691,'more hardcore'),(692,'more indie pop'),(693,'more indie rock'),(694,'more indie singer-songwriter'),(695,'more jazz guitar'),(696,'more jazz piano'),(697,'more melodic death metal'),(698,'more melodic hard rock'),(699,'more melodic metalcore'),(700,'more motown'),(701,'more neo-synthpop'),(702,'more new wave'),(703,'more orchestral'),(704,'more pop emo'),(705,'more pop punk'),(706,'more progressive house'),(707,'more progressive trance'),(708,'more psychobilly'),(709,'more punk rock'),(710,'more regional mexican'),(711,'more smooth jazz'),(712,'more soft rock'),(713,'more soundtrack'),(714,'more southern soul'),(715,'more symphonic black metal'),(716,'more talent show'),(717,'more tech house'),(718,'more thrash metal'),(719,'more turkish pop'),(720,'more uplifting trance'),(721,'more vocal house'),(722,'more vocal jazz'),(723,'morna'),(724,'motown'),(725,'movie tunes'),(726,'mpb'),(727,'musica para ninos'),(728,'musique concrete'),(729,'nasheed'),(730,'nashville sound'),(731,'native american'),(732,'neo classical metal'),(733,'neo soul'),(734,'neo soul-jazz'),(735,'neo-industrial rock'),(736,'neo-pagan'),(737,'neo-progressive'),(738,'neo-psychedelic'),(739,'neo-rockabilly'),(740,'neo-singer-songwriter'),(741,'neo-synthpop'),(742,'neo-trad metal'),(743,'neo-traditional country'),(744,'neoclassical'),(745,'neofolk'),(746,'nepali'),(747,'nerdcore'),(748,'neue deutsche harte'),(749,'neue deutsche welle'),(750,'neurofunk'),(751,'neurostep'),(752,'new age'),(753,'new age piano'),(754,'new beat'),(755,'new jack swing'),(756,'new orleans blues'),(757,'new orleans jazz'),(758,'new rave'),(759,'new romantic'),(760,'new tribe'),(761,'new wave'),(762,'new weird america'),(763,'ninja'),(764,'nintendocore'),(765,'nl folk'),(766,'no wave'),(767,'noise pop'),(768,'noise punk'),(769,'noise rock'),(770,'nordic folk'),(771,'nordic house'),(772,'norteno'),(773,'northern irish indie'),(774,'northern soul'),(775,'norwegian gospel'),(776,'norwegian jazz'),(777,'norwegian pop'),(778,'norwegian rock'),(779,'nu age'),(780,'nu disco'),(781,'nu electro'),(782,'nu gaze'),(783,'nu jazz'),(784,'nu metal'),(785,'nu skool breaks'),(786,'nu-cumbia'),(787,'nueva cancion'),(788,'nursery'),(789,'nwobhm'),(790,'nwothm'),(791,'oi'),(792,'old school hip hop'),(793,'old-time'),(794,'opera'),(795,'operatic pop'),(796,'opm'),(797,'oratory'),(798,'orchestral'),(799,'organic ambient'),(800,'orgcore'),(801,'ostrock'),(802,'outer hip hop'),(803,'outlaw country'),(804,'outsider'),(805,'pagan black metal'),(806,'pagode'),(807,'pakistani pop'),(808,'persian pop'),(809,'persian traditional'),(810,'peruvian rock'),(811,'piano blues'),(812,'piano rock'),(813,'piedmont blues'),(814,'pipe band'),(815,'poetry'),(816,'polish hip hop'),(817,'polish indie'),(818,'polish jazz'),(819,'polish pop'),(820,'polish punk'),(821,'polish reggae'),(822,'polka'),(823,'polynesian pop'),(824,'pop'),(825,'pop christmas'),(826,'pop emo'),(827,'pop house'),(828,'pop punk'),(829,'pop rap'),(830,'pop rock'),(831,'portland indie'),(832,'portuguese rock'),(833,'post rock'),(834,'post-disco'),(835,'post-disco soul'),(836,'post-grunge'),(837,'post-hardcore'),(838,'post-metal'),(839,'post-post-hardcore'),(840,'post-punk'),(841,'power blues-rock'),(842,'power electronics'),(843,'power metal'),(844,'power noise'),(845,'power pop'),(846,'power violence'),(847,'power-pop punk'),(848,'progressive alternative'),(849,'progressive bluegrass'),(850,'progressive electro house'),(851,'progressive house'),(852,'progressive metal'),(853,'progressive psytrance'),(854,'progressive rock'),(855,'progressive trance'),(856,'progressive uplifting trance'),(857,'protopunk'),(858,'psych gaze'),(859,'psychedelic blues-rock'),(860,'psychedelic rock'),(861,'psychedelic trance'),(862,'psychill'),(863,'psychobilly'),(864,'pub rock'),(865,'puerto rican rock'),(866,'punjabi'),(867,'punk'),(868,'punk blues'),(869,'punk christmas'),(870,'qawwali'),(871,'quebecois'),(872,'quiet storm'),(873,'r&b'),(874,'r-neg-b'),(875,'ragga jungle'),(876,'ragtime'),(877,'rai'),(878,'ranchera'),(879,'rap'),(880,'rap metal'),(881,'rap metalcore'),(882,'rap rock'),(883,'raw black metal'),(884,'re:techno'),(885,'reading'),(886,'rebetiko'),(887,'reggae'),(888,'reggae fusion'),(889,'reggae rock'),(890,'reggaeton'),(891,'regional mexican'),(892,'relaxative'),(893,'remix'),(894,'renaissance'),(895,'retro metal'),(896,'riddim'),(897,'riot grrrl'),(898,'rock'),(899,'rock catala'),(900,'rock en espanol'),(901,'rock gaucho'),(902,'rock noise'),(903,'rock steady'),(904,'rock-and-roll'),(905,'rockabilly'),(906,'romanian pop'),(907,'romantic'),(908,'roots reggae'),(909,'roots rock'),(910,'rumba'),(911,'russian hip hop'),(912,'russian pop'),(913,'russian punk'),(914,'russian rock'),(915,'salsa'),(916,'samba'),(917,'schlager'),(918,'schranz'),(919,'scorecore'),(920,'scottish rock'),(921,'screamo'),(922,'screamo punk'),(923,'screamocore'),(924,'seattle indie'),(925,'sega'),(926,'serialism'),(927,'sertanejo'),(928,'sertanejo tradicional'),(929,'sertanejo universitario'),(930,'sevdah'),(931,'sexy'),(932,'shibuya-kei'),(933,'shimmer pop'),(934,'shimmer psych'),(935,'shiver pop'),(936,'shoegaze'),(937,'show tunes'),(938,'singer-songwriter'),(939,'ska'),(940,'ska punk'),(941,'skate punk'),(942,'skiffle'),(943,'skinhead reggae'),(944,'skweee'),(945,'slam death metal'),(946,'slash punk'),(947,'sleaze rock'),(948,'slovak hip hop'),(949,'slovak pop'),(950,'slovenian rock'),(951,'slow core'),(952,'sludge metal'),(953,'smooth jazz'),(954,'soca'),(955,'soft rock'),(956,'soukous'),(957,'soul'),(958,'soul blues'),(959,'soul christmas'),(960,'soul flow'),(961,'soul jazz'),(962,'soundtrack'),(963,'south african jazz'),(964,'southern gospel'),(965,'southern hip hop'),(966,'southern rock'),(967,'southern soul'),(968,'space rock'),(969,'spanish folk'),(970,'spanish hip hop'),(971,'spanish indie pop'),(972,'spanish indie rock'),(973,'spanish invasion'),(974,'spanish pop'),(975,'spanish punk'),(976,'speed garage'),(977,'speed metal'),(978,'speedcore'),(979,'spoken word'),(980,'spytrack'),(981,'steampunk'),(982,'stl indie'),(983,'stomp and flutter'),(984,'stomp and holler'),(985,'stomp pop'),(986,'stoner metal'),(987,'stoner rock'),(988,'straight edge'),(989,'street punk'),(990,'stride'),(991,'string quartet'),(992,'sunset lounge'),(993,'suomi rock'),(994,'surf music'),(995,'swamp blues'),(996,'swedish hip hop'),(997,'swedish indie pop'),(998,'swedish indie rock'),(999,'swedish jazz'),(1000,'swedish pop');
/*!40000 ALTER TABLE `GeneroMusical` ENABLE KEYS */;
UNLOCK TABLES;

--
-- Table structure for table `Musico`
--

DROP TABLE IF EXISTS `Musico`;
/*!40101 SET @saved_cs_client     = @@character_set_client */;
/*!40101 SET character_set_client = utf8 */;
CREATE TABLE `Musico` (
  `id` int(11) NOT NULL AUTO_INCREMENT,
  `nome_real` varchar(60) NOT NULL,
  `estilo_musical` varchar(60) NOT NULL,
  `data_nascimento` date DEFAULT NULL,
  PRIMARY KEY (`id`)
) ENGINE=InnoDB DEFAULT CHARSET=latin1;
/*!40101 SET character_set_client = @saved_cs_client */;

--
-- Dumping data for table `Musico`
--

LOCK TABLES `Musico` WRITE;
/*!40000 ALTER TABLE `Musico` DISABLE KEYS */;
/*!40000 ALTER TABLE `Musico` ENABLE KEYS */;
UNLOCK TABLES;

--
-- Table structure for table `MusicoBanda`
--

DROP TABLE IF EXISTS `MusicoBanda`;
/*!40101 SET @saved_cs_client     = @@character_set_client */;
/*!40101 SET character_set_client = utf8 */;
CREATE TABLE `MusicoBanda` (
  `id_musico` int(11) NOT NULL,
  `id_banda` int(11) NOT NULL,
  `data_entrada` date NOT NULL,
  `data_saida` date DEFAULT NULL,
  KEY `id_musico` (`id_musico`),
  KEY `id_banda` (`id_banda`),
  CONSTRAINT `musicobanda_ibfk_1` FOREIGN KEY (`id_musico`) REFERENCES `Musico` (`id`),
  CONSTRAINT `musicobanda_ibfk_2` FOREIGN KEY (`id_banda`) REFERENCES `Banda` (`id`)
) ENGINE=InnoDB DEFAULT CHARSET=latin1;
/*!40101 SET character_set_client = @saved_cs_client */;

--
-- Dumping data for table `MusicoBanda`
--

LOCK TABLES `MusicoBanda` WRITE;
/*!40000 ALTER TABLE `MusicoBanda` DISABLE KEYS */;
/*!40000 ALTER TABLE `MusicoBanda` ENABLE KEYS */;
UNLOCK TABLES;

--
-- Table structure for table `Pais`
--

DROP TABLE IF EXISTS `Pais`;
/*!40101 SET @saved_cs_client     = @@character_set_client */;
/*!40101 SET character_set_client = utf8 */;
CREATE TABLE `Pais` (
  `id` int(11) NOT NULL AUTO_INCREMENT,
  `nome_pais` varchar(100) NOT NULL,
  PRIMARY KEY (`id`)
) ENGINE=InnoDB AUTO_INCREMENT=16 DEFAULT CHARSET=latin1;
/*!40101 SET character_set_client = @saved_cs_client */;

--
-- Dumping data for table `Pais`
--

LOCK TABLES `Pais` WRITE;
/*!40000 ALTER TABLE `Pais` DISABLE KEYS */;
INSERT INTO `Pais` VALUES (1,'Japan'),(2,'United Kingdom'),(3,'United States'),(4,'Brazil'),(5,'Korea, Republic Of'),(6,'Canada'),(7,'Germany'),(8,'Australia'),(9,'Sweden'),(10,'France'),(11,'Colombia'),(12,'Ireland'),(13,'Netherlands'),(14,'Finland'),(15,'Russian Federation');
/*!40000 ALTER TABLE `Pais` ENABLE KEYS */;
UNLOCK TABLES;

--
-- Table structure for table `Pessoa`
--

DROP TABLE IF EXISTS `Pessoa`;
/*!40101 SET @saved_cs_client     = @@character_set_client */;
/*!40101 SET character_set_client = utf8 */;
CREATE TABLE `Pessoa` (
  `id` int(11) NOT NULL AUTO_INCREMENT,
  `login` varchar(30) NOT NULL,
  `uri` varchar(100) NOT NULL,
  `nome` varchar(100) NOT NULL,
  `cidade_natal` varchar(60) DEFAULT NULL,
  `ativa` bit(1) DEFAULT b'1',
  PRIMARY KEY (`id`)
) ENGINE=InnoDB AUTO_INCREMENT=52 DEFAULT CHARSET=latin1;
/*!40101 SET character_set_client = @saved_cs_client */;

--
-- Dumping data for table `Pessoa`
--

LOCK TABLES `Pessoa` WRITE;
/*!40000 ALTER TABLE `Pessoa` DISABLE KEYS */;
INSERT INTO `Pessoa` VALUES (1,'eduardapodesta','http://www.ic.unicamp.br/MC536/2014/1/eduardapodesta','eduarda viana podesta','',''),(2,'ivancerboncini','http://www.ic.unicamp.br/MC536/2014/1/ivancerboncini','ivan de campos cerboncini','',''),(3,'felipehiga','http://www.ic.unicamp.br/MC536/2014/1/felipehiga','felipe kenji higa','',''),(4,'fernandothiers','http://www.ic.unicamp.br/MC536/2014/1/fernandothiers','fernando barbosa thiers','',''),(5,'erikaalbizzati','http://www.ic.unicamp.br/MC536/2014/1/erikaalbizzati','erika couto albizzati','',''),(6,'thiagobalbo','http://www.ic.unicamp.br/MC536/2014/1/thiagobalbo','thiago duarte balbo','',''),(7,'danielferreira','http://www.ic.unicamp.br/MC536/2014/1/danielferreira','daniel breves ferreira','',''),(8,'ramonmaciel','http://www.ic.unicamp.br/MC536/2014/1/ramonmaciel','ramon carvalho maciel','',''),(9,'tiagoferreira','http://www.ic.unicamp.br/MC536/2014/1/tiagoferreira','tiago de lima ferreira','',''),(10,'rafaelxavier','http://www.ic.unicamp.br/MC536/2014/1/rafaelxavier','rafael xavier','',''),(11,'nicholasmizoguchi','http://www.ic.unicamp.br/MC536/2014/1/nicholasmizoguchi','nicholas matuzita mizoguchi','',''),(12,'tuliosilva','http://www.ic.unicamp.br/MC536/2014/1/tuliosilva','tulio bazan da silva','',''),(13,'leonnardorabello','http://www.ic.unicamp.br/MC536/2014/1/leonnardorabello','leonnardo chagas rabello','',''),(14,'lukaslopes','http://www.ic.unicamp.br/MC536/2014/1/lukaslopes','lukas antunes lopes','',''),(15,'rafaelgarcia','http://www.ic.unicamp.br/MC536/2014/1/rafaelgarcia','rafael matheus garcia','',''),(16,'joaodalben','http://www.ic.unicamp.br/MC536/2014/1/joaodalben','joao henrique dalben','',''),(17,'caioteixeira','http://www.ic.unicamp.br/MC536/2014/1/caioteixeira','caio teixeira','',''),(18,'elisadellarriva','http://www.ic.unicamp.br/MC536/2014/1/elisadellarriva','elisa dellarriva','',''),(19,'fernandogoncalves','http://www.ic.unicamp.br/MC536/2014/1/fernandogoncalves','fernando henrique dos santos goncalves','',''),(20,'luanbicesto','http://www.ic.unicamp.br/MC536/2014/1/luanbicesto','luan gustavo bicesto','',''),(21,'lucianosabenca','http://www.ic.unicamp.br/MC536/2014/1/lucianosabenca','luciano padua sabenca','',''),(22,'pedroalmeida','http://www.ic.unicamp.br/MC536/2014/1/pedroalmeida','pedro cordeiro de almeida','',''),(23,'tomasqueiroga','http://www.ic.unicamp.br/MC536/2014/1/tomasqueiroga','tomas silva queiroga','',''),(24,'fabiolira','http://www.ic.unicamp.br/MC536/2014/1/fabiolira','fabio maffei lira','',''),(25,'guilhermemendes','http://www.ic.unicamp.br/MC536/2014/1/guilhermemendes','guilherme da rocha alves mendes','',''),(26,'guilhermemazzariol','http://www.ic.unicamp.br/MC536/2014/1/guilhermemazzariol','guilherme sbrolini mazzariol','',''),(27,'raphaelfranco','http://www.ic.unicamp.br/MC536/2014/1/raphaelfranco','raphael marques franco','',''),(28,'willianszati','http://www.ic.unicamp.br/MC536/2014/1/willianszati','willians hidalgo zati','',''),(29,'victortavares','http://www.ic.unicamp.br/MC536/2014/1/victortavares','victor guilherme oliveira semedo tavares','',''),(30,'fernandohoyo','http://www.ic.unicamp.br/MC536/2014/1/fernandohoyo','fernando luiz del hoyo','campinas',''),(31,'lucasmello','http://www.ic.unicamp.br/MC536/2014/1/lucasmello','lucas de campos mello','',''),(32,'wilsonneto','http://www.ic.unicamp.br/MC536/2014/1/wilsonneto','wilson jose prata neto','',''),(33,'andreiauratsuka','http://www.ic.unicamp.br/MC536/2014/1/andreiauratsuka','andreia yukie uratsuka','',''),(34,'victorsilva','http://www.ic.unicamp.br/MC536/2014/1/victorsilva','victor akira hassuda silva','',''),(35,'leonardosilva','http://www.ic.unicamp.br/MC536/2014/1/leonardosilva','leonardo de oliveira silva','',''),(36,'gabrielbezerra','http://www.ic.unicamp.br/MC536/2014/1/gabrielbezerra','gabriel massaki wakano bezerra','',''),(37,'elvisrabello','http://www.ic.unicamp.br/MC536/2014/1/elvisrabello','elvis rabello','',''),(38,'caiopalissari','http://www.ic.unicamp.br/MC536/2014/1/caiopalissari','caio vinicius uvini palissari','',''),(39,'cibellebegalli','http://www.ic.unicamp.br/MC536/2014/1/cibellebegalli','cibelle begalli','',''),(40,'diegorocha','http://www.ic.unicamp.br/MC536/2014/1/diegorocha','diego rocha','',''),(41,'fellipecaetano','http://www.ic.unicamp.br/MC536/2014/1/fellipecaetano','fellipe santiago scarpa caetano','',''),(42,'gustavonunes','http://www.ic.unicamp.br/MC536/2014/1/gustavonunes','gustavo cesar nunes','',''),(43,'juceliofonseca','http://www.ic.unicamp.br/MC536/2014/1/juceliofonseca','jucelio evangelista fonseca','',''),(44,'murilocruz','http://www.ic.unicamp.br/MC536/2014/1/murilocruz','murilo de lima cruz','',''),(45,'felipecaminada','http://www.ic.unicamp.br/MC536/2014/1/felipecaminada','felipe caminada','',''),(46,'lucasbatista','http://www.ic.unicamp.br/MC536/2014/1/lucasbatista','lucas oliveira batista','',''),(47,'andresantanche','http://www.ic.unicamp.br/MC536/2014/1/andresantanche','andre santanche','',''),(48,'luizgomes','http://www.ic.unicamp.br/MC536/2014/1/luizgomes','Luiz Celso Gomes Jr','',''),(49,'lucaslima','http://www.ic.unicamp.br/MC536/2014/1/lucaslima','Lucas Domingues Lima','Campinas',''),(50,'viniciussantos','http://www.ic.unicamp.br/MC536/2014/1/viniciussantos','Vinicius Pereira dos Santos','Campinas',''),(51,'diegosanches','http://www.ic.unicamp.br/MC536/2014/1/diegosanches','Diego Sanches','Campinas','');
/*!40000 ALTER TABLE `Pessoa` ENABLE KEYS */;
UNLOCK TABLES;

--
-- Table structure for table `PessoaCurteArtistaMusical`
--

DROP TABLE IF EXISTS `PessoaCurteArtistaMusical`;
/*!40101 SET @saved_cs_client     = @@character_set_client */;
/*!40101 SET character_set_client = utf8 */;
CREATE TABLE `PessoaCurteArtistaMusical` (
  `id_Pessoa` int(11) NOT NULL,
  `id_artista_musical` int(11) NOT NULL,
  `nota` int(11) DEFAULT NULL,
  `data_curtida` date NOT NULL,
  `mbid` varchar(255) DEFAULT NULL,
  KEY `id_Pessoa` (`id_Pessoa`),
  KEY `id_artista_musical` (`id_artista_musical`),
  CONSTRAINT `pessoacurteartistamusical_ibfk_1` FOREIGN KEY (`id_Pessoa`) REFERENCES `Pessoa` (`id`),
  CONSTRAINT `pessoacurteartistamusical_ibfk_2` FOREIGN KEY (`id_artista_musical`) REFERENCES `ArtistaMusical` (`id`)
) ENGINE=InnoDB DEFAULT CHARSET=latin1;
/*!40101 SET character_set_client = @saved_cs_client */;

--
-- Dumping data for table `PessoaCurteArtistaMusical`
--

LOCK TABLES `PessoaCurteArtistaMusical` WRITE;
/*!40000 ALTER TABLE `PessoaCurteArtistaMusical` DISABLE KEYS */;
INSERT INTO `PessoaCurteArtistaMusical` VALUES (33,1,3,'2014-03-28','a3842d12-306c-498a-ae1d-03ee40e3f2ac'),(33,2,3,'2014-03-28','e21857d5-3256-4547-afb3-4b6ded592596'),(33,2,3,'2014-03-28','e21857d5-3256-4547-afb3-4b6ded592596'),(33,3,3,'2014-03-28','80e8a7f9-fbfc-4f43-921f-94b1b77379ce'),(33,4,3,'2014-03-28','fee8e811-a2dc-4c09-8484-3c2aca38c3f9'),(33,5,4,'2014-03-28','ba550d0e-adac-4864-b88b-407cab5e76af'),(33,6,4,'2014-03-28','0383dadf-2a4e-4d10-a46a-e9e041da8eb3'),(33,6,4,'2014-03-28','0383dadf-2a4e-4d10-a46a-e9e041da8eb3'),(33,6,4,'2014-03-28','0383dadf-2a4e-4d10-a46a-e9e041da8eb3'),(33,6,4,'2014-03-28','0383dadf-2a4e-4d10-a46a-e9e041da8eb3'),(33,6,4,'2014-03-28','0383dadf-2a4e-4d10-a46a-e9e041da8eb3'),(33,6,4,'2014-03-28','0383dadf-2a4e-4d10-a46a-e9e041da8eb3'),(33,7,3,'2014-03-28','b042defc-4d12-414d-a678-0dcabefffa26'),(33,8,4,'2014-03-28','b10bbbfc-cf9e-42e0-be17-e2c3e1d2600d'),(33,8,4,'2014-03-28','b10bbbfc-cf9e-42e0-be17-e2c3e1d2600d'),(33,8,4,'2014-03-28','b10bbbfc-cf9e-42e0-be17-e2c3e1d2600d'),(38,9,4,'2014-03-28','ada7a83c-e3e1-40f1-93f9-3e73dbc9298a'),(38,9,4,'2014-03-28','ada7a83c-e3e1-40f1-93f9-3e73dbc9298a'),(38,9,4,'2014-03-28','ada7a83c-e3e1-40f1-93f9-3e73dbc9298a'),(38,9,4,'2014-03-28','ada7a83c-e3e1-40f1-93f9-3e73dbc9298a'),(38,9,4,'2014-03-28','ada7a83c-e3e1-40f1-93f9-3e73dbc9298a'),(38,9,4,'2014-03-28','ada7a83c-e3e1-40f1-93f9-3e73dbc9298a'),(38,9,4,'2014-03-28','ada7a83c-e3e1-40f1-93f9-3e73dbc9298a'),(38,9,4,'2014-03-28','ada7a83c-e3e1-40f1-93f9-3e73dbc9298a'),(38,10,2,'2014-03-28','012151a8-0f9a-44c9-997f-ebd68b5389f9'),(38,10,2,'2014-03-28','012151a8-0f9a-44c9-997f-ebd68b5389f9'),(38,10,2,'2014-03-28','012151a8-0f9a-44c9-997f-ebd68b5389f9'),(38,11,3,'2014-03-28','557ac15e-7800-44c3-bb62-d4ab34ac1e28'),(38,11,3,'2014-03-28','557ac15e-7800-44c3-bb62-d4ab34ac1e28'),(38,11,3,'2014-03-28','557ac15e-7800-44c3-bb62-d4ab34ac1e28'),(38,11,3,'2014-03-28','557ac15e-7800-44c3-bb62-d4ab34ac1e28'),(38,11,3,'2014-03-28','557ac15e-7800-44c3-bb62-d4ab34ac1e28'),(38,12,3,'2014-03-28','1695c115-bf3f-4014-9966-2b0c50179193'),(38,12,3,'2014-03-28','1695c115-bf3f-4014-9966-2b0c50179193'),(38,12,3,'2014-03-28','1695c115-bf3f-4014-9966-2b0c50179193'),(38,13,1,'2014-03-28','b7ffd2af-418f-4be2-bdd1-22f8b48613da'),(38,13,1,'2014-03-28','b7ffd2af-418f-4be2-bdd1-22f8b48613da'),(38,13,1,'2014-03-28','b7ffd2af-418f-4be2-bdd1-22f8b48613da'),(38,13,1,'2014-03-28','b7ffd2af-418f-4be2-bdd1-22f8b48613da'),(38,14,4,'2014-03-28','5b11f4ce-a62d-471e-81fc-a69a8278c7da'),(38,14,4,'2014-03-28','5b11f4ce-a62d-471e-81fc-a69a8278c7da'),(38,14,4,'2014-03-28','5b11f4ce-a62d-471e-81fc-a69a8278c7da'),(38,14,4,'2014-03-28','5b11f4ce-a62d-471e-81fc-a69a8278c7da'),(38,14,4,'2014-03-28','5b11f4ce-a62d-471e-81fc-a69a8278c7da'),(38,15,5,'2014-03-28','81b9963b-7ff7-47f7-9afb-fe454d8db43c'),(38,16,5,'2014-03-28','246aa41e-8a40-4018-a6d6-8fb646418c25'),(38,16,5,'2014-03-28','246aa41e-8a40-4018-a6d6-8fb646418c25'),(38,16,5,'2014-03-28','246aa41e-8a40-4018-a6d6-8fb646418c25'),(38,16,5,'2014-03-28','246aa41e-8a40-4018-a6d6-8fb646418c25'),(38,17,1,'2014-03-28','a74b1b7f-71a5-4011-9441-d0b5e4122711'),(38,17,1,'2014-03-28','a74b1b7f-71a5-4011-9441-d0b5e4122711'),(38,17,1,'2014-03-28','a74b1b7f-71a5-4011-9441-d0b5e4122711'),(38,17,1,'2014-03-28','a74b1b7f-71a5-4011-9441-d0b5e4122711'),(38,17,1,'2014-03-28','a74b1b7f-71a5-4011-9441-d0b5e4122711'),(38,17,1,'2014-03-28','a74b1b7f-71a5-4011-9441-d0b5e4122711'),(38,17,1,'2014-03-28','a74b1b7f-71a5-4011-9441-d0b5e4122711'),(38,18,5,'2014-03-28','d15721d8-56b4-453d-b506-fc915b14cba2'),(38,18,5,'2014-03-28','d15721d8-56b4-453d-b506-fc915b14cba2'),(38,18,5,'2014-03-28','d15721d8-56b4-453d-b506-fc915b14cba2'),(38,19,2,'2014-03-28','c41c6a32-cd7e-4cce-8859-559efdd457b3'),(38,19,2,'2014-03-28','c41c6a32-cd7e-4cce-8859-559efdd457b3'),(38,20,3,'2014-03-28','f181961b-20f7-459e-89de-920ef03c7ed0'),(38,20,3,'2014-03-28','f181961b-20f7-459e-89de-920ef03c7ed0'),(38,20,3,'2014-03-28','f181961b-20f7-459e-89de-920ef03c7ed0'),(38,20,3,'2014-03-28','f181961b-20f7-459e-89de-920ef03c7ed0'),(38,20,3,'2014-03-28','f181961b-20f7-459e-89de-920ef03c7ed0'),(38,20,3,'2014-03-28','f181961b-20f7-459e-89de-920ef03c7ed0'),(17,21,2,'2014-03-28','9102bdf6-b03e-4470-9f78-12127c4995cc'),(17,22,1,'2014-03-28','ff222983-7204-4b53-be2b-0971333ad53a'),(17,23,3,'2014-03-28','316f2aab-3477-4c62-bb08-eb04dcdcc18f'),(17,23,3,'2014-03-28','316f2aab-3477-4c62-bb08-eb04dcdcc18f'),(17,23,3,'2014-03-28','316f2aab-3477-4c62-bb08-eb04dcdcc18f'),(17,23,3,'2014-03-28','316f2aab-3477-4c62-bb08-eb04dcdcc18f'),(17,24,4,'2014-03-28','b95ce3ff-3d05-4e87-9e01-c97b66af13d4'),(17,24,4,'2014-03-28','b95ce3ff-3d05-4e87-9e01-c97b66af13d4'),(17,24,4,'2014-03-28','b95ce3ff-3d05-4e87-9e01-c97b66af13d4'),(17,25,4,'2014-03-28','f59c5520-5f46-4d2c-b2c4-822eabf53419'),(17,25,4,'2014-03-28','f59c5520-5f46-4d2c-b2c4-822eabf53419'),(17,25,4,'2014-03-28','f59c5520-5f46-4d2c-b2c4-822eabf53419'),(17,25,4,'2014-03-28','f59c5520-5f46-4d2c-b2c4-822eabf53419'),(17,25,4,'2014-03-28','f59c5520-5f46-4d2c-b2c4-822eabf53419'),(17,25,4,'2014-03-28','f59c5520-5f46-4d2c-b2c4-822eabf53419'),(17,25,4,'2014-03-28','f59c5520-5f46-4d2c-b2c4-822eabf53419'),(17,25,4,'2014-03-28','f59c5520-5f46-4d2c-b2c4-822eabf53419'),(17,25,4,'2014-03-28','f59c5520-5f46-4d2c-b2c4-822eabf53419'),(17,26,5,'2014-03-28','da02dddc-60fa-4ca4-88bb-8012598f1f86'),(17,27,5,'2014-03-28',NULL),(17,28,5,'2014-03-28','56c4b861-0922-4c3a-a9b9-3bfcb00f8274'),(17,28,5,'2014-03-28','56c4b861-0922-4c3a-a9b9-3bfcb00f8274'),(17,28,5,'2014-03-28','56c4b861-0922-4c3a-a9b9-3bfcb00f8274'),(17,28,5,'2014-03-28','56c4b861-0922-4c3a-a9b9-3bfcb00f8274'),(40,29,4,'2014-03-28','66c662b6-6e2f-4930-8610-912e24c63ed1'),(40,29,4,'2014-03-28','66c662b6-6e2f-4930-8610-912e24c63ed1'),(40,30,3,'2014-03-28','765774a0-2060-469b-8b7d-612eea48579b'),(40,30,3,'2014-03-28','765774a0-2060-469b-8b7d-612eea48579b'),(40,31,4,'2014-03-28','7c3762a3-51f8-4cf3-8565-1ee26a90efe2'),(40,31,4,'2014-03-28','7c3762a3-51f8-4cf3-8565-1ee26a90efe2'),(40,31,4,'2014-03-28','7c3762a3-51f8-4cf3-8565-1ee26a90efe2'),(40,31,4,'2014-03-28','7c3762a3-51f8-4cf3-8565-1ee26a90efe2'),(40,31,4,'2014-03-28','7c3762a3-51f8-4cf3-8565-1ee26a90efe2'),(40,31,4,'2014-03-28','7c3762a3-51f8-4cf3-8565-1ee26a90efe2'),(40,32,5,'2014-03-28','9ee2638f-c3a3-4532-bc08-54d397241c2a'),(40,33,4,'2014-03-28','65f4f0c5-ef9e-490c-aee3-909e7ae6b2ab'),(40,33,4,'2014-03-28','65f4f0c5-ef9e-490c-aee3-909e7ae6b2ab'),(40,33,4,'2014-03-28','65f4f0c5-ef9e-490c-aee3-909e7ae6b2ab'),(40,33,4,'2014-03-28','65f4f0c5-ef9e-490c-aee3-909e7ae6b2ab'),(40,33,4,'2014-03-28','65f4f0c5-ef9e-490c-aee3-909e7ae6b2ab'),(40,33,4,'2014-03-28','65f4f0c5-ef9e-490c-aee3-909e7ae6b2ab'),(40,33,4,'2014-03-28','65f4f0c5-ef9e-490c-aee3-909e7ae6b2ab'),(40,33,4,'2014-03-28','65f4f0c5-ef9e-490c-aee3-909e7ae6b2ab'),(40,33,4,'2014-03-28','65f4f0c5-ef9e-490c-aee3-909e7ae6b2ab'),(40,33,4,'2014-03-28','65f4f0c5-ef9e-490c-aee3-909e7ae6b2ab'),(40,34,5,'2014-03-28','f7c65346-9631-4220-9188-5e90baae58d5'),(40,35,4,'2014-03-28','44cf61b8-5197-448a-b82b-cef6ee89fac5'),(40,35,4,'2014-03-28','44cf61b8-5197-448a-b82b-cef6ee89fac5'),(40,35,4,'2014-03-28','44cf61b8-5197-448a-b82b-cef6ee89fac5'),(40,35,4,'2014-03-28','44cf61b8-5197-448a-b82b-cef6ee89fac5'),(40,36,5,'2014-03-28','6318e724-7e6b-4e41-a35b-080065077c80'),(40,37,5,'2014-03-28','acaede2d-f652-4a37-9ce0-efd994a3e678'),(40,38,5,'2014-03-28','006495a7-2ed5-4df2-bc9b-acb4af499375'),(51,39,5,'2014-03-28','3d2b98e5-556f-4451-a3ff-c50ea18d57cb'),(51,39,5,'2014-03-28','3d2b98e5-556f-4451-a3ff-c50ea18d57cb'),(51,39,5,'2014-03-28','3d2b98e5-556f-4451-a3ff-c50ea18d57cb'),(51,39,5,'2014-03-28','3d2b98e5-556f-4451-a3ff-c50ea18d57cb'),(51,39,5,'2014-03-28','3d2b98e5-556f-4451-a3ff-c50ea18d57cb'),(51,39,5,'2014-03-28','3d2b98e5-556f-4451-a3ff-c50ea18d57cb'),(51,39,5,'2014-03-28','3d2b98e5-556f-4451-a3ff-c50ea18d57cb'),(51,39,5,'2014-03-28','3d2b98e5-556f-4451-a3ff-c50ea18d57cb'),(51,9,4,'2014-03-28','ada7a83c-e3e1-40f1-93f9-3e73dbc9298a'),(51,9,4,'2014-03-28','ada7a83c-e3e1-40f1-93f9-3e73dbc9298a'),(51,9,4,'2014-03-28','ada7a83c-e3e1-40f1-93f9-3e73dbc9298a'),(51,9,4,'2014-03-28','ada7a83c-e3e1-40f1-93f9-3e73dbc9298a'),(51,9,4,'2014-03-28','ada7a83c-e3e1-40f1-93f9-3e73dbc9298a'),(51,9,4,'2014-03-28','ada7a83c-e3e1-40f1-93f9-3e73dbc9298a'),(51,9,4,'2014-03-28','ada7a83c-e3e1-40f1-93f9-3e73dbc9298a'),(51,9,4,'2014-03-28','ada7a83c-e3e1-40f1-93f9-3e73dbc9298a'),(51,41,5,'2014-03-28','020bfbb4-05c3-4c86-b372-17825c262094'),(51,42,4,'2014-03-28','24b930c0-5f27-4723-a5aa-3b8b830fb914'),(51,42,4,'2014-03-28','24b930c0-5f27-4723-a5aa-3b8b830fb914'),(51,42,4,'2014-03-28','24b930c0-5f27-4723-a5aa-3b8b830fb914'),(51,42,4,'2014-03-28','24b930c0-5f27-4723-a5aa-3b8b830fb914'),(51,43,4,'2014-03-28','5dcdb5eb-cb72-4e6e-9e63-b7bace604965'),(51,43,4,'2014-03-28','5dcdb5eb-cb72-4e6e-9e63-b7bace604965'),(51,43,4,'2014-03-28','5dcdb5eb-cb72-4e6e-9e63-b7bace604965'),(51,43,4,'2014-03-28','5dcdb5eb-cb72-4e6e-9e63-b7bace604965'),(51,43,4,'2014-03-28','5dcdb5eb-cb72-4e6e-9e63-b7bace604965'),(51,43,4,'2014-03-28','5dcdb5eb-cb72-4e6e-9e63-b7bace604965'),(51,44,4,'2014-03-28','cbf9738d-8f81-4a92-bc64-ede09341652d'),(51,45,5,'2014-03-28','056e4f3e-d505-4dad-8ec1-d04f521cbb56'),(51,45,5,'2014-03-28','056e4f3e-d505-4dad-8ec1-d04f521cbb56'),(51,45,5,'2014-03-28','056e4f3e-d505-4dad-8ec1-d04f521cbb56'),(51,45,5,'2014-03-28','056e4f3e-d505-4dad-8ec1-d04f521cbb56'),(51,45,5,'2014-03-28','056e4f3e-d505-4dad-8ec1-d04f521cbb56'),(51,45,5,'2014-03-28','056e4f3e-d505-4dad-8ec1-d04f521cbb56'),(51,46,4,'2014-03-28','05c35c95-dcbd-4492-b091-7f05a2091d47'),(51,46,4,'2014-03-28','05c35c95-dcbd-4492-b091-7f05a2091d47'),(51,46,4,'2014-03-28','05c35c95-dcbd-4492-b091-7f05a2091d47'),(51,46,4,'2014-03-28','05c35c95-dcbd-4492-b091-7f05a2091d47'),(51,47,5,'2014-03-28','5fee3020-513b-48c2-b1f7-4681b01db0c6'),(51,47,5,'2014-03-28','5fee3020-513b-48c2-b1f7-4681b01db0c6'),(51,48,4,'2014-03-28','170d6637-36e0-49dd-a225-c4fd5b77a285'),(51,48,4,'2014-03-28','170d6637-36e0-49dd-a225-c4fd5b77a285'),(51,25,5,'2014-03-28','f59c5520-5f46-4d2c-b2c4-822eabf53419'),(51,25,5,'2014-03-28','f59c5520-5f46-4d2c-b2c4-822eabf53419'),(51,25,5,'2014-03-28','f59c5520-5f46-4d2c-b2c4-822eabf53419'),(51,25,5,'2014-03-28','f59c5520-5f46-4d2c-b2c4-822eabf53419'),(51,25,5,'2014-03-28','f59c5520-5f46-4d2c-b2c4-822eabf53419'),(51,25,5,'2014-03-28','f59c5520-5f46-4d2c-b2c4-822eabf53419'),(51,25,5,'2014-03-28','f59c5520-5f46-4d2c-b2c4-822eabf53419'),(51,25,5,'2014-03-28','f59c5520-5f46-4d2c-b2c4-822eabf53419'),(51,25,5,'2014-03-28','f59c5520-5f46-4d2c-b2c4-822eabf53419'),(51,50,5,'2014-03-28','0ab49580-c84f-44d4-875f-d83760ea2cfe'),(51,50,5,'2014-03-28','0ab49580-c84f-44d4-875f-d83760ea2cfe'),(51,51,4,'2014-03-28',NULL),(51,12,5,'2014-03-28','1695c115-bf3f-4014-9966-2b0c50179193'),(51,12,5,'2014-03-28','1695c115-bf3f-4014-9966-2b0c50179193'),(51,12,5,'2014-03-28','1695c115-bf3f-4014-9966-2b0c50179193'),(51,53,4,'2014-03-28','bc710bcf-8815-42cf-bad2-3f1d12246aeb'),(51,53,4,'2014-03-28','bc710bcf-8815-42cf-bad2-3f1d12246aeb'),(51,53,4,'2014-03-28','bc710bcf-8815-42cf-bad2-3f1d12246aeb'),(51,13,4,'2014-03-28','b7ffd2af-418f-4be2-bdd1-22f8b48613da'),(51,13,4,'2014-03-28','b7ffd2af-418f-4be2-bdd1-22f8b48613da'),(51,13,4,'2014-03-28','b7ffd2af-418f-4be2-bdd1-22f8b48613da'),(51,13,4,'2014-03-28','b7ffd2af-418f-4be2-bdd1-22f8b48613da'),(51,55,5,'2014-03-28','39ab1aed-75e0-4140-bd47-540276886b60'),(51,55,5,'2014-03-28','39ab1aed-75e0-4140-bd47-540276886b60'),(51,55,5,'2014-03-28','39ab1aed-75e0-4140-bd47-540276886b60'),(51,55,5,'2014-03-28','39ab1aed-75e0-4140-bd47-540276886b60'),(51,56,5,'2014-03-28','83d91898-7763-47d7-b03b-b92132375c47'),(51,56,5,'2014-03-28','83d91898-7763-47d7-b03b-b92132375c47'),(51,56,5,'2014-03-28','83d91898-7763-47d7-b03b-b92132375c47'),(51,56,5,'2014-03-28','83d91898-7763-47d7-b03b-b92132375c47'),(51,56,5,'2014-03-28','83d91898-7763-47d7-b03b-b92132375c47'),(51,56,5,'2014-03-28','83d91898-7763-47d7-b03b-b92132375c47'),(51,56,5,'2014-03-28','83d91898-7763-47d7-b03b-b92132375c47'),(51,57,4,'2014-03-28','8bfac288-ccc5-448d-9573-c33ea2aa5c30'),(51,57,4,'2014-03-28','8bfac288-ccc5-448d-9573-c33ea2aa5c30'),(51,57,4,'2014-03-28','8bfac288-ccc5-448d-9573-c33ea2aa5c30'),(51,57,4,'2014-03-28','8bfac288-ccc5-448d-9573-c33ea2aa5c30'),(51,57,4,'2014-03-28','8bfac288-ccc5-448d-9573-c33ea2aa5c30'),(51,57,4,'2014-03-28','8bfac288-ccc5-448d-9573-c33ea2aa5c30'),(51,58,4,'2014-03-28','23a03e33-a603-404e-bcbf-2c00159d7067'),(51,58,4,'2014-03-28','23a03e33-a603-404e-bcbf-2c00159d7067'),(51,58,4,'2014-03-28','23a03e33-a603-404e-bcbf-2c00159d7067'),(51,28,4,'2014-03-28','56c4b861-0922-4c3a-a9b9-3bfcb00f8274'),(51,28,4,'2014-03-28','56c4b861-0922-4c3a-a9b9-3bfcb00f8274'),(51,28,4,'2014-03-28','56c4b861-0922-4c3a-a9b9-3bfcb00f8274'),(51,28,4,'2014-03-28','56c4b861-0922-4c3a-a9b9-3bfcb00f8274'),(1,60,5,'2014-03-28','4bdcee62-4902-4773-8cd1-e252e2e31225'),(1,61,4,'2014-03-28','2f4f5d16-7102-4110-97fd-f5c365d6bb26'),(1,61,4,'2014-03-28','2f4f5d16-7102-4110-97fd-f5c365d6bb26'),(1,62,4,'2014-03-28','7739f53a-f809-48a3-942a-fbea493f0a17'),(1,63,5,'2014-03-28','76858c01-acf4-4630-84f3-1b5208c390db'),(1,64,4,'2014-03-28','57ea5b34-a835-41c2-a82d-25a49cb719ca'),(1,65,4,'2014-03-28','eeb1195b-f213-4ce1-b28c-8565211f8e43'),(1,65,4,'2014-03-28','eeb1195b-f213-4ce1-b28c-8565211f8e43'),(1,65,4,'2014-03-28','eeb1195b-f213-4ce1-b28c-8565211f8e43'),(1,65,4,'2014-03-28','eeb1195b-f213-4ce1-b28c-8565211f8e43'),(1,65,4,'2014-03-28','eeb1195b-f213-4ce1-b28c-8565211f8e43'),(1,65,4,'2014-03-28','eeb1195b-f213-4ce1-b28c-8565211f8e43'),(1,65,4,'2014-03-28','eeb1195b-f213-4ce1-b28c-8565211f8e43'),(1,65,4,'2014-03-28','eeb1195b-f213-4ce1-b28c-8565211f8e43'),(1,65,4,'2014-03-28','eeb1195b-f213-4ce1-b28c-8565211f8e43'),(1,11,5,'2014-03-28','557ac15e-7800-44c3-bb62-d4ab34ac1e28'),(1,11,5,'2014-03-28','557ac15e-7800-44c3-bb62-d4ab34ac1e28'),(1,11,5,'2014-03-28','557ac15e-7800-44c3-bb62-d4ab34ac1e28'),(1,11,5,'2014-03-28','557ac15e-7800-44c3-bb62-d4ab34ac1e28'),(1,11,5,'2014-03-28','557ac15e-7800-44c3-bb62-d4ab34ac1e28'),(1,33,4,'2014-03-28','65f4f0c5-ef9e-490c-aee3-909e7ae6b2ab'),(1,33,4,'2014-03-28','65f4f0c5-ef9e-490c-aee3-909e7ae6b2ab'),(1,33,4,'2014-03-28','65f4f0c5-ef9e-490c-aee3-909e7ae6b2ab'),(1,33,4,'2014-03-28','65f4f0c5-ef9e-490c-aee3-909e7ae6b2ab'),(1,33,4,'2014-03-28','65f4f0c5-ef9e-490c-aee3-909e7ae6b2ab'),(1,33,4,'2014-03-28','65f4f0c5-ef9e-490c-aee3-909e7ae6b2ab'),(1,33,4,'2014-03-28','65f4f0c5-ef9e-490c-aee3-909e7ae6b2ab'),(1,33,4,'2014-03-28','65f4f0c5-ef9e-490c-aee3-909e7ae6b2ab'),(1,33,4,'2014-03-28','65f4f0c5-ef9e-490c-aee3-909e7ae6b2ab'),(1,33,4,'2014-03-28','65f4f0c5-ef9e-490c-aee3-909e7ae6b2ab'),(1,14,4,'2014-03-28','5b11f4ce-a62d-471e-81fc-a69a8278c7da'),(1,14,4,'2014-03-28','5b11f4ce-a62d-471e-81fc-a69a8278c7da'),(1,14,4,'2014-03-28','5b11f4ce-a62d-471e-81fc-a69a8278c7da'),(1,14,4,'2014-03-28','5b11f4ce-a62d-471e-81fc-a69a8278c7da'),(1,14,4,'2014-03-28','5b11f4ce-a62d-471e-81fc-a69a8278c7da'),(1,69,5,'2014-03-28','00034ede-a1f1-4219-be39-02f36853373e'),(1,70,5,'2014-03-28','726cb350-d775-4e07-b006-898555f24b0d'),(1,70,5,'2014-03-28','726cb350-d775-4e07-b006-898555f24b0d'),(37,71,5,'2014-03-28','4bd95eea-b9f6-4d70-a36c-cfea77431553'),(37,71,5,'2014-03-28','4bd95eea-b9f6-4d70-a36c-cfea77431553'),(37,72,5,'2014-03-28','0053dbd9-bfbc-4e38-9f08-66a27d914c38'),(37,73,5,'2014-03-28','019b9b96-35eb-4e82-b794-63e770596282'),(37,23,5,'2014-03-28','316f2aab-3477-4c62-bb08-eb04dcdcc18f'),(37,23,5,'2014-03-28','316f2aab-3477-4c62-bb08-eb04dcdcc18f'),(37,23,5,'2014-03-28','316f2aab-3477-4c62-bb08-eb04dcdcc18f'),(37,23,5,'2014-03-28','316f2aab-3477-4c62-bb08-eb04dcdcc18f'),(37,75,5,'2014-03-28','1c4b9280-7bee-4fdd-8886-daa627d471a0'),(37,33,5,'2014-03-28','65f4f0c5-ef9e-490c-aee3-909e7ae6b2ab'),(37,33,5,'2014-03-28','65f4f0c5-ef9e-490c-aee3-909e7ae6b2ab'),(37,33,5,'2014-03-28','65f4f0c5-ef9e-490c-aee3-909e7ae6b2ab'),(37,33,5,'2014-03-28','65f4f0c5-ef9e-490c-aee3-909e7ae6b2ab'),(37,33,5,'2014-03-28','65f4f0c5-ef9e-490c-aee3-909e7ae6b2ab'),(37,33,5,'2014-03-28','65f4f0c5-ef9e-490c-aee3-909e7ae6b2ab'),(37,33,5,'2014-03-28','65f4f0c5-ef9e-490c-aee3-909e7ae6b2ab'),(37,33,5,'2014-03-28','65f4f0c5-ef9e-490c-aee3-909e7ae6b2ab'),(37,33,5,'2014-03-28','65f4f0c5-ef9e-490c-aee3-909e7ae6b2ab'),(37,33,5,'2014-03-28','65f4f0c5-ef9e-490c-aee3-909e7ae6b2ab'),(37,56,5,'2014-03-28','83d91898-7763-47d7-b03b-b92132375c47'),(37,56,5,'2014-03-28','83d91898-7763-47d7-b03b-b92132375c47'),(37,56,5,'2014-03-28','83d91898-7763-47d7-b03b-b92132375c47'),(37,56,5,'2014-03-28','83d91898-7763-47d7-b03b-b92132375c47'),(37,56,5,'2014-03-28','83d91898-7763-47d7-b03b-b92132375c47'),(37,56,5,'2014-03-28','83d91898-7763-47d7-b03b-b92132375c47'),(37,56,5,'2014-03-28','83d91898-7763-47d7-b03b-b92132375c47'),(37,6,5,'2014-03-28','0383dadf-2a4e-4d10-a46a-e9e041da8eb3'),(37,6,5,'2014-03-28','0383dadf-2a4e-4d10-a46a-e9e041da8eb3'),(37,6,5,'2014-03-28','0383dadf-2a4e-4d10-a46a-e9e041da8eb3'),(37,6,5,'2014-03-28','0383dadf-2a4e-4d10-a46a-e9e041da8eb3'),(37,6,5,'2014-03-28','0383dadf-2a4e-4d10-a46a-e9e041da8eb3'),(37,6,5,'2014-03-28','0383dadf-2a4e-4d10-a46a-e9e041da8eb3'),(37,17,5,'2014-03-28','a74b1b7f-71a5-4011-9441-d0b5e4122711'),(37,17,5,'2014-03-28','a74b1b7f-71a5-4011-9441-d0b5e4122711'),(37,17,5,'2014-03-28','a74b1b7f-71a5-4011-9441-d0b5e4122711'),(37,17,5,'2014-03-28','a74b1b7f-71a5-4011-9441-d0b5e4122711'),(37,17,5,'2014-03-28','a74b1b7f-71a5-4011-9441-d0b5e4122711'),(37,17,5,'2014-03-28','a74b1b7f-71a5-4011-9441-d0b5e4122711'),(37,17,5,'2014-03-28','a74b1b7f-71a5-4011-9441-d0b5e4122711'),(37,80,5,'2014-03-28','5ba1a11a-c668-4ff1-813f-6908376cc65c'),(37,81,5,'2014-03-28','153c9281-268f-4cf3-8938-f5a4593e5df4'),(37,82,5,'2014-03-28','8c32bb01-58a3-453b-8050-8c0620edb0e5'),(37,20,5,'2014-03-28','f181961b-20f7-459e-89de-920ef03c7ed0'),(37,20,5,'2014-03-28','f181961b-20f7-459e-89de-920ef03c7ed0'),(37,20,5,'2014-03-28','f181961b-20f7-459e-89de-920ef03c7ed0'),(37,20,5,'2014-03-28','f181961b-20f7-459e-89de-920ef03c7ed0'),(37,20,5,'2014-03-28','f181961b-20f7-459e-89de-920ef03c7ed0'),(37,20,5,'2014-03-28','f181961b-20f7-459e-89de-920ef03c7ed0'),(37,84,4,'2014-03-28','92a42e82-b36f-4308-82c1-68bad2e03c89'),(37,85,5,'2014-03-28','22c94bce-544f-49ba-afdc-026beac4fd3e'),(37,86,4,'2014-03-28','3a528006-1429-47f4-ae9b-2ea95343e16a'),(24,87,4,'2014-03-28','2386cd66-e923-4e8e-bf14-2eebe2e9b973'),(24,29,5,'2014-03-28','66c662b6-6e2f-4930-8610-912e24c63ed1'),(24,29,5,'2014-03-28','66c662b6-6e2f-4930-8610-912e24c63ed1'),(24,39,5,'2014-03-28','3d2b98e5-556f-4451-a3ff-c50ea18d57cb'),(24,39,5,'2014-03-28','3d2b98e5-556f-4451-a3ff-c50ea18d57cb'),(24,39,5,'2014-03-28','3d2b98e5-556f-4451-a3ff-c50ea18d57cb'),(24,39,5,'2014-03-28','3d2b98e5-556f-4451-a3ff-c50ea18d57cb'),(24,39,5,'2014-03-28','3d2b98e5-556f-4451-a3ff-c50ea18d57cb'),(24,39,5,'2014-03-28','3d2b98e5-556f-4451-a3ff-c50ea18d57cb'),(24,39,5,'2014-03-28','3d2b98e5-556f-4451-a3ff-c50ea18d57cb'),(24,39,5,'2014-03-28','3d2b98e5-556f-4451-a3ff-c50ea18d57cb'),(24,90,4,'2014-03-28','5182c1d9-c7d2-4dad-afa0-ccfeada921a8'),(24,90,4,'2014-03-28','5182c1d9-c7d2-4dad-afa0-ccfeada921a8'),(24,90,4,'2014-03-28','5182c1d9-c7d2-4dad-afa0-ccfeada921a8'),(24,90,4,'2014-03-28','5182c1d9-c7d2-4dad-afa0-ccfeada921a8'),(24,91,5,'2014-03-28','8332cf11-f7a2-431b-aab7-5468ece84e3d'),(24,91,5,'2014-03-28','8332cf11-f7a2-431b-aab7-5468ece84e3d'),(24,91,5,'2014-03-28','8332cf11-f7a2-431b-aab7-5468ece84e3d'),(24,92,4,'2014-03-28','cc197bad-dc9c-440d-a5b5-d52ba2e14234'),(24,92,4,'2014-03-28','cc197bad-dc9c-440d-a5b5-d52ba2e14234'),(24,92,4,'2014-03-28','cc197bad-dc9c-440d-a5b5-d52ba2e14234'),(24,92,4,'2014-03-28','cc197bad-dc9c-440d-a5b5-d52ba2e14234'),(24,92,4,'2014-03-28','cc197bad-dc9c-440d-a5b5-d52ba2e14234'),(24,93,5,'2014-03-28','109958eb-a335-4c5e-907e-597ff4c6af46'),(24,94,5,'2014-03-28','67f66c07-6e61-4026-ade5-7e782fad3a5d'),(24,94,5,'2014-03-28','67f66c07-6e61-4026-ade5-7e782fad3a5d'),(24,94,5,'2014-03-28','67f66c07-6e61-4026-ade5-7e782fad3a5d'),(24,94,5,'2014-03-28','67f66c07-6e61-4026-ade5-7e782fad3a5d'),(24,94,5,'2014-03-28','67f66c07-6e61-4026-ade5-7e782fad3a5d'),(24,95,4,'2014-03-28','e2c00c56-8365-4160-9f40-a64682917633'),(24,65,5,'2014-03-28','eeb1195b-f213-4ce1-b28c-8565211f8e43'),(24,65,5,'2014-03-28','eeb1195b-f213-4ce1-b28c-8565211f8e43'),(24,65,5,'2014-03-28','eeb1195b-f213-4ce1-b28c-8565211f8e43'),(24,65,5,'2014-03-28','eeb1195b-f213-4ce1-b28c-8565211f8e43'),(24,65,5,'2014-03-28','eeb1195b-f213-4ce1-b28c-8565211f8e43'),(24,65,5,'2014-03-28','eeb1195b-f213-4ce1-b28c-8565211f8e43'),(24,65,5,'2014-03-28','eeb1195b-f213-4ce1-b28c-8565211f8e43'),(24,65,5,'2014-03-28','eeb1195b-f213-4ce1-b28c-8565211f8e43'),(24,65,5,'2014-03-28','eeb1195b-f213-4ce1-b28c-8565211f8e43'),(24,97,4,'2014-03-28','8d6a2958-37a1-407f-842c-7793eedb836c'),(24,31,5,'2014-03-28','7c3762a3-51f8-4cf3-8565-1ee26a90efe2'),(24,31,5,'2014-03-28','7c3762a3-51f8-4cf3-8565-1ee26a90efe2'),(24,31,5,'2014-03-28','7c3762a3-51f8-4cf3-8565-1ee26a90efe2'),(24,31,5,'2014-03-28','7c3762a3-51f8-4cf3-8565-1ee26a90efe2'),(24,31,5,'2014-03-28','7c3762a3-51f8-4cf3-8565-1ee26a90efe2'),(24,31,5,'2014-03-28','7c3762a3-51f8-4cf3-8565-1ee26a90efe2'),(24,99,4,'2014-03-28','69689acf-d9cd-4d20-a972-47db4ed51b1a'),(24,100,5,'2014-03-28','98b67ebc-5606-4cdb-9787-47b12cceb101'),(24,100,5,'2014-03-28','98b67ebc-5606-4cdb-9787-47b12cceb101'),(24,100,5,'2014-03-28','98b67ebc-5606-4cdb-9787-47b12cceb101'),(24,100,5,'2014-03-28','98b67ebc-5606-4cdb-9787-47b12cceb101'),(24,101,5,'2014-03-28','678d88b2-87b0-403b-b63d-5da7465aecc3'),(24,101,5,'2014-03-28','678d88b2-87b0-403b-b63d-5da7465aecc3'),(24,101,5,'2014-03-28','678d88b2-87b0-403b-b63d-5da7465aecc3'),(24,101,5,'2014-03-28','678d88b2-87b0-403b-b63d-5da7465aecc3'),(24,101,5,'2014-03-28','678d88b2-87b0-403b-b63d-5da7465aecc3'),(24,101,5,'2014-03-28','678d88b2-87b0-403b-b63d-5da7465aecc3'),(24,101,5,'2014-03-28','678d88b2-87b0-403b-b63d-5da7465aecc3'),(24,101,5,'2014-03-28','678d88b2-87b0-403b-b63d-5da7465aecc3'),(24,101,5,'2014-03-28','678d88b2-87b0-403b-b63d-5da7465aecc3'),(24,102,5,'2014-03-28','47685be0-926f-4be9-b1ae-e32da47a3b99'),(24,25,4,'2014-03-28','f59c5520-5f46-4d2c-b2c4-822eabf53419'),(24,25,4,'2014-03-28','f59c5520-5f46-4d2c-b2c4-822eabf53419'),(24,25,4,'2014-03-28','f59c5520-5f46-4d2c-b2c4-822eabf53419'),(24,25,4,'2014-03-28','f59c5520-5f46-4d2c-b2c4-822eabf53419'),(24,25,4,'2014-03-28','f59c5520-5f46-4d2c-b2c4-822eabf53419'),(24,25,4,'2014-03-28','f59c5520-5f46-4d2c-b2c4-822eabf53419'),(24,25,4,'2014-03-28','f59c5520-5f46-4d2c-b2c4-822eabf53419'),(24,25,4,'2014-03-28','f59c5520-5f46-4d2c-b2c4-822eabf53419'),(24,25,4,'2014-03-28','f59c5520-5f46-4d2c-b2c4-822eabf53419'),(24,104,4,'2014-03-28','dc6f8c1f-626b-42b0-9115-7e66ae4cecd6'),(24,105,4,'2014-03-28','3abca171-d700-4a1f-aa0f-d683c37ef74d'),(24,105,4,'2014-03-28','3abca171-d700-4a1f-aa0f-d683c37ef74d'),(24,105,4,'2014-03-28','3abca171-d700-4a1f-aa0f-d683c37ef74d'),(24,33,5,'2014-03-28','65f4f0c5-ef9e-490c-aee3-909e7ae6b2ab'),(24,33,5,'2014-03-28','65f4f0c5-ef9e-490c-aee3-909e7ae6b2ab'),(24,33,5,'2014-03-28','65f4f0c5-ef9e-490c-aee3-909e7ae6b2ab'),(24,33,5,'2014-03-28','65f4f0c5-ef9e-490c-aee3-909e7ae6b2ab'),(24,33,5,'2014-03-28','65f4f0c5-ef9e-490c-aee3-909e7ae6b2ab'),(24,33,5,'2014-03-28','65f4f0c5-ef9e-490c-aee3-909e7ae6b2ab'),(24,33,5,'2014-03-28','65f4f0c5-ef9e-490c-aee3-909e7ae6b2ab'),(24,33,5,'2014-03-28','65f4f0c5-ef9e-490c-aee3-909e7ae6b2ab'),(24,33,5,'2014-03-28','65f4f0c5-ef9e-490c-aee3-909e7ae6b2ab'),(24,33,5,'2014-03-28','65f4f0c5-ef9e-490c-aee3-909e7ae6b2ab'),(24,53,5,'2014-03-28','bc710bcf-8815-42cf-bad2-3f1d12246aeb'),(24,53,5,'2014-03-28','bc710bcf-8815-42cf-bad2-3f1d12246aeb'),(24,53,5,'2014-03-28','bc710bcf-8815-42cf-bad2-3f1d12246aeb'),(24,14,5,'2014-03-28','5b11f4ce-a62d-471e-81fc-a69a8278c7da'),(24,14,5,'2014-03-28','5b11f4ce-a62d-471e-81fc-a69a8278c7da'),(24,14,5,'2014-03-28','5b11f4ce-a62d-471e-81fc-a69a8278c7da'),(24,14,5,'2014-03-28','5b11f4ce-a62d-471e-81fc-a69a8278c7da'),(24,14,5,'2014-03-28','5b11f4ce-a62d-471e-81fc-a69a8278c7da'),(24,55,4,'2014-03-28','39ab1aed-75e0-4140-bd47-540276886b60'),(24,55,4,'2014-03-28','39ab1aed-75e0-4140-bd47-540276886b60'),(24,55,4,'2014-03-28','39ab1aed-75e0-4140-bd47-540276886b60'),(24,55,4,'2014-03-28','39ab1aed-75e0-4140-bd47-540276886b60'),(24,110,4,'2014-03-28','8aa5b65a-5b3c-4029-92bf-47a544356934'),(24,110,4,'2014-03-28','8aa5b65a-5b3c-4029-92bf-47a544356934'),(24,111,4,'2014-03-28','83b9cbe7-9857-49e2-ab8e-b57b01038103'),(24,111,4,'2014-03-28','83b9cbe7-9857-49e2-ab8e-b57b01038103'),(24,111,4,'2014-03-28','83b9cbe7-9857-49e2-ab8e-b57b01038103'),(24,111,4,'2014-03-28','83b9cbe7-9857-49e2-ab8e-b57b01038103'),(24,111,4,'2014-03-28','83b9cbe7-9857-49e2-ab8e-b57b01038103'),(24,6,5,'2014-03-28','0383dadf-2a4e-4d10-a46a-e9e041da8eb3'),(24,6,5,'2014-03-28','0383dadf-2a4e-4d10-a46a-e9e041da8eb3'),(24,6,5,'2014-03-28','0383dadf-2a4e-4d10-a46a-e9e041da8eb3'),(24,6,5,'2014-03-28','0383dadf-2a4e-4d10-a46a-e9e041da8eb3'),(24,6,5,'2014-03-28','0383dadf-2a4e-4d10-a46a-e9e041da8eb3'),(24,6,5,'2014-03-28','0383dadf-2a4e-4d10-a46a-e9e041da8eb3'),(24,16,4,'2014-03-28','246aa41e-8a40-4018-a6d6-8fb646418c25'),(24,16,4,'2014-03-28','246aa41e-8a40-4018-a6d6-8fb646418c25'),(24,16,4,'2014-03-28','246aa41e-8a40-4018-a6d6-8fb646418c25'),(24,16,4,'2014-03-28','246aa41e-8a40-4018-a6d6-8fb646418c25'),(24,114,4,'2014-03-28','3798b104-01cb-484c-a3b0-56adc6399b80'),(24,114,4,'2014-03-28','3798b104-01cb-484c-a3b0-56adc6399b80'),(24,115,4,'2014-03-28','c4efd92a-5692-41d5-91bb-b23d4b75e735'),(24,57,5,'2014-03-28','8bfac288-ccc5-448d-9573-c33ea2aa5c30'),(24,57,5,'2014-03-28','8bfac288-ccc5-448d-9573-c33ea2aa5c30'),(24,57,5,'2014-03-28','8bfac288-ccc5-448d-9573-c33ea2aa5c30'),(24,57,5,'2014-03-28','8bfac288-ccc5-448d-9573-c33ea2aa5c30'),(24,57,5,'2014-03-28','8bfac288-ccc5-448d-9573-c33ea2aa5c30'),(24,57,5,'2014-03-28','8bfac288-ccc5-448d-9573-c33ea2aa5c30'),(24,117,4,'2014-03-28','5dc3d829-9131-4732-839a-432c9cd35c38'),(24,118,4,'2014-03-28','49855822-68b4-4dff-aec7-642546611518'),(24,118,4,'2014-03-28','49855822-68b4-4dff-aec7-642546611518'),(24,119,5,'2014-03-28','6d797b95-2011-4859-91ab-9284d1e1f472'),(24,120,4,'2014-03-28','1b67f2e0-b7f7-4e0f-a9dc-4fd4257b0964'),(24,121,4,'2014-03-28','24b4aee8-32ed-4163-98f7-55bae67411ae'),(24,121,4,'2014-03-28','24b4aee8-32ed-4163-98f7-55bae67411ae'),(24,121,4,'2014-03-28','24b4aee8-32ed-4163-98f7-55bae67411ae'),(24,121,4,'2014-03-28','24b4aee8-32ed-4163-98f7-55bae67411ae'),(24,121,4,'2014-03-28','24b4aee8-32ed-4163-98f7-55bae67411ae'),(24,121,4,'2014-03-28','24b4aee8-32ed-4163-98f7-55bae67411ae'),(24,58,5,'2014-03-28','23a03e33-a603-404e-bcbf-2c00159d7067'),(24,58,5,'2014-03-28','23a03e33-a603-404e-bcbf-2c00159d7067'),(24,58,5,'2014-03-28','23a03e33-a603-404e-bcbf-2c00159d7067'),(24,123,4,'2014-03-28','b071f9fa-14b0-4217-8e97-eb41da73f598'),(24,124,4,'2014-03-28','11ae9fbb-f3d7-4a47-936f-4c0a04d3b3b5'),(24,125,4,'2014-03-28','9e0e2b01-41db-4008-bd8b-988977d6019a'),(24,126,4,'2014-03-28','6a726ac6-019e-455c-8bbb-571a77bed52e'),(24,127,4,'2014-03-28','c1a669b9-30f4-4171-a2a9-a15d9461ca04'),(24,128,4,'2014-03-28','c6122fee-089f-41c4-a34f-e5f7e5607b05'),(24,129,4,'2014-03-28','704acdbb-1415-4782-b0b6-0596b8c55e46'),(24,129,4,'2014-03-28','704acdbb-1415-4782-b0b6-0596b8c55e46'),(24,129,4,'2014-03-28','704acdbb-1415-4782-b0b6-0596b8c55e46'),(24,130,4,'2014-03-28','b665b768-0d83-4363-950c-31ed39317c15'),(24,131,5,'2014-03-28','5dedf5cf-a598-4408-9556-3bf3f149f3ba'),(24,131,5,'2014-03-28','5dedf5cf-a598-4408-9556-3bf3f149f3ba'),(24,132,4,'2014-03-28',NULL),(45,29,5,'2014-03-28','66c662b6-6e2f-4930-8610-912e24c63ed1'),(45,29,5,'2014-03-28','66c662b6-6e2f-4930-8610-912e24c63ed1'),(45,29,5,'2014-03-28','66c662b6-6e2f-4930-8610-912e24c63ed1'),(45,29,5,'2014-03-28','66c662b6-6e2f-4930-8610-912e24c63ed1'),(45,29,5,'2014-03-28','66c662b6-6e2f-4930-8610-912e24c63ed1'),(45,134,5,'2014-03-28','b0fe8ef0-d59b-4d41-afee-2d21b59112ab'),(45,9,2,'2014-03-28','ada7a83c-e3e1-40f1-93f9-3e73dbc9298a'),(45,9,2,'2014-03-28','ada7a83c-e3e1-40f1-93f9-3e73dbc9298a'),(45,9,2,'2014-03-28','ada7a83c-e3e1-40f1-93f9-3e73dbc9298a'),(45,9,2,'2014-03-28','ada7a83c-e3e1-40f1-93f9-3e73dbc9298a'),(45,9,2,'2014-03-28','ada7a83c-e3e1-40f1-93f9-3e73dbc9298a'),(45,9,2,'2014-03-28','ada7a83c-e3e1-40f1-93f9-3e73dbc9298a'),(45,9,2,'2014-03-28','ada7a83c-e3e1-40f1-93f9-3e73dbc9298a'),(45,9,2,'2014-03-28','ada7a83c-e3e1-40f1-93f9-3e73dbc9298a'),(45,136,4,'2014-03-28','2ecbc483-dee4-442f-8ce7-f3ab31c73f87'),(45,8,3,'2014-03-28','b10bbbfc-cf9e-42e0-be17-e2c3e1d2600d'),(45,8,3,'2014-03-28','b10bbbfc-cf9e-42e0-be17-e2c3e1d2600d'),(45,8,3,'2014-03-28','b10bbbfc-cf9e-42e0-be17-e2c3e1d2600d'),(45,8,3,'2014-03-28','b10bbbfc-cf9e-42e0-be17-e2c3e1d2600d'),(45,138,5,'2014-03-28','7fa7fc04-1011-4876-8095-ecd232edea87'),(45,138,5,'2014-03-28','7fa7fc04-1011-4876-8095-ecd232edea87'),(45,43,4,'2014-03-28','5dcdb5eb-cb72-4e6e-9e63-b7bace604965'),(45,43,4,'2014-03-28','5dcdb5eb-cb72-4e6e-9e63-b7bace604965'),(45,43,4,'2014-03-28','5dcdb5eb-cb72-4e6e-9e63-b7bace604965'),(45,43,4,'2014-03-28','5dcdb5eb-cb72-4e6e-9e63-b7bace604965'),(45,43,4,'2014-03-28','5dcdb5eb-cb72-4e6e-9e63-b7bace604965'),(45,43,4,'2014-03-28','5dcdb5eb-cb72-4e6e-9e63-b7bace604965'),(45,140,4,'2014-03-28','28503ab7-8bf2-4666-a7bd-2644bfc7cb1d'),(45,140,4,'2014-03-28','28503ab7-8bf2-4666-a7bd-2644bfc7cb1d'),(45,140,4,'2014-03-28','28503ab7-8bf2-4666-a7bd-2644bfc7cb1d'),(45,141,4,'2014-03-28','2a66baa5-9832-4fbc-8365-c9f607a89e47'),(45,142,5,'2014-03-28','83998f9c-846b-4294-aede-d7735531c901'),(45,46,3,'2014-03-28','05c35c95-dcbd-4492-b091-7f05a2091d47'),(45,46,3,'2014-03-28','05c35c95-dcbd-4492-b091-7f05a2091d47'),(45,46,3,'2014-03-28','05c35c95-dcbd-4492-b091-7f05a2091d47'),(45,46,3,'2014-03-28','05c35c95-dcbd-4492-b091-7f05a2091d47'),(45,144,3,'2014-03-28','e0e1a584-dd0a-4bd1-88d1-c4c62895039d'),(45,144,3,'2014-03-28','e0e1a584-dd0a-4bd1-88d1-c4c62895039d'),(45,144,3,'2014-03-28','e0e1a584-dd0a-4bd1-88d1-c4c62895039d'),(45,145,4,'2014-03-28','aa7a2827-f74b-473c-bd79-03d065835cf7'),(45,31,5,'2014-03-28','7c3762a3-51f8-4cf3-8565-1ee26a90efe2'),(45,31,5,'2014-03-28','7c3762a3-51f8-4cf3-8565-1ee26a90efe2'),(45,31,5,'2014-03-28','7c3762a3-51f8-4cf3-8565-1ee26a90efe2'),(45,31,5,'2014-03-28','7c3762a3-51f8-4cf3-8565-1ee26a90efe2'),(45,31,5,'2014-03-28','7c3762a3-51f8-4cf3-8565-1ee26a90efe2'),(45,31,5,'2014-03-28','7c3762a3-51f8-4cf3-8565-1ee26a90efe2'),(45,101,4,'2014-03-28','678d88b2-87b0-403b-b63d-5da7465aecc3'),(45,101,4,'2014-03-28','678d88b2-87b0-403b-b63d-5da7465aecc3'),(45,101,4,'2014-03-28','678d88b2-87b0-403b-b63d-5da7465aecc3'),(45,101,4,'2014-03-28','678d88b2-87b0-403b-b63d-5da7465aecc3'),(45,101,4,'2014-03-28','678d88b2-87b0-403b-b63d-5da7465aecc3'),(45,101,4,'2014-03-28','678d88b2-87b0-403b-b63d-5da7465aecc3'),(45,101,4,'2014-03-28','678d88b2-87b0-403b-b63d-5da7465aecc3'),(45,101,4,'2014-03-28','678d88b2-87b0-403b-b63d-5da7465aecc3'),(45,101,4,'2014-03-28','678d88b2-87b0-403b-b63d-5da7465aecc3'),(45,33,4,'2014-03-28','65f4f0c5-ef9e-490c-aee3-909e7ae6b2ab'),(45,33,4,'2014-03-28','65f4f0c5-ef9e-490c-aee3-909e7ae6b2ab'),(45,33,4,'2014-03-28','65f4f0c5-ef9e-490c-aee3-909e7ae6b2ab'),(45,33,4,'2014-03-28','65f4f0c5-ef9e-490c-aee3-909e7ae6b2ab'),(45,33,4,'2014-03-28','65f4f0c5-ef9e-490c-aee3-909e7ae6b2ab'),(45,33,4,'2014-03-28','65f4f0c5-ef9e-490c-aee3-909e7ae6b2ab'),(45,33,4,'2014-03-28','65f4f0c5-ef9e-490c-aee3-909e7ae6b2ab'),(45,33,4,'2014-03-28','65f4f0c5-ef9e-490c-aee3-909e7ae6b2ab'),(45,33,4,'2014-03-28','65f4f0c5-ef9e-490c-aee3-909e7ae6b2ab'),(45,33,4,'2014-03-28','65f4f0c5-ef9e-490c-aee3-909e7ae6b2ab'),(45,149,2,'2014-03-28','57961a97-3796-4bf7-9f02-a985a8979ae9'),(45,14,3,'2014-03-28','5b11f4ce-a62d-471e-81fc-a69a8278c7da'),(45,6,5,'2014-03-28','0383dadf-2a4e-4d10-a46a-e9e041da8eb3'),(45,6,5,'2014-03-28','0383dadf-2a4e-4d10-a46a-e9e041da8eb3'),(45,152,3,'2014-03-28','d6ed7887-a401-47a8-893c-34b967444d26'),(45,123,2,'2014-03-28','b071f9fa-14b0-4217-8e97-eb41da73f598'),(45,123,2,'2014-03-28','b071f9fa-14b0-4217-8e97-eb41da73f598'),(45,154,5,'2014-03-28','319b1175-ced9-438f-986b-9239c3edd92d'),(45,155,4,'2014-03-28','9efff43b-3b29-4082-824e-bc82f646f93d'),(45,155,4,'2014-03-28','9efff43b-3b29-4082-824e-bc82f646f93d'),(45,155,4,'2014-03-28','9efff43b-3b29-4082-824e-bc82f646f93d'),(45,155,4,'2014-03-28','9efff43b-3b29-4082-824e-bc82f646f93d'),(45,94,3,'2014-03-28','67f66c07-6e61-4026-ade5-7e782fad3a5d'),(45,129,2,'2014-03-28','704acdbb-1415-4782-b0b6-0596b8c55e46'),(45,129,2,'2014-03-28','704acdbb-1415-4782-b0b6-0596b8c55e46'),(45,129,2,'2014-03-28','704acdbb-1415-4782-b0b6-0596b8c55e46'),(3,158,5,'2014-03-28','3349c8d2-81c3-4dd2-9495-4290c9e5c7e3'),(3,158,5,'2014-03-28','3349c8d2-81c3-4dd2-9495-4290c9e5c7e3'),(3,42,5,'2014-03-28','24b930c0-5f27-4723-a5aa-3b8b830fb914'),(3,42,5,'2014-03-28','24b930c0-5f27-4723-a5aa-3b8b830fb914'),(3,42,5,'2014-03-28','24b930c0-5f27-4723-a5aa-3b8b830fb914'),(3,42,5,'2014-03-28','24b930c0-5f27-4723-a5aa-3b8b830fb914'),(3,160,4,'2014-03-28','29b550f2-04a3-4733-b6f5-4e347fac7e11'),(3,23,4,'2014-03-28','316f2aab-3477-4c62-bb08-eb04dcdcc18f'),(3,23,4,'2014-03-28','316f2aab-3477-4c62-bb08-eb04dcdcc18f'),(3,23,4,'2014-03-28','316f2aab-3477-4c62-bb08-eb04dcdcc18f'),(3,23,4,'2014-03-28','316f2aab-3477-4c62-bb08-eb04dcdcc18f'),(3,25,5,'2014-03-28','f59c5520-5f46-4d2c-b2c4-822eabf53419'),(3,25,5,'2014-03-28','f59c5520-5f46-4d2c-b2c4-822eabf53419'),(3,25,5,'2014-03-28','f59c5520-5f46-4d2c-b2c4-822eabf53419'),(3,25,5,'2014-03-28','f59c5520-5f46-4d2c-b2c4-822eabf53419'),(3,25,5,'2014-03-28','f59c5520-5f46-4d2c-b2c4-822eabf53419'),(3,25,5,'2014-03-28','f59c5520-5f46-4d2c-b2c4-822eabf53419'),(3,25,5,'2014-03-28','f59c5520-5f46-4d2c-b2c4-822eabf53419'),(3,25,5,'2014-03-28','f59c5520-5f46-4d2c-b2c4-822eabf53419'),(3,25,5,'2014-03-28','f59c5520-5f46-4d2c-b2c4-822eabf53419'),(3,57,5,'2014-03-28','8bfac288-ccc5-448d-9573-c33ea2aa5c30'),(3,57,5,'2014-03-28','8bfac288-ccc5-448d-9573-c33ea2aa5c30'),(3,57,5,'2014-03-28','8bfac288-ccc5-448d-9573-c33ea2aa5c30'),(3,57,5,'2014-03-28','8bfac288-ccc5-448d-9573-c33ea2aa5c30'),(3,57,5,'2014-03-28','8bfac288-ccc5-448d-9573-c33ea2aa5c30'),(3,57,5,'2014-03-28','8bfac288-ccc5-448d-9573-c33ea2aa5c30'),(3,164,4,'2014-03-28','163a0256-f137-4b6f-8922-77941cbb9532'),(3,165,4,'2014-03-28','0835497f-b901-4aab-9422-ca0dd5413f32'),(3,166,3,'2014-03-28','7d475ef3-975b-46a8-ad32-0d38a1df8a31'),(3,28,4,'2014-03-28','56c4b861-0922-4c3a-a9b9-3bfcb00f8274'),(3,28,4,'2014-03-28','56c4b861-0922-4c3a-a9b9-3bfcb00f8274'),(3,28,4,'2014-03-28','56c4b861-0922-4c3a-a9b9-3bfcb00f8274'),(3,28,4,'2014-03-28','56c4b861-0922-4c3a-a9b9-3bfcb00f8274'),(41,71,5,'2014-03-28','4bd95eea-b9f6-4d70-a36c-cfea77431553'),(41,71,5,'2014-03-28','4bd95eea-b9f6-4d70-a36c-cfea77431553'),(41,169,5,'2014-03-28','52074ba6-e495-4ef3-9bb4-0703888a9f68'),(41,169,5,'2014-03-28','52074ba6-e495-4ef3-9bb4-0703888a9f68'),(41,9,5,'2014-03-28','ada7a83c-e3e1-40f1-93f9-3e73dbc9298a'),(41,9,5,'2014-03-28','ada7a83c-e3e1-40f1-93f9-3e73dbc9298a'),(41,9,5,'2014-03-28','ada7a83c-e3e1-40f1-93f9-3e73dbc9298a'),(41,9,5,'2014-03-28','ada7a83c-e3e1-40f1-93f9-3e73dbc9298a'),(41,9,5,'2014-03-28','ada7a83c-e3e1-40f1-93f9-3e73dbc9298a'),(41,9,5,'2014-03-28','ada7a83c-e3e1-40f1-93f9-3e73dbc9298a'),(41,9,5,'2014-03-28','ada7a83c-e3e1-40f1-93f9-3e73dbc9298a'),(41,9,5,'2014-03-28','ada7a83c-e3e1-40f1-93f9-3e73dbc9298a'),(41,171,4,'2014-03-28','e919b253-da5b-4aae-a444-6a368376a2d6'),(41,172,4,'2014-03-28','43f71d19-681a-4e3d-84a4-87677bf74deb'),(41,173,5,'2014-03-28','9941a936-196a-4a62-ae53-a69cbc33f20e'),(41,174,5,'2014-03-28','a8e935c6-3fcc-414c-900c-77e8170e7e7c'),(41,174,5,'2014-03-28','a8e935c6-3fcc-414c-900c-77e8170e7e7c'),(41,90,5,'2014-03-28','5182c1d9-c7d2-4dad-afa0-ccfeada921a8'),(41,90,5,'2014-03-28','5182c1d9-c7d2-4dad-afa0-ccfeada921a8'),(41,90,5,'2014-03-28','5182c1d9-c7d2-4dad-afa0-ccfeada921a8'),(41,90,5,'2014-03-28','5182c1d9-c7d2-4dad-afa0-ccfeada921a8'),(41,138,5,'2014-03-28','7fa7fc04-1011-4876-8095-ecd232edea87'),(41,138,5,'2014-03-28','7fa7fc04-1011-4876-8095-ecd232edea87'),(41,177,5,'2014-03-28','0039c7ae-e1a7-4a7d-9b49-0cbc716821a6'),(41,178,5,'2014-03-28','cc0b7089-c08d-4c10-b6b0-873582c17fd6'),(41,179,4,'2014-03-28','1067b675-7637-48e4-9085-0378526b357a'),(41,180,4,'2014-03-28','40b7efb7-1268-4a80-b354-600afdcbe9e2'),(41,181,4,'2014-03-28','8a0e10a9-80c7-40e0-bf5b-89f1d57f9537'),(41,182,5,'2014-03-28','06fb1c8b-566e-4cb2-985b-b467c90781d4'),(41,183,4,'2014-03-28','39822e8d-f24e-4f07-b51b-28b22e59fbdb'),(41,184,5,'2014-03-28','9e6458d6-7053-48eb-ac8f-bf6fdf9169c6'),(41,101,5,'2014-03-28','678d88b2-87b0-403b-b63d-5da7465aecc3'),(41,101,5,'2014-03-28','678d88b2-87b0-403b-b63d-5da7465aecc3'),(41,101,5,'2014-03-28','678d88b2-87b0-403b-b63d-5da7465aecc3'),(41,101,5,'2014-03-28','678d88b2-87b0-403b-b63d-5da7465aecc3'),(41,101,5,'2014-03-28','678d88b2-87b0-403b-b63d-5da7465aecc3'),(41,101,5,'2014-03-28','678d88b2-87b0-403b-b63d-5da7465aecc3'),(41,101,5,'2014-03-28','678d88b2-87b0-403b-b63d-5da7465aecc3'),(41,101,5,'2014-03-28','678d88b2-87b0-403b-b63d-5da7465aecc3'),(41,101,5,'2014-03-28','678d88b2-87b0-403b-b63d-5da7465aecc3'),(41,186,5,'2014-03-28','98198195-ef1f-4c2c-b74d-5d98505cdd4f'),(41,187,5,'2014-03-28','b1f69390-1347-4876-8146-45f547d96708'),(41,188,4,'2014-03-28','561d854a-6a28-4aa7-8c99-323e6ce46c2a'),(41,188,4,'2014-03-28','561d854a-6a28-4aa7-8c99-323e6ce46c2a'),(41,189,4,'2014-03-28','09037f07-42bc-46ac-a1ee-37f834451fee'),(41,13,5,'2014-03-28','b7ffd2af-418f-4be2-bdd1-22f8b48613da'),(41,13,5,'2014-03-28','b7ffd2af-418f-4be2-bdd1-22f8b48613da'),(41,13,5,'2014-03-28','b7ffd2af-418f-4be2-bdd1-22f8b48613da'),(41,13,5,'2014-03-28','b7ffd2af-418f-4be2-bdd1-22f8b48613da'),(41,191,5,'2014-03-28','541f16f5-ad7a-428e-af89-9fa1b16d3c9c'),(41,16,5,'2014-03-28','246aa41e-8a40-4018-a6d6-8fb646418c25'),(41,16,5,'2014-03-28','246aa41e-8a40-4018-a6d6-8fb646418c25'),(41,16,5,'2014-03-28','246aa41e-8a40-4018-a6d6-8fb646418c25'),(41,16,5,'2014-03-28','246aa41e-8a40-4018-a6d6-8fb646418c25'),(41,17,5,'2014-03-28','a74b1b7f-71a5-4011-9441-d0b5e4122711'),(41,17,5,'2014-03-28','a74b1b7f-71a5-4011-9441-d0b5e4122711'),(41,17,5,'2014-03-28','a74b1b7f-71a5-4011-9441-d0b5e4122711'),(41,17,5,'2014-03-28','a74b1b7f-71a5-4011-9441-d0b5e4122711'),(41,17,5,'2014-03-28','a74b1b7f-71a5-4011-9441-d0b5e4122711'),(41,17,5,'2014-03-28','a74b1b7f-71a5-4011-9441-d0b5e4122711'),(41,17,5,'2014-03-28','a74b1b7f-71a5-4011-9441-d0b5e4122711'),(41,194,5,'2014-03-28','72de5171-38cf-4734-bc8a-6ac374dea523'),(41,195,5,'2014-03-28','63aa26c3-d59b-4da4-84ac-716b54f1ef4d'),(41,195,5,'2014-03-28','63aa26c3-d59b-4da4-84ac-716b54f1ef4d'),(41,196,5,'2014-03-28','531c7210-0583-4380-85f9-eac1b667f1e0'),(41,197,5,'2014-03-28','aec8e038-59dc-440d-a802-d20c54bdcc5c'),(41,198,4,'2014-03-28','664c3e0e-42d8-48c1-b209-1efca19c0325'),(19,199,5,'2014-03-28','f7c823d0-c49f-40d3-84c0-edc32d045ea2'),(19,200,5,'2014-03-28',NULL),(19,201,5,'2014-03-28','01809552-4f87-45b0-afff-2c6f0730a3be'),(19,201,5,'2014-03-28','01809552-4f87-45b0-afff-2c6f0730a3be'),(19,65,4,'2014-03-28','eeb1195b-f213-4ce1-b28c-8565211f8e43'),(19,65,4,'2014-03-28','eeb1195b-f213-4ce1-b28c-8565211f8e43'),(19,65,4,'2014-03-28','eeb1195b-f213-4ce1-b28c-8565211f8e43'),(19,65,4,'2014-03-28','eeb1195b-f213-4ce1-b28c-8565211f8e43'),(19,65,4,'2014-03-28','eeb1195b-f213-4ce1-b28c-8565211f8e43'),(19,65,4,'2014-03-28','eeb1195b-f213-4ce1-b28c-8565211f8e43'),(19,65,4,'2014-03-28','eeb1195b-f213-4ce1-b28c-8565211f8e43'),(19,65,4,'2014-03-28','eeb1195b-f213-4ce1-b28c-8565211f8e43'),(19,65,4,'2014-03-28','eeb1195b-f213-4ce1-b28c-8565211f8e43'),(19,203,5,'2014-03-28','48a3a1c5-8cf3-4a9a-bd5c-5082cf8d3639'),(19,203,5,'2014-03-28','48a3a1c5-8cf3-4a9a-bd5c-5082cf8d3639'),(19,204,4,'2014-03-28',NULL),(19,330,4,'2014-03-28',NULL),(19,205,5,'2014-03-28',NULL),(19,279,5,'2014-03-28',NULL),(19,445,5,'2014-03-28',NULL),(19,102,4,'2014-03-28','47685be0-926f-4be9-b1ae-e32da47a3b99'),(19,102,4,'2014-03-28','47685be0-926f-4be9-b1ae-e32da47a3b99'),(19,102,4,'2014-03-28','47685be0-926f-4be9-b1ae-e32da47a3b99'),(19,207,4,'2014-03-28','70598780-d9bf-47f3-9c7e-292f8608c103'),(19,207,4,'2014-03-28','70598780-d9bf-47f3-9c7e-292f8608c103'),(19,208,3,'2014-03-28','dc06730e-7330-40a8-9c84-4fe3b10c9250'),(19,105,5,'2014-03-28','3abca171-d700-4a1f-aa0f-d683c37ef74d'),(19,105,5,'2014-03-28','3abca171-d700-4a1f-aa0f-d683c37ef74d'),(19,105,5,'2014-03-28','3abca171-d700-4a1f-aa0f-d683c37ef74d'),(19,210,4,'2014-03-28','cd1e613e-ae5b-4f4b-a379-9008c7bfa195'),(19,211,4,'2014-03-28','6e71462e-0e62-49a8-a2d0-ec7179f58f66'),(19,212,4,'2014-03-28','25e9d889-b583-489f-8bf5-b880af8593e0'),(19,213,5,'2014-03-28','25db5fde-2384-4baf-8e3d-d8299b4c99ef'),(19,127,4,'2014-03-28','c1a669b9-30f4-4171-a2a9-a15d9461ca04'),(19,215,5,'2014-03-28','a27207ee-a79e-4887-aa65-e644d2702f5e'),(19,216,5,'2014-03-28','17022e90-a743-4c5f-89b4-c9243be7b7ad'),(30,45,4,'2014-03-28','056e4f3e-d505-4dad-8ec1-d04f521cbb56'),(30,45,4,'2014-03-28','056e4f3e-d505-4dad-8ec1-d04f521cbb56'),(30,45,4,'2014-03-28','056e4f3e-d505-4dad-8ec1-d04f521cbb56'),(30,45,4,'2014-03-28','056e4f3e-d505-4dad-8ec1-d04f521cbb56'),(30,45,4,'2014-03-28','056e4f3e-d505-4dad-8ec1-d04f521cbb56'),(30,45,4,'2014-03-28','056e4f3e-d505-4dad-8ec1-d04f521cbb56'),(30,218,3,'2014-03-28','ac2d1c91-3667-46aa-9fe7-170ca7fce9e2'),(30,219,3,'2014-03-28','cdac8d31-3e08-44d7-9620-aa209ecf0c10'),(30,56,4,'2014-03-28','83d91898-7763-47d7-b03b-b92132375c47'),(30,56,4,'2014-03-28','83d91898-7763-47d7-b03b-b92132375c47'),(30,56,4,'2014-03-28','83d91898-7763-47d7-b03b-b92132375c47'),(30,56,4,'2014-03-28','83d91898-7763-47d7-b03b-b92132375c47'),(30,56,4,'2014-03-28','83d91898-7763-47d7-b03b-b92132375c47'),(30,56,4,'2014-03-28','83d91898-7763-47d7-b03b-b92132375c47'),(30,56,4,'2014-03-28','83d91898-7763-47d7-b03b-b92132375c47'),(30,221,4,'2014-03-28','6fd8573d-68e9-4cba-a7ca-56f6f7c25430'),(30,222,4,'2014-03-28','1d93c839-22e7-4f76-ad84-d27039efc048'),(30,70,5,'2014-03-28','726cb350-d775-4e07-b006-898555f24b0d'),(30,70,5,'2014-03-28','726cb350-d775-4e07-b006-898555f24b0d'),(30,224,3,'2014-03-28','e9e2a634-984f-4c10-bf7b-7970179e1ef1'),(36,29,5,'2014-03-28','66c662b6-6e2f-4930-8610-912e24c63ed1'),(36,8,5,'2014-03-28','b10bbbfc-cf9e-42e0-be17-e2c3e1d2600d'),(36,8,5,'2014-03-28','b10bbbfc-cf9e-42e0-be17-e2c3e1d2600d'),(36,8,5,'2014-03-28','b10bbbfc-cf9e-42e0-be17-e2c3e1d2600d'),(36,8,5,'2014-03-28','b10bbbfc-cf9e-42e0-be17-e2c3e1d2600d'),(36,92,5,'2014-03-28','cc197bad-dc9c-440d-a5b5-d52ba2e14234'),(36,228,5,'2014-03-28','4ba36a26-5624-45d7-bd9f-bdc374ec077c'),(36,228,5,'2014-03-28','4ba36a26-5624-45d7-bd9f-bdc374ec077c'),(36,228,5,'2014-03-28','4ba36a26-5624-45d7-bd9f-bdc374ec077c'),(36,228,5,'2014-03-28','4ba36a26-5624-45d7-bd9f-bdc374ec077c'),(36,229,4,'2014-03-28','4967c0a1-b9f3-465e-8440-4598fd9fc33c'),(36,31,3,'2014-03-28','7c3762a3-51f8-4cf3-8565-1ee26a90efe2'),(36,31,3,'2014-03-28','7c3762a3-51f8-4cf3-8565-1ee26a90efe2'),(36,31,3,'2014-03-28','7c3762a3-51f8-4cf3-8565-1ee26a90efe2'),(36,31,3,'2014-03-28','7c3762a3-51f8-4cf3-8565-1ee26a90efe2'),(36,31,3,'2014-03-28','7c3762a3-51f8-4cf3-8565-1ee26a90efe2'),(36,31,3,'2014-03-28','7c3762a3-51f8-4cf3-8565-1ee26a90efe2'),(36,101,5,'2014-03-28','678d88b2-87b0-403b-b63d-5da7465aecc3'),(36,101,5,'2014-03-28','678d88b2-87b0-403b-b63d-5da7465aecc3'),(36,101,5,'2014-03-28','678d88b2-87b0-403b-b63d-5da7465aecc3'),(36,101,5,'2014-03-28','678d88b2-87b0-403b-b63d-5da7465aecc3'),(36,101,5,'2014-03-28','678d88b2-87b0-403b-b63d-5da7465aecc3'),(36,101,5,'2014-03-28','678d88b2-87b0-403b-b63d-5da7465aecc3'),(36,101,5,'2014-03-28','678d88b2-87b0-403b-b63d-5da7465aecc3'),(36,101,5,'2014-03-28','678d88b2-87b0-403b-b63d-5da7465aecc3'),(36,101,5,'2014-03-28','678d88b2-87b0-403b-b63d-5da7465aecc3'),(36,25,5,'2014-03-28','f59c5520-5f46-4d2c-b2c4-822eabf53419'),(36,25,5,'2014-03-28','f59c5520-5f46-4d2c-b2c4-822eabf53419'),(36,25,5,'2014-03-28','f59c5520-5f46-4d2c-b2c4-822eabf53419'),(36,25,5,'2014-03-28','f59c5520-5f46-4d2c-b2c4-822eabf53419'),(36,25,5,'2014-03-28','f59c5520-5f46-4d2c-b2c4-822eabf53419'),(36,25,5,'2014-03-28','f59c5520-5f46-4d2c-b2c4-822eabf53419'),(36,25,5,'2014-03-28','f59c5520-5f46-4d2c-b2c4-822eabf53419'),(36,25,5,'2014-03-28','f59c5520-5f46-4d2c-b2c4-822eabf53419'),(36,25,5,'2014-03-28','f59c5520-5f46-4d2c-b2c4-822eabf53419'),(36,57,5,'2014-03-28','8bfac288-ccc5-448d-9573-c33ea2aa5c30'),(36,57,5,'2014-03-28','8bfac288-ccc5-448d-9573-c33ea2aa5c30'),(36,57,5,'2014-03-28','8bfac288-ccc5-448d-9573-c33ea2aa5c30'),(36,57,5,'2014-03-28','8bfac288-ccc5-448d-9573-c33ea2aa5c30'),(36,57,5,'2014-03-28','8bfac288-ccc5-448d-9573-c33ea2aa5c30'),(36,57,5,'2014-03-28','8bfac288-ccc5-448d-9573-c33ea2aa5c30'),(36,129,5,'2014-03-28','704acdbb-1415-4782-b0b6-0596b8c55e46'),(36,129,5,'2014-03-28','704acdbb-1415-4782-b0b6-0596b8c55e46'),(36,129,5,'2014-03-28','704acdbb-1415-4782-b0b6-0596b8c55e46'),(26,39,5,'2014-03-28','3d2b98e5-556f-4451-a3ff-c50ea18d57cb'),(26,39,5,'2014-03-28','3d2b98e5-556f-4451-a3ff-c50ea18d57cb'),(26,39,5,'2014-03-28','3d2b98e5-556f-4451-a3ff-c50ea18d57cb'),(26,39,5,'2014-03-28','3d2b98e5-556f-4451-a3ff-c50ea18d57cb'),(26,39,5,'2014-03-28','3d2b98e5-556f-4451-a3ff-c50ea18d57cb'),(26,39,5,'2014-03-28','3d2b98e5-556f-4451-a3ff-c50ea18d57cb'),(26,39,5,'2014-03-28','3d2b98e5-556f-4451-a3ff-c50ea18d57cb'),(26,39,5,'2014-03-28','3d2b98e5-556f-4451-a3ff-c50ea18d57cb'),(26,100,4,'2014-03-28','98b67ebc-5606-4cdb-9787-47b12cceb101'),(26,100,4,'2014-03-28','98b67ebc-5606-4cdb-9787-47b12cceb101'),(26,100,4,'2014-03-28','98b67ebc-5606-4cdb-9787-47b12cceb101'),(26,100,4,'2014-03-28','98b67ebc-5606-4cdb-9787-47b12cceb101'),(26,101,5,'2014-03-28','678d88b2-87b0-403b-b63d-5da7465aecc3'),(26,101,5,'2014-03-28','678d88b2-87b0-403b-b63d-5da7465aecc3'),(26,101,5,'2014-03-28','678d88b2-87b0-403b-b63d-5da7465aecc3'),(26,101,5,'2014-03-28','678d88b2-87b0-403b-b63d-5da7465aecc3'),(26,101,5,'2014-03-28','678d88b2-87b0-403b-b63d-5da7465aecc3'),(26,101,5,'2014-03-28','678d88b2-87b0-403b-b63d-5da7465aecc3'),(26,101,5,'2014-03-28','678d88b2-87b0-403b-b63d-5da7465aecc3'),(26,101,5,'2014-03-28','678d88b2-87b0-403b-b63d-5da7465aecc3'),(26,101,5,'2014-03-28','678d88b2-87b0-403b-b63d-5da7465aecc3'),(26,238,3,'2014-03-28','cda86e8a-a26a-4b3a-959c-bc9f8a88a1c1'),(26,239,3,'2014-03-28','fb252d06-9318-401d-9516-0bbad7bd390f'),(26,6,5,'2014-03-28','0383dadf-2a4e-4d10-a46a-e9e041da8eb3'),(26,241,5,'2014-03-28','7a8dbe84-f4c0-4457-bfa3-edced1f8cde0'),(25,39,5,'2014-03-28','3d2b98e5-556f-4451-a3ff-c50ea18d57cb'),(25,39,5,'2014-03-28','3d2b98e5-556f-4451-a3ff-c50ea18d57cb'),(25,39,5,'2014-03-28','3d2b98e5-556f-4451-a3ff-c50ea18d57cb'),(25,39,5,'2014-03-28','3d2b98e5-556f-4451-a3ff-c50ea18d57cb'),(25,39,5,'2014-03-28','3d2b98e5-556f-4451-a3ff-c50ea18d57cb'),(25,39,5,'2014-03-28','3d2b98e5-556f-4451-a3ff-c50ea18d57cb'),(25,39,5,'2014-03-28','3d2b98e5-556f-4451-a3ff-c50ea18d57cb'),(25,39,5,'2014-03-28','3d2b98e5-556f-4451-a3ff-c50ea18d57cb'),(25,243,1,'2014-03-28','050ba21b-c1e3-49ee-9adb-f3da66882a39'),(25,243,1,'2014-03-28','050ba21b-c1e3-49ee-9adb-f3da66882a39'),(25,43,4,'2014-03-28','5dcdb5eb-cb72-4e6e-9e63-b7bace604965'),(25,43,4,'2014-03-28','5dcdb5eb-cb72-4e6e-9e63-b7bace604965'),(25,43,4,'2014-03-28','5dcdb5eb-cb72-4e6e-9e63-b7bace604965'),(25,43,4,'2014-03-28','5dcdb5eb-cb72-4e6e-9e63-b7bace604965'),(25,43,4,'2014-03-28','5dcdb5eb-cb72-4e6e-9e63-b7bace604965'),(25,43,4,'2014-03-28','5dcdb5eb-cb72-4e6e-9e63-b7bace604965'),(25,245,5,'2014-03-28','92de023e-6f08-4133-8063-c0740c855e3d'),(25,245,5,'2014-03-28','92de023e-6f08-4133-8063-c0740c855e3d'),(25,246,4,'2014-03-28','f4a31f0a-51dd-4fa7-986d-3095c40c5ed9'),(25,246,4,'2014-03-28','f4a31f0a-51dd-4fa7-986d-3095c40c5ed9'),(25,246,4,'2014-03-28','f4a31f0a-51dd-4fa7-986d-3095c40c5ed9'),(25,94,3,'2014-03-28','67f66c07-6e61-4026-ade5-7e782fad3a5d'),(25,94,3,'2014-03-28','67f66c07-6e61-4026-ade5-7e782fad3a5d'),(25,94,3,'2014-03-28','67f66c07-6e61-4026-ade5-7e782fad3a5d'),(25,94,3,'2014-03-28','67f66c07-6e61-4026-ade5-7e782fad3a5d'),(25,94,3,'2014-03-28','67f66c07-6e61-4026-ade5-7e782fad3a5d'),(25,65,5,'2014-03-28','eeb1195b-f213-4ce1-b28c-8565211f8e43'),(25,65,5,'2014-03-28','eeb1195b-f213-4ce1-b28c-8565211f8e43'),(25,65,5,'2014-03-28','eeb1195b-f213-4ce1-b28c-8565211f8e43'),(25,65,5,'2014-03-28','eeb1195b-f213-4ce1-b28c-8565211f8e43'),(25,65,5,'2014-03-28','eeb1195b-f213-4ce1-b28c-8565211f8e43'),(25,65,5,'2014-03-28','eeb1195b-f213-4ce1-b28c-8565211f8e43'),(25,65,5,'2014-03-28','eeb1195b-f213-4ce1-b28c-8565211f8e43'),(25,65,5,'2014-03-28','eeb1195b-f213-4ce1-b28c-8565211f8e43'),(25,65,5,'2014-03-28','eeb1195b-f213-4ce1-b28c-8565211f8e43'),(25,10,4,'2014-03-28','012151a8-0f9a-44c9-997f-ebd68b5389f9'),(25,10,4,'2014-03-28','012151a8-0f9a-44c9-997f-ebd68b5389f9'),(25,10,4,'2014-03-28','012151a8-0f9a-44c9-997f-ebd68b5389f9'),(25,250,1,'2014-03-28','6e019bc6-5c23-4935-94f0-4a896631d846'),(25,100,4,'2014-03-28','98b67ebc-5606-4cdb-9787-47b12cceb101'),(25,100,4,'2014-03-28','98b67ebc-5606-4cdb-9787-47b12cceb101'),(25,100,4,'2014-03-28','98b67ebc-5606-4cdb-9787-47b12cceb101'),(25,100,4,'2014-03-28','98b67ebc-5606-4cdb-9787-47b12cceb101'),(25,102,5,'2014-03-28','47685be0-926f-4be9-b1ae-e32da47a3b99'),(25,102,5,'2014-03-28','47685be0-926f-4be9-b1ae-e32da47a3b99'),(25,102,5,'2014-03-28','47685be0-926f-4be9-b1ae-e32da47a3b99'),(25,33,5,'2014-03-28','65f4f0c5-ef9e-490c-aee3-909e7ae6b2ab'),(25,33,5,'2014-03-28','65f4f0c5-ef9e-490c-aee3-909e7ae6b2ab'),(25,33,5,'2014-03-28','65f4f0c5-ef9e-490c-aee3-909e7ae6b2ab'),(25,33,5,'2014-03-28','65f4f0c5-ef9e-490c-aee3-909e7ae6b2ab'),(25,33,5,'2014-03-28','65f4f0c5-ef9e-490c-aee3-909e7ae6b2ab'),(25,33,5,'2014-03-28','65f4f0c5-ef9e-490c-aee3-909e7ae6b2ab'),(25,33,5,'2014-03-28','65f4f0c5-ef9e-490c-aee3-909e7ae6b2ab'),(25,33,5,'2014-03-28','65f4f0c5-ef9e-490c-aee3-909e7ae6b2ab'),(25,33,5,'2014-03-28','65f4f0c5-ef9e-490c-aee3-909e7ae6b2ab'),(25,33,5,'2014-03-28','65f4f0c5-ef9e-490c-aee3-909e7ae6b2ab'),(25,254,3,'2014-03-28','00a9f935-ba93-4fc8-a33a-993abe9c936b'),(25,57,4,'2014-03-28','8bfac288-ccc5-448d-9573-c33ea2aa5c30'),(25,57,4,'2014-03-28','8bfac288-ccc5-448d-9573-c33ea2aa5c30'),(25,57,4,'2014-03-28','8bfac288-ccc5-448d-9573-c33ea2aa5c30'),(25,57,4,'2014-03-28','8bfac288-ccc5-448d-9573-c33ea2aa5c30'),(25,57,4,'2014-03-28','8bfac288-ccc5-448d-9573-c33ea2aa5c30'),(25,57,4,'2014-03-28','8bfac288-ccc5-448d-9573-c33ea2aa5c30'),(25,131,4,'2014-03-28','5dedf5cf-a598-4408-9556-3bf3f149f3ba'),(25,131,4,'2014-03-28','5dedf5cf-a598-4408-9556-3bf3f149f3ba'),(42,257,1,'2014-03-28','04611209-2171-4652-98cd-e2c5e536ac04'),(42,258,4,'2014-03-28','125948ec-7f91-4d1a-8b83-accbf50fae3d'),(42,259,1,'2014-03-28','8e68819d-71be-4e7d-b41d-f1df81b01d3f'),(42,260,1,'2014-03-28','d87e52c5-bb8d-4da8-b941-9f4928627dc8'),(42,260,1,'2014-03-28','d87e52c5-bb8d-4da8-b941-9f4928627dc8'),(42,261,5,'2014-03-28','1c3919b2-43ca-4a4a-935d-9d50135ec0ef'),(42,261,5,'2014-03-28','1c3919b2-43ca-4a4a-935d-9d50135ec0ef'),(42,262,5,'2014-03-28','0103c1cc-4a09-4a5d-a344-56ad99a77193'),(42,262,5,'2014-03-28','0103c1cc-4a09-4a5d-a344-56ad99a77193'),(42,263,1,'2014-03-28','2f569e60-0a1b-4fb9-95a4-3dc1525d1aad'),(42,263,1,'2014-03-28','2f569e60-0a1b-4fb9-95a4-3dc1525d1aad'),(42,90,1,'2014-03-28','5182c1d9-c7d2-4dad-afa0-ccfeada921a8'),(42,90,1,'2014-03-28','5182c1d9-c7d2-4dad-afa0-ccfeada921a8'),(42,90,1,'2014-03-28','5182c1d9-c7d2-4dad-afa0-ccfeada921a8'),(42,90,1,'2014-03-28','5182c1d9-c7d2-4dad-afa0-ccfeada921a8'),(42,43,1,'2014-03-28','5dcdb5eb-cb72-4e6e-9e63-b7bace604965'),(42,43,1,'2014-03-28','5dcdb5eb-cb72-4e6e-9e63-b7bace604965'),(42,43,1,'2014-03-28','5dcdb5eb-cb72-4e6e-9e63-b7bace604965'),(42,43,1,'2014-03-28','5dcdb5eb-cb72-4e6e-9e63-b7bace604965'),(42,43,1,'2014-03-28','5dcdb5eb-cb72-4e6e-9e63-b7bace604965'),(42,43,1,'2014-03-28','5dcdb5eb-cb72-4e6e-9e63-b7bace604965'),(42,61,3,'2014-03-28','2f4f5d16-7102-4110-97fd-f5c365d6bb26'),(42,61,3,'2014-03-28','2f4f5d16-7102-4110-97fd-f5c365d6bb26'),(42,91,4,'2014-03-28','8332cf11-f7a2-431b-aab7-5468ece84e3d'),(42,91,4,'2014-03-28','8332cf11-f7a2-431b-aab7-5468ece84e3d'),(42,91,4,'2014-03-28','8332cf11-f7a2-431b-aab7-5468ece84e3d'),(42,92,3,'2014-03-28','cc197bad-dc9c-440d-a5b5-d52ba2e14234'),(42,92,3,'2014-03-28','cc197bad-dc9c-440d-a5b5-d52ba2e14234'),(42,92,3,'2014-03-28','cc197bad-dc9c-440d-a5b5-d52ba2e14234'),(42,92,3,'2014-03-28','cc197bad-dc9c-440d-a5b5-d52ba2e14234'),(42,92,3,'2014-03-28','cc197bad-dc9c-440d-a5b5-d52ba2e14234'),(42,269,5,'2014-03-28','b1570544-93ab-4b2b-8398-131735394202'),(42,269,5,'2014-03-28','b1570544-93ab-4b2b-8398-131735394202'),(42,270,1,'2014-03-28','334c2c2c-2ae3-4b69-8f38-167d07f83d25'),(42,270,1,'2014-03-28','334c2c2c-2ae3-4b69-8f38-167d07f83d25'),(42,270,1,'2014-03-28','334c2c2c-2ae3-4b69-8f38-167d07f83d25'),(42,24,3,'2014-03-28','b95ce3ff-3d05-4e87-9e01-c97b66af13d4'),(42,24,3,'2014-03-28','b95ce3ff-3d05-4e87-9e01-c97b66af13d4'),(42,24,3,'2014-03-28','b95ce3ff-3d05-4e87-9e01-c97b66af13d4'),(42,246,2,'2014-03-28','f4a31f0a-51dd-4fa7-986d-3095c40c5ed9'),(42,246,2,'2014-03-28','f4a31f0a-51dd-4fa7-986d-3095c40c5ed9'),(42,246,2,'2014-03-28','f4a31f0a-51dd-4fa7-986d-3095c40c5ed9'),(42,273,4,'2014-03-28','516cef4d-0718-4007-9939-f9b38af3f784'),(42,65,1,'2014-03-28','eeb1195b-f213-4ce1-b28c-8565211f8e43'),(42,65,1,'2014-03-28','eeb1195b-f213-4ce1-b28c-8565211f8e43'),(42,65,1,'2014-03-28','eeb1195b-f213-4ce1-b28c-8565211f8e43'),(42,65,1,'2014-03-28','eeb1195b-f213-4ce1-b28c-8565211f8e43'),(42,65,1,'2014-03-28','eeb1195b-f213-4ce1-b28c-8565211f8e43'),(42,65,1,'2014-03-28','eeb1195b-f213-4ce1-b28c-8565211f8e43'),(42,65,1,'2014-03-28','eeb1195b-f213-4ce1-b28c-8565211f8e43'),(42,65,1,'2014-03-28','eeb1195b-f213-4ce1-b28c-8565211f8e43'),(42,65,1,'2014-03-28','eeb1195b-f213-4ce1-b28c-8565211f8e43'),(42,275,1,'2014-03-28','3e518707-b079-4334-bb6e-bfde317ce4d3'),(42,276,2,'2014-03-28','fab34286-b8e1-4879-bce3-194e1358fbd2'),(42,277,1,'2014-03-28',NULL),(42,278,3,'2014-03-28','650e7db6-b795-4eb5-a702-5ea2fc46c848'),(42,278,3,'2014-03-28','650e7db6-b795-4eb5-a702-5ea2fc46c848'),(42,205,5,'2014-03-28',NULL),(42,279,5,'2014-03-28',NULL),(42,445,5,'2014-03-28',NULL),(42,280,2,'2014-03-28','79239441-bfd5-4981-a70c-55c3f15c1287'),(42,280,2,'2014-03-28','79239441-bfd5-4981-a70c-55c3f15c1287'),(42,50,3,'2014-03-28','0ab49580-c84f-44d4-875f-d83760ea2cfe'),(42,50,3,'2014-03-28','0ab49580-c84f-44d4-875f-d83760ea2cfe'),(42,282,1,'2014-03-28',NULL),(42,283,4,'2014-03-28','7e9bd05a-117f-4cce-87bc-e011527a8b18'),(42,283,4,'2014-03-28','7e9bd05a-117f-4cce-87bc-e011527a8b18'),(42,110,1,'2014-03-28','8aa5b65a-5b3c-4029-92bf-47a544356934'),(42,285,4,'2014-03-28','b9472588-93f3-4922-a1a2-74082cdf9ce8'),(42,35,3,'2014-03-28','44cf61b8-5197-448a-b82b-cef6ee89fac5'),(42,35,3,'2014-03-28','44cf61b8-5197-448a-b82b-cef6ee89fac5'),(42,35,3,'2014-03-28','44cf61b8-5197-448a-b82b-cef6ee89fac5'),(42,35,3,'2014-03-28','44cf61b8-5197-448a-b82b-cef6ee89fac5'),(42,287,5,'2014-03-28','02f4c1ff-65e0-4412-8e8b-6239b0faecb5'),(42,287,5,'2014-03-28','02f4c1ff-65e0-4412-8e8b-6239b0faecb5'),(42,287,5,'2014-03-28','02f4c1ff-65e0-4412-8e8b-6239b0faecb5'),(42,287,5,'2014-03-28','02f4c1ff-65e0-4412-8e8b-6239b0faecb5'),(42,288,5,'2014-03-28','49576e42-fbbd-4d73-968d-93c8dcf7f065'),(42,289,5,'2014-03-28','69989475-2971-49aa-8c53-5d74af88b8be'),(42,289,5,'2014-03-28','69989475-2971-49aa-8c53-5d74af88b8be'),(42,289,5,'2014-03-28','69989475-2971-49aa-8c53-5d74af88b8be'),(42,290,5,'2014-03-28','47b8b42a-96e8-46fa-9ea6-70c5136ae971'),(42,291,1,'2014-03-28','bf0caafc-2b20-4e07-ab85-87e14ff430ce'),(42,291,1,'2014-03-28','bf0caafc-2b20-4e07-ab85-87e14ff430ce'),(42,292,5,'2014-03-28','f2eef649-a6d5-4114-afba-e50ab26254d2'),(42,293,5,'2014-03-28','7c20f558-d664-42bd-b6f1-81acf9dbb72d'),(42,121,5,'2014-03-28','24b4aee8-32ed-4163-98f7-55bae67411ae'),(42,121,5,'2014-03-28','24b4aee8-32ed-4163-98f7-55bae67411ae'),(42,121,5,'2014-03-28','24b4aee8-32ed-4163-98f7-55bae67411ae'),(42,121,5,'2014-03-28','24b4aee8-32ed-4163-98f7-55bae67411ae'),(42,121,5,'2014-03-28','24b4aee8-32ed-4163-98f7-55bae67411ae'),(42,121,5,'2014-03-28','24b4aee8-32ed-4163-98f7-55bae67411ae'),(42,20,5,'2014-03-28','f181961b-20f7-459e-89de-920ef03c7ed0'),(42,20,5,'2014-03-28','f181961b-20f7-459e-89de-920ef03c7ed0'),(42,20,5,'2014-03-28','f181961b-20f7-459e-89de-920ef03c7ed0'),(42,20,5,'2014-03-28','f181961b-20f7-459e-89de-920ef03c7ed0'),(42,20,5,'2014-03-28','f181961b-20f7-459e-89de-920ef03c7ed0'),(42,20,5,'2014-03-28','f181961b-20f7-459e-89de-920ef03c7ed0'),(42,296,4,'2014-03-28','40f5d9e4-2de7-4f2d-ad41-e31a9a9fea27'),(42,296,4,'2014-03-28','40f5d9e4-2de7-4f2d-ad41-e31a9a9fea27'),(42,297,4,'2014-03-28','8262d8e4-9137-4bb3-a787-3caabbbc13e9'),(42,298,3,'2014-03-28','3414d446-735a-443c-931f-10634f57e5b9'),(2,29,5,'2014-03-28','66c662b6-6e2f-4930-8610-912e24c63ed1'),(2,29,5,'2014-03-28','66c662b6-6e2f-4930-8610-912e24c63ed1'),(2,29,5,'2014-03-28','66c662b6-6e2f-4930-8610-912e24c63ed1'),(2,29,5,'2014-03-28','66c662b6-6e2f-4930-8610-912e24c63ed1'),(2,29,5,'2014-03-28','66c662b6-6e2f-4930-8610-912e24c63ed1'),(2,39,3,'2014-03-28','3d2b98e5-556f-4451-a3ff-c50ea18d57cb'),(2,39,3,'2014-03-28','3d2b98e5-556f-4451-a3ff-c50ea18d57cb'),(2,39,3,'2014-03-28','3d2b98e5-556f-4451-a3ff-c50ea18d57cb'),(2,39,3,'2014-03-28','3d2b98e5-556f-4451-a3ff-c50ea18d57cb'),(2,39,3,'2014-03-28','3d2b98e5-556f-4451-a3ff-c50ea18d57cb'),(2,39,3,'2014-03-28','3d2b98e5-556f-4451-a3ff-c50ea18d57cb'),(2,39,3,'2014-03-28','3d2b98e5-556f-4451-a3ff-c50ea18d57cb'),(2,39,3,'2014-03-28','3d2b98e5-556f-4451-a3ff-c50ea18d57cb'),(2,90,5,'2014-03-28','5182c1d9-c7d2-4dad-afa0-ccfeada921a8'),(2,90,5,'2014-03-28','5182c1d9-c7d2-4dad-afa0-ccfeada921a8'),(2,90,5,'2014-03-28','5182c1d9-c7d2-4dad-afa0-ccfeada921a8'),(2,90,5,'2014-03-28','5182c1d9-c7d2-4dad-afa0-ccfeada921a8'),(2,302,5,'2014-03-28','25144665-e9ac-416f-aba3-0c8b4ee547d5'),(2,302,5,'2014-03-28','25144665-e9ac-416f-aba3-0c8b4ee547d5'),(2,43,3,'2014-03-28','5dcdb5eb-cb72-4e6e-9e63-b7bace604965'),(2,43,3,'2014-03-28','5dcdb5eb-cb72-4e6e-9e63-b7bace604965'),(2,43,3,'2014-03-28','5dcdb5eb-cb72-4e6e-9e63-b7bace604965'),(2,43,3,'2014-03-28','5dcdb5eb-cb72-4e6e-9e63-b7bace604965'),(2,43,3,'2014-03-28','5dcdb5eb-cb72-4e6e-9e63-b7bace604965'),(2,43,3,'2014-03-28','5dcdb5eb-cb72-4e6e-9e63-b7bace604965'),(2,228,4,'2014-03-28','4ba36a26-5624-45d7-bd9f-bdc374ec077c'),(2,228,4,'2014-03-28','4ba36a26-5624-45d7-bd9f-bdc374ec077c'),(2,228,4,'2014-03-28','4ba36a26-5624-45d7-bd9f-bdc374ec077c'),(2,228,4,'2014-03-28','4ba36a26-5624-45d7-bd9f-bdc374ec077c'),(2,305,3,'2014-03-28','bd13909f-1c29-4c27-a874-d4aaf27c5b1a'),(2,65,3,'2014-03-28','eeb1195b-f213-4ce1-b28c-8565211f8e43'),(2,65,3,'2014-03-28','eeb1195b-f213-4ce1-b28c-8565211f8e43'),(2,65,3,'2014-03-28','eeb1195b-f213-4ce1-b28c-8565211f8e43'),(2,65,3,'2014-03-28','eeb1195b-f213-4ce1-b28c-8565211f8e43'),(2,65,3,'2014-03-28','eeb1195b-f213-4ce1-b28c-8565211f8e43'),(2,65,3,'2014-03-28','eeb1195b-f213-4ce1-b28c-8565211f8e43'),(2,65,3,'2014-03-28','eeb1195b-f213-4ce1-b28c-8565211f8e43'),(2,65,3,'2014-03-28','eeb1195b-f213-4ce1-b28c-8565211f8e43'),(2,65,3,'2014-03-28','eeb1195b-f213-4ce1-b28c-8565211f8e43'),(2,30,2,'2014-03-28','765774a0-2060-469b-8b7d-612eea48579b'),(2,30,2,'2014-03-28','765774a0-2060-469b-8b7d-612eea48579b'),(2,308,4,'2014-03-28','b38225b8-8e5f-42aa-bcdc-7bae5b5bdab3'),(2,101,4,'2014-03-28','678d88b2-87b0-403b-b63d-5da7465aecc3'),(2,101,4,'2014-03-28','678d88b2-87b0-403b-b63d-5da7465aecc3'),(2,101,4,'2014-03-28','678d88b2-87b0-403b-b63d-5da7465aecc3'),(2,101,4,'2014-03-28','678d88b2-87b0-403b-b63d-5da7465aecc3'),(2,101,4,'2014-03-28','678d88b2-87b0-403b-b63d-5da7465aecc3'),(2,101,4,'2014-03-28','678d88b2-87b0-403b-b63d-5da7465aecc3'),(2,101,4,'2014-03-28','678d88b2-87b0-403b-b63d-5da7465aecc3'),(2,101,4,'2014-03-28','678d88b2-87b0-403b-b63d-5da7465aecc3'),(2,101,4,'2014-03-28','678d88b2-87b0-403b-b63d-5da7465aecc3'),(2,310,5,'2014-03-28','00810267-f0ac-45a6-ae99-0b8c9c18f3c2'),(2,311,4,'2014-03-28','053e3289-1cab-4b44-9535-9ab1beb3b207'),(2,56,5,'2014-03-28','83d91898-7763-47d7-b03b-b92132375c47'),(2,56,5,'2014-03-28','83d91898-7763-47d7-b03b-b92132375c47'),(2,56,5,'2014-03-28','83d91898-7763-47d7-b03b-b92132375c47'),(2,56,5,'2014-03-28','83d91898-7763-47d7-b03b-b92132375c47'),(2,56,5,'2014-03-28','83d91898-7763-47d7-b03b-b92132375c47'),(2,56,5,'2014-03-28','83d91898-7763-47d7-b03b-b92132375c47'),(2,56,5,'2014-03-28','83d91898-7763-47d7-b03b-b92132375c47'),(2,6,5,'2014-03-28','0383dadf-2a4e-4d10-a46a-e9e041da8eb3'),(2,6,5,'2014-03-28','0383dadf-2a4e-4d10-a46a-e9e041da8eb3'),(16,134,4,'2014-03-28','b0fe8ef0-d59b-4d41-afee-2d21b59112ab'),(16,9,4,'2014-03-28','ada7a83c-e3e1-40f1-93f9-3e73dbc9298a'),(16,9,4,'2014-03-28','ada7a83c-e3e1-40f1-93f9-3e73dbc9298a'),(16,9,4,'2014-03-28','ada7a83c-e3e1-40f1-93f9-3e73dbc9298a'),(16,9,4,'2014-03-28','ada7a83c-e3e1-40f1-93f9-3e73dbc9298a'),(16,9,4,'2014-03-28','ada7a83c-e3e1-40f1-93f9-3e73dbc9298a'),(16,9,4,'2014-03-28','ada7a83c-e3e1-40f1-93f9-3e73dbc9298a'),(16,9,4,'2014-03-28','ada7a83c-e3e1-40f1-93f9-3e73dbc9298a'),(16,9,4,'2014-03-28','ada7a83c-e3e1-40f1-93f9-3e73dbc9298a'),(16,316,3,'2014-03-28','0743b15a-3c32-48c8-ad58-cb325350befa'),(16,317,5,'2014-03-28','41ac07cd-8c7b-4766-9422-2c772a2b027b'),(16,318,4,'2014-03-28','3a5d1cc7-627e-48ea-aba3-fdd20d782c33'),(16,319,5,'2014-03-28','09007862-6b59-4562-93c6-5387a724a7b0'),(16,319,5,'2014-03-28','09007862-6b59-4562-93c6-5387a724a7b0'),(16,320,4,'2014-03-28','50eec634-7c42-41ee-9b1f-b41d9ca28b26'),(16,11,3,'2014-03-28','557ac15e-7800-44c3-bb62-d4ab34ac1e28'),(16,11,3,'2014-03-28','557ac15e-7800-44c3-bb62-d4ab34ac1e28'),(16,11,3,'2014-03-28','557ac15e-7800-44c3-bb62-d4ab34ac1e28'),(16,11,3,'2014-03-28','557ac15e-7800-44c3-bb62-d4ab34ac1e28'),(16,11,3,'2014-03-28','557ac15e-7800-44c3-bb62-d4ab34ac1e28'),(16,111,4,'2014-03-28','83b9cbe7-9857-49e2-ab8e-b57b01038103'),(16,111,4,'2014-03-28','83b9cbe7-9857-49e2-ab8e-b57b01038103'),(16,111,4,'2014-03-28','83b9cbe7-9857-49e2-ab8e-b57b01038103'),(16,111,4,'2014-03-28','83b9cbe7-9857-49e2-ab8e-b57b01038103'),(16,111,4,'2014-03-28','83b9cbe7-9857-49e2-ab8e-b57b01038103'),(16,323,3,'2014-03-28','b6b2bb8d-54a9-491f-9607-7b546023b433'),(16,324,5,'2014-03-28','2206529d-ccc2-4915-8485-d406723dc22d'),(43,325,4,'2014-03-28','126759e7-ca12-4bb4-884e-eba160e9e406'),(43,325,4,'2014-03-28','126759e7-ca12-4bb4-884e-eba160e9e406'),(43,326,4,'2014-03-28','1bb1eec6-88c3-4028-8920-a985c4b9081a'),(43,327,4,'2014-03-28','35f866dc-c061-48ba-8157-cf2e0eac4857'),(43,328,4,'2014-03-28','02c8c7c3-391e-473d-8403-fe76477b88a9'),(43,203,3,'2014-03-28','48a3a1c5-8cf3-4a9a-bd5c-5082cf8d3639'),(43,203,3,'2014-03-28','48a3a1c5-8cf3-4a9a-bd5c-5082cf8d3639'),(43,204,3,'2014-03-28',NULL),(43,330,3,'2014-03-28',NULL),(43,331,4,'2014-03-28','2759ea9d-07c9-4901-b764-5215a7c813d1'),(43,25,5,'2014-03-28','f59c5520-5f46-4d2c-b2c4-822eabf53419'),(43,25,5,'2014-03-28','f59c5520-5f46-4d2c-b2c4-822eabf53419'),(43,25,5,'2014-03-28','f59c5520-5f46-4d2c-b2c4-822eabf53419'),(43,25,5,'2014-03-28','f59c5520-5f46-4d2c-b2c4-822eabf53419'),(43,25,5,'2014-03-28','f59c5520-5f46-4d2c-b2c4-822eabf53419'),(43,25,5,'2014-03-28','f59c5520-5f46-4d2c-b2c4-822eabf53419'),(43,25,5,'2014-03-28','f59c5520-5f46-4d2c-b2c4-822eabf53419'),(43,25,5,'2014-03-28','f59c5520-5f46-4d2c-b2c4-822eabf53419'),(43,25,5,'2014-03-28','f59c5520-5f46-4d2c-b2c4-822eabf53419'),(43,207,4,'2014-03-28','70598780-d9bf-47f3-9c7e-292f8608c103'),(43,207,4,'2014-03-28','70598780-d9bf-47f3-9c7e-292f8608c103'),(43,334,4,'2014-03-28','a4a01f5d-18e7-4571-8c3a-76ec0e24e2d7'),(43,35,4,'2014-03-28','44cf61b8-5197-448a-b82b-cef6ee89fac5'),(43,35,4,'2014-03-28','44cf61b8-5197-448a-b82b-cef6ee89fac5'),(43,35,4,'2014-03-28','44cf61b8-5197-448a-b82b-cef6ee89fac5'),(43,35,4,'2014-03-28','44cf61b8-5197-448a-b82b-cef6ee89fac5'),(43,336,3,'2014-03-28','3f7b5e3e-289a-44d7-95a7-f7ffab7a2bf2'),(43,337,5,'2014-03-28',NULL),(43,352,5,'2014-03-28',NULL),(43,396,5,'2014-03-28',NULL),(43,289,4,'2014-03-28','69989475-2971-49aa-8c53-5d74af88b8be'),(43,289,4,'2014-03-28','69989475-2971-49aa-8c53-5d74af88b8be'),(43,289,4,'2014-03-28','69989475-2971-49aa-8c53-5d74af88b8be'),(43,339,4,'2014-03-28','18e9528e-a4af-4e09-9a35-ea11c7a7ae43'),(20,340,3,'2014-03-28','318a755f-53a4-42b0-b728-4455ec9654e8'),(20,91,4,'2014-03-28','8332cf11-f7a2-431b-aab7-5468ece84e3d'),(20,91,4,'2014-03-28','8332cf11-f7a2-431b-aab7-5468ece84e3d'),(20,91,4,'2014-03-28','8332cf11-f7a2-431b-aab7-5468ece84e3d'),(20,342,5,'2014-03-28','614e3804-7d34-41ba-857f-811bad7c2b7a'),(20,343,1,'2014-03-28','8c35dc4d-f3c0-4c92-9a55-84cc6ff647e3'),(20,343,1,'2014-03-28','8c35dc4d-f3c0-4c92-9a55-84cc6ff647e3'),(20,25,5,'2014-03-28','f59c5520-5f46-4d2c-b2c4-822eabf53419'),(20,25,5,'2014-03-28','f59c5520-5f46-4d2c-b2c4-822eabf53419'),(20,25,5,'2014-03-28','f59c5520-5f46-4d2c-b2c4-822eabf53419'),(20,25,5,'2014-03-28','f59c5520-5f46-4d2c-b2c4-822eabf53419'),(20,25,5,'2014-03-28','f59c5520-5f46-4d2c-b2c4-822eabf53419'),(20,25,5,'2014-03-28','f59c5520-5f46-4d2c-b2c4-822eabf53419'),(20,25,5,'2014-03-28','f59c5520-5f46-4d2c-b2c4-822eabf53419'),(20,25,5,'2014-03-28','f59c5520-5f46-4d2c-b2c4-822eabf53419'),(20,25,5,'2014-03-28','f59c5520-5f46-4d2c-b2c4-822eabf53419'),(20,345,1,'2014-03-28',NULL),(20,105,5,'2014-03-28','3abca171-d700-4a1f-aa0f-d683c37ef74d'),(20,105,5,'2014-03-28','3abca171-d700-4a1f-aa0f-d683c37ef74d'),(20,105,5,'2014-03-28','3abca171-d700-4a1f-aa0f-d683c37ef74d'),(20,347,4,'2014-03-28','b397349e-1b0f-4e61-89ac-caeca5dea676'),(20,117,5,'2014-03-28','5dc3d829-9131-4732-839a-432c9cd35c38'),(20,349,4,'2014-03-28',NULL),(46,350,5,'2014-03-28','4158202e-7fa6-4056-bb83-67c66eafea03'),(46,278,1,'2014-03-28','650e7db6-b795-4eb5-a702-5ea2fc46c848'),(46,278,1,'2014-03-28','650e7db6-b795-4eb5-a702-5ea2fc46c848'),(46,337,5,'2014-03-28',NULL),(46,352,5,'2014-03-28',NULL),(46,396,5,'2014-03-28',NULL),(49,353,5,'2014-03-28','f7ba60af-39d6-4d9e-ba25-a7c47c417143'),(49,354,5,'2014-03-28','370bd5a3-4abf-4356-8576-3a8fc0c11d65'),(49,39,3,'2014-03-28','3d2b98e5-556f-4451-a3ff-c50ea18d57cb'),(49,39,3,'2014-03-28','3d2b98e5-556f-4451-a3ff-c50ea18d57cb'),(49,39,3,'2014-03-28','3d2b98e5-556f-4451-a3ff-c50ea18d57cb'),(49,39,3,'2014-03-28','3d2b98e5-556f-4451-a3ff-c50ea18d57cb'),(49,39,3,'2014-03-28','3d2b98e5-556f-4451-a3ff-c50ea18d57cb'),(49,39,3,'2014-03-28','3d2b98e5-556f-4451-a3ff-c50ea18d57cb'),(49,39,3,'2014-03-28','3d2b98e5-556f-4451-a3ff-c50ea18d57cb'),(49,39,3,'2014-03-28','3d2b98e5-556f-4451-a3ff-c50ea18d57cb'),(49,356,4,'2014-03-28','487221b2-a653-4832-89db-984890bbfdbb'),(49,357,4,'2014-03-28','045bc733-e2f0-4f3b-8807-6a6d84505ea8'),(49,358,4,'2014-03-28','a90cbe49-705a-49d4-931b-8a8841f431b0'),(49,359,3,'2014-03-28','4c815fc0-2cac-457f-90a7-5f57c9dc3dcf'),(49,158,5,'2014-03-28','3349c8d2-81c3-4dd2-9495-4290c9e5c7e3'),(49,158,5,'2014-03-28','3349c8d2-81c3-4dd2-9495-4290c9e5c7e3'),(49,361,3,'2014-03-28','52491cf4-55df-4d0f-b4d4-c3652f7e122d'),(49,42,4,'2014-03-28','24b930c0-5f27-4723-a5aa-3b8b830fb914'),(49,42,4,'2014-03-28','24b930c0-5f27-4723-a5aa-3b8b830fb914'),(49,42,4,'2014-03-28','24b930c0-5f27-4723-a5aa-3b8b830fb914'),(49,42,4,'2014-03-28','24b930c0-5f27-4723-a5aa-3b8b830fb914'),(49,8,5,'2014-03-28','b10bbbfc-cf9e-42e0-be17-e2c3e1d2600d'),(49,8,5,'2014-03-28','b10bbbfc-cf9e-42e0-be17-e2c3e1d2600d'),(49,8,5,'2014-03-28','b10bbbfc-cf9e-42e0-be17-e2c3e1d2600d'),(49,8,5,'2014-03-28','b10bbbfc-cf9e-42e0-be17-e2c3e1d2600d'),(49,92,3,'2014-03-28','cc197bad-dc9c-440d-a5b5-d52ba2e14234'),(49,92,3,'2014-03-28','cc197bad-dc9c-440d-a5b5-d52ba2e14234'),(49,92,3,'2014-03-28','cc197bad-dc9c-440d-a5b5-d52ba2e14234'),(49,92,3,'2014-03-28','cc197bad-dc9c-440d-a5b5-d52ba2e14234'),(49,92,3,'2014-03-28','cc197bad-dc9c-440d-a5b5-d52ba2e14234'),(49,45,4,'2014-03-28','056e4f3e-d505-4dad-8ec1-d04f521cbb56'),(49,45,4,'2014-03-28','056e4f3e-d505-4dad-8ec1-d04f521cbb56'),(49,45,4,'2014-03-28','056e4f3e-d505-4dad-8ec1-d04f521cbb56'),(49,45,4,'2014-03-28','056e4f3e-d505-4dad-8ec1-d04f521cbb56'),(49,45,4,'2014-03-28','056e4f3e-d505-4dad-8ec1-d04f521cbb56'),(49,45,4,'2014-03-28','056e4f3e-d505-4dad-8ec1-d04f521cbb56'),(49,366,5,'2014-03-28','ccfa0410-bd90-4fd1-ab85-8995a57e265b'),(49,23,3,'2014-03-28','316f2aab-3477-4c62-bb08-eb04dcdcc18f'),(49,23,3,'2014-03-28','316f2aab-3477-4c62-bb08-eb04dcdcc18f'),(49,23,3,'2014-03-28','316f2aab-3477-4c62-bb08-eb04dcdcc18f'),(49,23,3,'2014-03-28','316f2aab-3477-4c62-bb08-eb04dcdcc18f'),(49,228,4,'2014-03-28','4ba36a26-5624-45d7-bd9f-bdc374ec077c'),(49,228,4,'2014-03-28','4ba36a26-5624-45d7-bd9f-bdc374ec077c'),(49,228,4,'2014-03-28','4ba36a26-5624-45d7-bd9f-bdc374ec077c'),(49,228,4,'2014-03-28','4ba36a26-5624-45d7-bd9f-bdc374ec077c'),(49,369,3,'2014-03-28','a4852e21-7f09-470b-b5ae-9740d939d183'),(49,369,3,'2014-03-28','a4852e21-7f09-470b-b5ae-9740d939d183'),(49,370,4,'2014-03-28','0c502791-4ee9-4c5f-9696-0602b721ff3b'),(49,270,3,'2014-03-28','334c2c2c-2ae3-4b69-8f38-167d07f83d25'),(49,270,3,'2014-03-28','334c2c2c-2ae3-4b69-8f38-167d07f83d25'),(49,270,3,'2014-03-28','334c2c2c-2ae3-4b69-8f38-167d07f83d25'),(49,46,4,'2014-03-28','05c35c95-dcbd-4492-b091-7f05a2091d47'),(49,46,4,'2014-03-28','05c35c95-dcbd-4492-b091-7f05a2091d47'),(49,46,4,'2014-03-28','05c35c95-dcbd-4492-b091-7f05a2091d47'),(49,46,4,'2014-03-28','05c35c95-dcbd-4492-b091-7f05a2091d47'),(49,373,3,'2014-03-28','3547d05d-2c01-484d-a129-1b11bdc10fad'),(49,94,5,'2014-03-28','67f66c07-6e61-4026-ade5-7e782fad3a5d'),(49,94,5,'2014-03-28','67f66c07-6e61-4026-ade5-7e782fad3a5d'),(49,94,5,'2014-03-28','67f66c07-6e61-4026-ade5-7e782fad3a5d'),(49,94,5,'2014-03-28','67f66c07-6e61-4026-ade5-7e782fad3a5d'),(49,94,5,'2014-03-28','67f66c07-6e61-4026-ade5-7e782fad3a5d'),(49,375,5,'2014-03-28','2a003970-2017-4c03-8599-261d01fdee6b'),(49,65,3,'2014-03-28','eeb1195b-f213-4ce1-b28c-8565211f8e43'),(49,65,3,'2014-03-28','eeb1195b-f213-4ce1-b28c-8565211f8e43'),(49,65,3,'2014-03-28','eeb1195b-f213-4ce1-b28c-8565211f8e43'),(49,65,3,'2014-03-28','eeb1195b-f213-4ce1-b28c-8565211f8e43'),(49,65,3,'2014-03-28','eeb1195b-f213-4ce1-b28c-8565211f8e43'),(49,65,3,'2014-03-28','eeb1195b-f213-4ce1-b28c-8565211f8e43'),(49,65,3,'2014-03-28','eeb1195b-f213-4ce1-b28c-8565211f8e43'),(49,65,3,'2014-03-28','eeb1195b-f213-4ce1-b28c-8565211f8e43'),(49,65,3,'2014-03-28','eeb1195b-f213-4ce1-b28c-8565211f8e43'),(49,319,5,'2014-03-28','09007862-6b59-4562-93c6-5387a724a7b0'),(49,319,5,'2014-03-28','09007862-6b59-4562-93c6-5387a724a7b0'),(49,48,3,'2014-03-28','170d6637-36e0-49dd-a225-c4fd5b77a285'),(49,48,3,'2014-03-28','170d6637-36e0-49dd-a225-c4fd5b77a285'),(49,379,4,'2014-03-28','96a19638-1eed-4d69-83ba-b2bc75bda9b9'),(49,380,4,'2014-03-28','044736f4-188e-47df-9ad9-a0e136ba67d2'),(49,380,4,'2014-03-28','044736f4-188e-47df-9ad9-a0e136ba67d2'),(49,381,4,'2014-03-28','39738334-731b-4103-8e51-3c58ada3933b'),(49,382,3,'2014-03-28','a26ff336-32ef-4adc-a800-3581c9a517a9'),(49,101,5,'2014-03-28','678d88b2-87b0-403b-b63d-5da7465aecc3'),(49,101,5,'2014-03-28','678d88b2-87b0-403b-b63d-5da7465aecc3'),(49,101,5,'2014-03-28','678d88b2-87b0-403b-b63d-5da7465aecc3'),(49,101,5,'2014-03-28','678d88b2-87b0-403b-b63d-5da7465aecc3'),(49,101,5,'2014-03-28','678d88b2-87b0-403b-b63d-5da7465aecc3'),(49,101,5,'2014-03-28','678d88b2-87b0-403b-b63d-5da7465aecc3'),(49,101,5,'2014-03-28','678d88b2-87b0-403b-b63d-5da7465aecc3'),(49,101,5,'2014-03-28','678d88b2-87b0-403b-b63d-5da7465aecc3'),(49,101,5,'2014-03-28','678d88b2-87b0-403b-b63d-5da7465aecc3'),(49,384,3,'2014-03-28','c544ed4d-2390-4442-a83e-1ea2883b09c8'),(49,385,4,'2014-03-28','2125b294-dd61-416c-bd29-65543aedeaf7'),(49,33,3,'2014-03-28','65f4f0c5-ef9e-490c-aee3-909e7ae6b2ab'),(49,33,3,'2014-03-28','65f4f0c5-ef9e-490c-aee3-909e7ae6b2ab'),(49,33,3,'2014-03-28','65f4f0c5-ef9e-490c-aee3-909e7ae6b2ab'),(49,33,3,'2014-03-28','65f4f0c5-ef9e-490c-aee3-909e7ae6b2ab'),(49,33,3,'2014-03-28','65f4f0c5-ef9e-490c-aee3-909e7ae6b2ab'),(49,33,3,'2014-03-28','65f4f0c5-ef9e-490c-aee3-909e7ae6b2ab'),(49,33,3,'2014-03-28','65f4f0c5-ef9e-490c-aee3-909e7ae6b2ab'),(49,33,3,'2014-03-28','65f4f0c5-ef9e-490c-aee3-909e7ae6b2ab'),(49,33,3,'2014-03-28','65f4f0c5-ef9e-490c-aee3-909e7ae6b2ab'),(49,33,3,'2014-03-28','65f4f0c5-ef9e-490c-aee3-909e7ae6b2ab'),(49,387,4,'2014-03-28','6fcc5601-7c5b-4d53-b982-fdaa0aa45314'),(49,14,3,'2014-03-28','5b11f4ce-a62d-471e-81fc-a69a8278c7da'),(49,14,3,'2014-03-28','5b11f4ce-a62d-471e-81fc-a69a8278c7da'),(49,14,3,'2014-03-28','5b11f4ce-a62d-471e-81fc-a69a8278c7da'),(49,14,3,'2014-03-28','5b11f4ce-a62d-471e-81fc-a69a8278c7da'),(49,14,3,'2014-03-28','5b11f4ce-a62d-471e-81fc-a69a8278c7da'),(49,55,3,'2014-03-28','39ab1aed-75e0-4140-bd47-540276886b60'),(49,55,3,'2014-03-28','39ab1aed-75e0-4140-bd47-540276886b60'),(49,55,3,'2014-03-28','39ab1aed-75e0-4140-bd47-540276886b60'),(49,55,3,'2014-03-28','39ab1aed-75e0-4140-bd47-540276886b60'),(49,390,5,'2014-03-28','2f218143-5713-4a06-972e-093e378438db'),(49,391,4,'2014-03-28','092ca127-2e07-4cbd-9cba-e412b4ddddd9'),(49,111,4,'2014-03-28','83b9cbe7-9857-49e2-ab8e-b57b01038103'),(49,111,4,'2014-03-28','83b9cbe7-9857-49e2-ab8e-b57b01038103'),(49,111,4,'2014-03-28','83b9cbe7-9857-49e2-ab8e-b57b01038103'),(49,111,4,'2014-03-28','83b9cbe7-9857-49e2-ab8e-b57b01038103'),(49,111,4,'2014-03-28','83b9cbe7-9857-49e2-ab8e-b57b01038103'),(49,56,5,'2014-03-28','83d91898-7763-47d7-b03b-b92132375c47'),(49,56,5,'2014-03-28','83d91898-7763-47d7-b03b-b92132375c47'),(49,56,5,'2014-03-28','83d91898-7763-47d7-b03b-b92132375c47'),(49,56,5,'2014-03-28','83d91898-7763-47d7-b03b-b92132375c47'),(49,56,5,'2014-03-28','83d91898-7763-47d7-b03b-b92132375c47'),(49,56,5,'2014-03-28','83d91898-7763-47d7-b03b-b92132375c47'),(49,56,5,'2014-03-28','83d91898-7763-47d7-b03b-b92132375c47'),(49,6,3,'2014-03-28','0383dadf-2a4e-4d10-a46a-e9e041da8eb3'),(49,6,3,'2014-03-28','0383dadf-2a4e-4d10-a46a-e9e041da8eb3'),(49,6,3,'2014-03-28','0383dadf-2a4e-4d10-a46a-e9e041da8eb3'),(49,6,3,'2014-03-28','0383dadf-2a4e-4d10-a46a-e9e041da8eb3'),(49,6,3,'2014-03-28','0383dadf-2a4e-4d10-a46a-e9e041da8eb3'),(49,6,3,'2014-03-28','0383dadf-2a4e-4d10-a46a-e9e041da8eb3'),(49,17,3,'2014-03-28','a74b1b7f-71a5-4011-9441-d0b5e4122711'),(49,17,3,'2014-03-28','a74b1b7f-71a5-4011-9441-d0b5e4122711'),(49,17,3,'2014-03-28','a74b1b7f-71a5-4011-9441-d0b5e4122711'),(49,17,3,'2014-03-28','a74b1b7f-71a5-4011-9441-d0b5e4122711'),(49,17,3,'2014-03-28','a74b1b7f-71a5-4011-9441-d0b5e4122711'),(49,17,3,'2014-03-28','a74b1b7f-71a5-4011-9441-d0b5e4122711'),(49,17,3,'2014-03-28','a74b1b7f-71a5-4011-9441-d0b5e4122711'),(49,337,4,'2014-03-28',NULL),(49,352,4,'2014-03-28',NULL),(49,396,4,'2014-03-28',NULL),(49,397,3,'2014-03-28','3a74e0bc-2055-44d6-a00e-bbc1176b7c26'),(49,398,4,'2014-03-28','b9c4d4af-dd2d-4374-962d-4e2dca189ca7'),(49,399,4,'2014-03-28','d2ff6b6b-fc30-48dc-8952-06f9d8fc64f8'),(49,155,3,'2014-03-28','9efff43b-3b29-4082-824e-bc82f646f93d'),(49,155,3,'2014-03-28','9efff43b-3b29-4082-824e-bc82f646f93d'),(49,155,3,'2014-03-28','9efff43b-3b29-4082-824e-bc82f646f93d'),(49,155,3,'2014-03-28','9efff43b-3b29-4082-824e-bc82f646f93d'),(49,121,3,'2014-03-28','24b4aee8-32ed-4163-98f7-55bae67411ae'),(49,121,3,'2014-03-28','24b4aee8-32ed-4163-98f7-55bae67411ae'),(49,121,3,'2014-03-28','24b4aee8-32ed-4163-98f7-55bae67411ae'),(49,121,3,'2014-03-28','24b4aee8-32ed-4163-98f7-55bae67411ae'),(49,121,3,'2014-03-28','24b4aee8-32ed-4163-98f7-55bae67411ae'),(49,121,3,'2014-03-28','24b4aee8-32ed-4163-98f7-55bae67411ae'),(49,402,3,'2014-03-28','8799413d-7df8-4eb9-8542-af8cea6b0feb'),(49,403,4,'2014-03-28','9fdaa16b-a6c4-4831-b87c-bc9ca8ce7eaa'),(49,403,4,'2014-03-28','9fdaa16b-a6c4-4831-b87c-bc9ca8ce7eaa'),(49,164,4,'2014-03-28','163a0256-f137-4b6f-8922-77941cbb9532'),(49,405,4,'2014-03-28','446ac261-09ae-43f4-a7e1-2c753c0813ce'),(49,405,4,'2014-03-28','446ac261-09ae-43f4-a7e1-2c753c0813ce'),(49,406,3,'2014-03-28','9f1560de-9a9d-482b-afa0-99938e688330'),(49,407,3,'2014-03-28','1a7b1a1f-642a-4c7b-826e-4ac8e518ad19'),(49,28,4,'2014-03-28','56c4b861-0922-4c3a-a9b9-3bfcb00f8274'),(49,28,4,'2014-03-28','56c4b861-0922-4c3a-a9b9-3bfcb00f8274'),(49,28,4,'2014-03-28','56c4b861-0922-4c3a-a9b9-3bfcb00f8274'),(49,28,4,'2014-03-28','56c4b861-0922-4c3a-a9b9-3bfcb00f8274'),(49,409,4,'2014-03-28','a81259a0-a2f5-464b-866e-71220f2739f1'),(49,409,4,'2014-03-28','a81259a0-a2f5-464b-866e-71220f2739f1'),(21,243,1,'2014-03-28','050ba21b-c1e3-49ee-9adb-f3da66882a39'),(21,243,1,'2014-03-28','050ba21b-c1e3-49ee-9adb-f3da66882a39'),(21,411,4,'2014-03-28','5adb8b74-54b8-4700-836e-550b6a2a2f71'),(21,140,5,'2014-03-28','28503ab7-8bf2-4666-a7bd-2644bfc7cb1d'),(21,140,5,'2014-03-28','28503ab7-8bf2-4666-a7bd-2644bfc7cb1d'),(21,140,5,'2014-03-28','28503ab7-8bf2-4666-a7bd-2644bfc7cb1d'),(21,245,5,'2014-03-28','92de023e-6f08-4133-8063-c0740c855e3d'),(21,245,5,'2014-03-28','92de023e-6f08-4133-8063-c0740c855e3d'),(21,94,4,'2014-03-28','67f66c07-6e61-4026-ade5-7e782fad3a5d'),(21,94,4,'2014-03-28','67f66c07-6e61-4026-ade5-7e782fad3a5d'),(21,94,4,'2014-03-28','67f66c07-6e61-4026-ade5-7e782fad3a5d'),(21,94,4,'2014-03-28','67f66c07-6e61-4026-ade5-7e782fad3a5d'),(21,94,4,'2014-03-28','67f66c07-6e61-4026-ade5-7e782fad3a5d'),(21,343,4,'2014-03-28','8c35dc4d-f3c0-4c92-9a55-84cc6ff647e3'),(21,343,4,'2014-03-28','8c35dc4d-f3c0-4c92-9a55-84cc6ff647e3'),(21,101,5,'2014-03-28','678d88b2-87b0-403b-b63d-5da7465aecc3'),(21,101,5,'2014-03-28','678d88b2-87b0-403b-b63d-5da7465aecc3'),(21,101,5,'2014-03-28','678d88b2-87b0-403b-b63d-5da7465aecc3'),(21,101,5,'2014-03-28','678d88b2-87b0-403b-b63d-5da7465aecc3'),(21,101,5,'2014-03-28','678d88b2-87b0-403b-b63d-5da7465aecc3'),(21,101,5,'2014-03-28','678d88b2-87b0-403b-b63d-5da7465aecc3'),(21,101,5,'2014-03-28','678d88b2-87b0-403b-b63d-5da7465aecc3'),(21,101,5,'2014-03-28','678d88b2-87b0-403b-b63d-5da7465aecc3'),(21,101,5,'2014-03-28','678d88b2-87b0-403b-b63d-5da7465aecc3'),(21,11,5,'2014-03-28','557ac15e-7800-44c3-bb62-d4ab34ac1e28'),(21,11,5,'2014-03-28','557ac15e-7800-44c3-bb62-d4ab34ac1e28'),(21,11,5,'2014-03-28','557ac15e-7800-44c3-bb62-d4ab34ac1e28'),(21,11,5,'2014-03-28','557ac15e-7800-44c3-bb62-d4ab34ac1e28'),(21,11,5,'2014-03-28','557ac15e-7800-44c3-bb62-d4ab34ac1e28'),(21,418,5,'2014-03-28','a9044915-8be3-4c7e-b11f-9e2d2ea0a91e'),(21,178,4,'2014-03-28','cc0b7089-c08d-4c10-b6b0-873582c17fd6'),(21,178,4,'2014-03-28','cc0b7089-c08d-4c10-b6b0-873582c17fd6'),(21,178,4,'2014-03-28','cc0b7089-c08d-4c10-b6b0-873582c17fd6'),(21,178,4,'2014-03-28','cc0b7089-c08d-4c10-b6b0-873582c17fd6'),(22,257,3,'2014-03-28','04611209-2171-4652-98cd-e2c5e536ac04'),(22,421,4,'2014-03-28','b898f22d-1d89-4d19-8581-8f7bd9ddb0a6'),(22,261,4,'2014-03-28','1c3919b2-43ca-4a4a-935d-9d50135ec0ef'),(22,261,4,'2014-03-28','1c3919b2-43ca-4a4a-935d-9d50135ec0ef'),(22,260,5,'2014-03-28','d87e52c5-bb8d-4da8-b941-9f4928627dc8'),(22,260,5,'2014-03-28','d87e52c5-bb8d-4da8-b941-9f4928627dc8'),(22,424,5,'2014-03-28','fc7bbf00-fbaa-4736-986b-b3ac0266ca9b'),(22,9,5,'2014-03-28','ada7a83c-e3e1-40f1-93f9-3e73dbc9298a'),(22,262,2,'2014-03-28','0103c1cc-4a09-4a5d-a344-56ad99a77193'),(22,262,2,'2014-03-28','0103c1cc-4a09-4a5d-a344-56ad99a77193'),(22,263,1,'2014-03-28','2f569e60-0a1b-4fb9-95a4-3dc1525d1aad'),(22,263,1,'2014-03-28','2f569e60-0a1b-4fb9-95a4-3dc1525d1aad'),(22,428,2,'2014-03-28','183105b5-3e68-4748-9086-2c1c11bf7a3d'),(22,18,5,'2014-03-28','d15721d8-56b4-453d-b506-fc915b14cba2'),(22,430,5,'2014-03-28','0ae49abe-d6af-44fa-8ab0-b9ace5690e6f'),(22,430,5,'2014-03-28','0ae49abe-d6af-44fa-8ab0-b9ace5690e6f'),(22,43,1,'2014-03-28','5dcdb5eb-cb72-4e6e-9e63-b7bace604965'),(22,43,1,'2014-03-28','5dcdb5eb-cb72-4e6e-9e63-b7bace604965'),(22,43,1,'2014-03-28','5dcdb5eb-cb72-4e6e-9e63-b7bace604965'),(22,43,1,'2014-03-28','5dcdb5eb-cb72-4e6e-9e63-b7bace604965'),(22,43,1,'2014-03-28','5dcdb5eb-cb72-4e6e-9e63-b7bace604965'),(22,43,1,'2014-03-28','5dcdb5eb-cb72-4e6e-9e63-b7bace604965'),(22,432,5,'2014-03-28','eb7e56ad-0306-4f32-9812-4538a0964b42'),(22,433,3,'2014-03-28',NULL),(22,325,1,'2014-03-28','126759e7-ca12-4bb4-884e-eba160e9e406'),(22,325,1,'2014-03-28','126759e7-ca12-4bb4-884e-eba160e9e406'),(22,45,5,'2014-03-28','056e4f3e-d505-4dad-8ec1-d04f521cbb56'),(22,45,5,'2014-03-28','056e4f3e-d505-4dad-8ec1-d04f521cbb56'),(22,45,5,'2014-03-28','056e4f3e-d505-4dad-8ec1-d04f521cbb56'),(22,45,5,'2014-03-28','056e4f3e-d505-4dad-8ec1-d04f521cbb56'),(22,45,5,'2014-03-28','056e4f3e-d505-4dad-8ec1-d04f521cbb56'),(22,45,5,'2014-03-28','056e4f3e-d505-4dad-8ec1-d04f521cbb56'),(22,436,3,'2014-03-28','33ca19f4-18c8-4411-98df-ac23890ce9f5'),(22,24,1,'2014-03-28','b95ce3ff-3d05-4e87-9e01-c97b66af13d4'),(22,24,1,'2014-03-28','b95ce3ff-3d05-4e87-9e01-c97b66af13d4'),(22,24,1,'2014-03-28','b95ce3ff-3d05-4e87-9e01-c97b66af13d4'),(22,246,1,'2014-03-28','f4a31f0a-51dd-4fa7-986d-3095c40c5ed9'),(22,246,1,'2014-03-28','f4a31f0a-51dd-4fa7-986d-3095c40c5ed9'),(22,246,1,'2014-03-28','f4a31f0a-51dd-4fa7-986d-3095c40c5ed9'),(22,439,5,'2014-03-28','6a65d878-fcd0-42cf-aff9-ca1d636a8bcc'),(22,439,5,'2014-03-28','6a65d878-fcd0-42cf-aff9-ca1d636a8bcc'),(22,144,5,'2014-03-28','e0e1a584-dd0a-4bd1-88d1-c4c62895039d'),(22,144,5,'2014-03-28','e0e1a584-dd0a-4bd1-88d1-c4c62895039d'),(22,144,5,'2014-03-28','e0e1a584-dd0a-4bd1-88d1-c4c62895039d'),(22,65,1,'2014-03-28','eeb1195b-f213-4ce1-b28c-8565211f8e43'),(22,10,5,'2014-03-28','012151a8-0f9a-44c9-997f-ebd68b5389f9'),(22,10,5,'2014-03-28','012151a8-0f9a-44c9-997f-ebd68b5389f9'),(22,10,5,'2014-03-28','012151a8-0f9a-44c9-997f-ebd68b5389f9'),(22,443,2,'2014-03-28','122d63fc-8671-43e4-9752-34e846d62a9c'),(22,100,1,'2014-03-28','98b67ebc-5606-4cdb-9787-47b12cceb101'),(22,100,1,'2014-03-28','98b67ebc-5606-4cdb-9787-47b12cceb101'),(22,100,1,'2014-03-28','98b67ebc-5606-4cdb-9787-47b12cceb101'),(22,100,1,'2014-03-28','98b67ebc-5606-4cdb-9787-47b12cceb101'),(22,205,1,'2014-03-28',NULL),(22,279,1,'2014-03-28',NULL),(22,445,1,'2014-03-28',NULL),(22,280,3,'2014-03-28','79239441-bfd5-4981-a70c-55c3f15c1287'),(22,280,3,'2014-03-28','79239441-bfd5-4981-a70c-55c3f15c1287'),(22,447,5,'2014-03-28','210769a3-4aca-4199-a2e1-676ef376e078'),(22,12,4,'2014-03-28','1695c115-bf3f-4014-9966-2b0c50179193'),(22,12,4,'2014-03-28','1695c115-bf3f-4014-9966-2b0c50179193'),(22,12,4,'2014-03-28','1695c115-bf3f-4014-9966-2b0c50179193'),(22,53,1,'2014-03-28','bc710bcf-8815-42cf-bad2-3f1d12246aeb'),(22,53,1,'2014-03-28','bc710bcf-8815-42cf-bad2-3f1d12246aeb'),(22,53,1,'2014-03-28','bc710bcf-8815-42cf-bad2-3f1d12246aeb'),(22,35,5,'2014-03-28','44cf61b8-5197-448a-b82b-cef6ee89fac5'),(22,35,5,'2014-03-28','44cf61b8-5197-448a-b82b-cef6ee89fac5'),(22,35,5,'2014-03-28','44cf61b8-5197-448a-b82b-cef6ee89fac5'),(22,35,5,'2014-03-28','44cf61b8-5197-448a-b82b-cef6ee89fac5'),(22,287,5,'2014-03-28','02f4c1ff-65e0-4412-8e8b-6239b0faecb5'),(22,287,5,'2014-03-28','02f4c1ff-65e0-4412-8e8b-6239b0faecb5'),(22,287,5,'2014-03-28','02f4c1ff-65e0-4412-8e8b-6239b0faecb5'),(22,287,5,'2014-03-28','02f4c1ff-65e0-4412-8e8b-6239b0faecb5'),(22,289,2,'2014-03-28','69989475-2971-49aa-8c53-5d74af88b8be'),(22,289,2,'2014-03-28','69989475-2971-49aa-8c53-5d74af88b8be'),(22,289,2,'2014-03-28','69989475-2971-49aa-8c53-5d74af88b8be'),(22,453,4,'2014-03-28',NULL),(22,291,1,'2014-03-28','bf0caafc-2b20-4e07-ab85-87e14ff430ce'),(22,291,1,'2014-03-28','bf0caafc-2b20-4e07-ab85-87e14ff430ce'),(22,178,5,'2014-03-28','cc0b7089-c08d-4c10-b6b0-873582c17fd6'),(22,178,5,'2014-03-28','cc0b7089-c08d-4c10-b6b0-873582c17fd6'),(22,178,5,'2014-03-28','cc0b7089-c08d-4c10-b6b0-873582c17fd6'),(22,178,5,'2014-03-28','cc0b7089-c08d-4c10-b6b0-873582c17fd6'),(22,121,5,'2014-03-28','24b4aee8-32ed-4163-98f7-55bae67411ae'),(22,121,5,'2014-03-28','24b4aee8-32ed-4163-98f7-55bae67411ae'),(22,121,5,'2014-03-28','24b4aee8-32ed-4163-98f7-55bae67411ae'),(22,121,5,'2014-03-28','24b4aee8-32ed-4163-98f7-55bae67411ae'),(22,121,5,'2014-03-28','24b4aee8-32ed-4163-98f7-55bae67411ae'),(22,121,5,'2014-03-28','24b4aee8-32ed-4163-98f7-55bae67411ae'),(22,20,5,'2014-03-28','f181961b-20f7-459e-89de-920ef03c7ed0'),(22,20,5,'2014-03-28','f181961b-20f7-459e-89de-920ef03c7ed0'),(22,20,5,'2014-03-28','f181961b-20f7-459e-89de-920ef03c7ed0'),(22,20,5,'2014-03-28','f181961b-20f7-459e-89de-920ef03c7ed0'),(22,20,5,'2014-03-28','f181961b-20f7-459e-89de-920ef03c7ed0'),(22,20,5,'2014-03-28','f181961b-20f7-459e-89de-920ef03c7ed0'),(22,458,5,'2014-03-28','c5c2ea1c-4bde-4f4d-bd0b-47b200bf99d6'),(22,458,5,'2014-03-28','c5c2ea1c-4bde-4f4d-bd0b-47b200bf99d6'),(22,459,5,'2014-03-28','6f1de078-6684-4792-820d-2ffad64c15ed'),(22,460,5,'2014-03-28','af37c51c-0790-4a29-b995-456f98a6b8c9'),(22,460,5,'2014-03-28','af37c51c-0790-4a29-b995-456f98a6b8c9'),(22,460,5,'2014-03-28','af37c51c-0790-4a29-b995-456f98a6b8c9'),(15,461,5,'2014-03-28','a0498514-c21c-4e85-8dbf-a1b92374a06b'),(15,424,3,'2014-03-28','fc7bbf00-fbaa-4736-986b-b3ac0266ca9b'),(15,169,4,'2014-03-28','52074ba6-e495-4ef3-9bb4-0703888a9f68'),(15,169,4,'2014-03-28','52074ba6-e495-4ef3-9bb4-0703888a9f68'),(15,9,5,'2014-03-28','ada7a83c-e3e1-40f1-93f9-3e73dbc9298a'),(15,9,5,'2014-03-28','ada7a83c-e3e1-40f1-93f9-3e73dbc9298a'),(15,9,5,'2014-03-28','ada7a83c-e3e1-40f1-93f9-3e73dbc9298a'),(15,9,5,'2014-03-28','ada7a83c-e3e1-40f1-93f9-3e73dbc9298a'),(15,9,5,'2014-03-28','ada7a83c-e3e1-40f1-93f9-3e73dbc9298a'),(15,9,5,'2014-03-28','ada7a83c-e3e1-40f1-93f9-3e73dbc9298a'),(15,9,5,'2014-03-28','ada7a83c-e3e1-40f1-93f9-3e73dbc9298a'),(15,9,5,'2014-03-28','ada7a83c-e3e1-40f1-93f9-3e73dbc9298a'),(15,465,3,'2014-03-28','8e1e03fe-ebbc-467a-b541-857144db10fb'),(15,466,3,'2014-03-28','5ab8835e-ac44-4055-9c11-7878199606b5'),(15,467,3,'2014-03-28','87c5dedd-371d-4a53-9f7f-80522fb7f3cb'),(15,430,4,'2014-03-28','0ae49abe-d6af-44fa-8ab0-b9ace5690e6f'),(15,430,4,'2014-03-28','0ae49abe-d6af-44fa-8ab0-b9ace5690e6f'),(15,469,3,'2014-03-28','437a0e49-c6ae-42f6-a6c1-84f25ed366bc'),(15,470,4,'2014-03-28','64c9974f-20a9-491d-bd94-2168cd738e2a'),(15,471,3,'2014-03-28','23b58ea2-1cc3-468a-9e76-5027e196e851'),(15,472,3,'2014-03-28','b41b38d4-ef3e-4f37-8c75-cfe9af999696'),(15,473,4,'2014-03-28','e78260a0-bdce-4348-9542-cfad7b152cd8'),(15,474,4,'2014-03-28','4bd31567-70a8-4007-9ac6-3c68c7fc3d45'),(15,475,4,'2014-03-28','1975afe1-8ad0-4ba0-a4a4-d3acd2ba9d5b'),(15,269,3,'2014-03-28','b1570544-93ab-4b2b-8398-131735394202'),(15,269,3,'2014-03-28','b1570544-93ab-4b2b-8398-131735394202'),(15,477,4,'2014-03-28','4c671d5a-7027-4398-8055-03e61d1a3967'),(15,45,5,'2014-03-28','056e4f3e-d505-4dad-8ec1-d04f521cbb56'),(15,45,5,'2014-03-28','056e4f3e-d505-4dad-8ec1-d04f521cbb56'),(15,45,5,'2014-03-28','056e4f3e-d505-4dad-8ec1-d04f521cbb56'),(15,45,5,'2014-03-28','056e4f3e-d505-4dad-8ec1-d04f521cbb56'),(15,45,5,'2014-03-28','056e4f3e-d505-4dad-8ec1-d04f521cbb56'),(15,45,5,'2014-03-28','056e4f3e-d505-4dad-8ec1-d04f521cbb56'),(15,479,4,'2014-03-28','574a5acd-3e0a-418b-9a8e-fb260be389bf'),(15,480,4,'2014-03-28','0f716769-a803-44a5-bb5c-cd9d563716dd'),(15,47,3,'2014-03-28','5fee3020-513b-48c2-b1f7-4681b01db0c6'),(15,47,3,'2014-03-28','5fee3020-513b-48c2-b1f7-4681b01db0c6'),(15,439,4,'2014-03-28','6a65d878-fcd0-42cf-aff9-ca1d636a8bcc'),(15,439,4,'2014-03-28','6a65d878-fcd0-42cf-aff9-ca1d636a8bcc'),(15,144,4,'2014-03-28','e0e1a584-dd0a-4bd1-88d1-c4c62895039d'),(15,144,4,'2014-03-28','e0e1a584-dd0a-4bd1-88d1-c4c62895039d'),(15,144,4,'2014-03-28','e0e1a584-dd0a-4bd1-88d1-c4c62895039d'),(15,145,4,'2014-03-28','aa7a2827-f74b-473c-bd79-03d065835cf7'),(15,2,3,'2014-03-28','e21857d5-3256-4547-afb3-4b6ded592596'),(15,2,3,'2014-03-28','e21857d5-3256-4547-afb3-4b6ded592596'),(15,486,3,'2014-03-28','6da01dec-d03c-492f-8f22-3969ea340888'),(15,487,4,'2014-03-28','b23e8a63-8f47-4882-b55b-df2c92ef400e'),(15,488,4,'2014-03-28','0d9905e6-add6-4713-94ca-9f686f9b5e9b'),(15,489,5,'2014-03-28','c5ce487b-0462-444e-a184-4de0fef7e028'),(15,490,4,'2014-03-28','31a88d29-827e-4c67-ad46-e47fab0de3c1'),(15,491,1,'2014-03-28','e0140a67-e4d1-4f13-8a01-364355bee46e'),(15,492,5,'2014-03-28','90218af4-4d58-4821-8d41-2ee295ebbe21'),(15,493,4,'2014-03-28','4ecdfa5d-5516-46ef-8e9b-b15792ed88c3'),(15,494,4,'2014-03-28','69b39eab-6577-46a4-a9f5-817839092033'),(15,495,3,'2014-03-28','57b08602-7ea7-4a6d-a93c-72cb1ae0053c'),(15,496,4,'2014-03-28','cf0f4547-ffbd-4011-98ad-0bec9ba022db'),(15,25,3,'2014-03-28','f59c5520-5f46-4d2c-b2c4-822eabf53419'),(15,25,3,'2014-03-28','f59c5520-5f46-4d2c-b2c4-822eabf53419'),(15,25,3,'2014-03-28','f59c5520-5f46-4d2c-b2c4-822eabf53419'),(15,25,3,'2014-03-28','f59c5520-5f46-4d2c-b2c4-822eabf53419'),(15,25,3,'2014-03-28','f59c5520-5f46-4d2c-b2c4-822eabf53419'),(15,25,3,'2014-03-28','f59c5520-5f46-4d2c-b2c4-822eabf53419'),(15,25,3,'2014-03-28','f59c5520-5f46-4d2c-b2c4-822eabf53419'),(15,25,3,'2014-03-28','f59c5520-5f46-4d2c-b2c4-822eabf53419'),(15,25,3,'2014-03-28','f59c5520-5f46-4d2c-b2c4-822eabf53419'),(15,498,5,'2014-03-28','68a0067a-7a3a-43d3-bd91-391ea7600d8c'),(15,499,5,'2014-03-28','8f5bb862-f2a2-416c-b692-d7565d962942'),(15,11,3,'2014-03-28','557ac15e-7800-44c3-bb62-d4ab34ac1e28'),(15,11,3,'2014-03-28','557ac15e-7800-44c3-bb62-d4ab34ac1e28'),(15,11,3,'2014-03-28','557ac15e-7800-44c3-bb62-d4ab34ac1e28'),(15,11,3,'2014-03-28','557ac15e-7800-44c3-bb62-d4ab34ac1e28'),(15,11,3,'2014-03-28','557ac15e-7800-44c3-bb62-d4ab34ac1e28'),(15,501,3,'2014-03-28','6d7b7cd4-254b-4c25-83f6-dd20f98ceacd'),(15,502,3,'2014-03-28','50e6288e-3db5-4253-ae51-5e8738ef2c31'),(15,283,2,'2014-03-28','7e9bd05a-117f-4cce-87bc-e011527a8b18'),(15,283,2,'2014-03-28','7e9bd05a-117f-4cce-87bc-e011527a8b18'),(15,12,4,'2014-03-28','1695c115-bf3f-4014-9966-2b0c50179193'),(15,12,4,'2014-03-28','1695c115-bf3f-4014-9966-2b0c50179193'),(15,12,4,'2014-03-28','1695c115-bf3f-4014-9966-2b0c50179193'),(15,505,4,'2014-03-28','a506f761-2c22-4b2f-8a94-bd748c2c8f75'),(15,506,4,'2014-03-28','9e103f85-7af7-41d7-b83b-49ba8f0c5abf'),(15,507,1,'2014-03-28','1a425bbd-cca4-4b2c-aeb7-71cb176c828a'),(15,508,3,'2014-03-28','daeec599-bf5d-4428-994a-e76ba5f86e2f'),(15,287,4,'2014-03-28','02f4c1ff-65e0-4412-8e8b-6239b0faecb5'),(15,287,4,'2014-03-28','02f4c1ff-65e0-4412-8e8b-6239b0faecb5'),(15,287,4,'2014-03-28','02f4c1ff-65e0-4412-8e8b-6239b0faecb5'),(15,287,4,'2014-03-28','02f4c1ff-65e0-4412-8e8b-6239b0faecb5'),(15,16,4,'2014-03-28','246aa41e-8a40-4018-a6d6-8fb646418c25'),(15,16,4,'2014-03-28','246aa41e-8a40-4018-a6d6-8fb646418c25'),(15,16,4,'2014-03-28','246aa41e-8a40-4018-a6d6-8fb646418c25'),(15,16,4,'2014-03-28','246aa41e-8a40-4018-a6d6-8fb646418c25'),(15,511,4,'2014-03-28','be407b02-f3e6-4ed5-9489-f8e5f0ab36dc'),(15,17,4,'2014-03-28','a74b1b7f-71a5-4011-9441-d0b5e4122711'),(15,17,4,'2014-03-28','a74b1b7f-71a5-4011-9441-d0b5e4122711'),(15,17,4,'2014-03-28','a74b1b7f-71a5-4011-9441-d0b5e4122711'),(15,17,4,'2014-03-28','a74b1b7f-71a5-4011-9441-d0b5e4122711'),(15,17,4,'2014-03-28','a74b1b7f-71a5-4011-9441-d0b5e4122711'),(15,17,4,'2014-03-28','a74b1b7f-71a5-4011-9441-d0b5e4122711'),(15,17,4,'2014-03-28','a74b1b7f-71a5-4011-9441-d0b5e4122711'),(15,513,1,'2014-03-28',NULL),(15,178,5,'2014-03-28','cc0b7089-c08d-4c10-b6b0-873582c17fd6'),(15,178,5,'2014-03-28','cc0b7089-c08d-4c10-b6b0-873582c17fd6'),(15,178,5,'2014-03-28','cc0b7089-c08d-4c10-b6b0-873582c17fd6'),(15,178,5,'2014-03-28','cc0b7089-c08d-4c10-b6b0-873582c17fd6'),(15,195,4,'2014-03-28','63aa26c3-d59b-4da4-84ac-716b54f1ef4d'),(15,195,4,'2014-03-28','63aa26c3-d59b-4da4-84ac-716b54f1ef4d'),(15,8,5,'2014-03-28','b10bbbfc-cf9e-42e0-be17-e2c3e1d2600d'),(15,8,5,'2014-03-28','b10bbbfc-cf9e-42e0-be17-e2c3e1d2600d'),(15,8,5,'2014-03-28','b10bbbfc-cf9e-42e0-be17-e2c3e1d2600d'),(15,18,4,'2014-03-28','d15721d8-56b4-453d-b506-fc915b14cba2'),(15,18,4,'2014-03-28','d15721d8-56b4-453d-b506-fc915b14cba2'),(15,18,4,'2014-03-28','d15721d8-56b4-453d-b506-fc915b14cba2'),(15,518,5,'2014-03-28','a3a92047-be1c-4f3e-8960-c4f8570984df'),(15,519,4,'2014-03-28','0a02e70e-db2f-4cfe-a646-e8ced413f7d5'),(15,520,3,'2014-03-28','a43dccad-c63f-49e5-b342-f96debc02ac4'),(15,521,3,'2014-03-28','1f43d76f-8edf-44f6-aaf1-b65f05ad9402'),(15,522,4,'2014-03-28','5ccb7bf1-4e5d-44fe-94fe-a15eeffa2335'),(15,121,5,'2014-03-28','24b4aee8-32ed-4163-98f7-55bae67411ae'),(15,121,5,'2014-03-28','24b4aee8-32ed-4163-98f7-55bae67411ae'),(15,121,5,'2014-03-28','24b4aee8-32ed-4163-98f7-55bae67411ae'),(15,121,5,'2014-03-28','24b4aee8-32ed-4163-98f7-55bae67411ae'),(15,121,5,'2014-03-28','24b4aee8-32ed-4163-98f7-55bae67411ae'),(15,121,5,'2014-03-28','24b4aee8-32ed-4163-98f7-55bae67411ae'),(15,524,4,'2014-03-28','2c629b8c-d751-4131-b785-5690bb5e0fd7'),(15,19,4,'2014-03-28','c41c6a32-cd7e-4cce-8859-559efdd457b3'),(15,19,4,'2014-03-28','c41c6a32-cd7e-4cce-8859-559efdd457b3'),(15,526,4,'2014-03-28','8a3e1c4f-59a8-457a-826c-fe961419a8ae'),(15,58,3,'2014-03-28','23a03e33-a603-404e-bcbf-2c00159d7067'),(15,58,3,'2014-03-28','23a03e33-a603-404e-bcbf-2c00159d7067'),(15,58,3,'2014-03-28','23a03e33-a603-404e-bcbf-2c00159d7067'),(15,528,4,'2014-03-28','160d505d-0930-47e5-9093-b7efd64c8b8d'),(15,529,4,'2014-03-28','b95a3a1d-7bba-403e-b106-5435c04acd91'),(15,530,5,'2014-03-28','4a4898e8-0c6c-46dd-b190-8cdf580b0965'),(15,531,3,'2014-03-28','0a77bad9-0f8a-49d9-b76c-c9c90d5ccee9'),(15,532,4,'2014-03-28','0c9c3cd1-8461-4c3f-bde1-23f181ddee0c'),(15,20,5,'2014-03-28','f181961b-20f7-459e-89de-920ef03c7ed0'),(15,20,5,'2014-03-28','f181961b-20f7-459e-89de-920ef03c7ed0'),(15,20,5,'2014-03-28','f181961b-20f7-459e-89de-920ef03c7ed0'),(15,20,5,'2014-03-28','f181961b-20f7-459e-89de-920ef03c7ed0'),(15,20,5,'2014-03-28','f181961b-20f7-459e-89de-920ef03c7ed0'),(15,20,5,'2014-03-28','f181961b-20f7-459e-89de-920ef03c7ed0'),(15,534,4,'2014-03-28','aa76ec08-45ab-4724-9411-d80b0e59ac59'),(15,535,3,'2014-03-28','4dcffc18-b573-4850-833c-d08e2b7e93b3'),(15,536,3,'2014-03-28','c3e89532-db13-45df-9e5d-82bd2a7100d4'),(15,537,4,'2014-03-28','82b304c0-7da4-45d3-896a-0767c7ae1141'),(15,458,4,'2014-03-28','c5c2ea1c-4bde-4f4d-bd0b-47b200bf99d6'),(15,458,4,'2014-03-28','c5c2ea1c-4bde-4f4d-bd0b-47b200bf99d6'),(15,460,4,'2014-03-28','af37c51c-0790-4a29-b995-456f98a6b8c9'),(15,460,4,'2014-03-28','af37c51c-0790-4a29-b995-456f98a6b8c9'),(15,460,4,'2014-03-28','af37c51c-0790-4a29-b995-456f98a6b8c9'),(15,540,4,'2014-03-28','6fe07aa5-fec0-4eca-a456-f29bff451b04'),(15,541,4,'2014-03-28','5bdb38bd-5c5b-4d0f-8901-8bbe1d7062d8'),(15,124,4,'2014-03-28','11ae9fbb-f3d7-4a47-936f-4c0a04d3b3b5'),(8,9,4,'2014-03-28','ada7a83c-e3e1-40f1-93f9-3e73dbc9298a'),(8,9,4,'2014-03-28','ada7a83c-e3e1-40f1-93f9-3e73dbc9298a'),(8,9,4,'2014-03-28','ada7a83c-e3e1-40f1-93f9-3e73dbc9298a'),(8,9,4,'2014-03-28','ada7a83c-e3e1-40f1-93f9-3e73dbc9298a'),(8,9,4,'2014-03-28','ada7a83c-e3e1-40f1-93f9-3e73dbc9298a'),(8,9,4,'2014-03-28','ada7a83c-e3e1-40f1-93f9-3e73dbc9298a'),(8,9,4,'2014-03-28','ada7a83c-e3e1-40f1-93f9-3e73dbc9298a'),(8,9,4,'2014-03-28','ada7a83c-e3e1-40f1-93f9-3e73dbc9298a'),(8,42,3,'2014-03-28','24b930c0-5f27-4723-a5aa-3b8b830fb914'),(8,42,3,'2014-03-28','24b930c0-5f27-4723-a5aa-3b8b830fb914'),(8,42,3,'2014-03-28','24b930c0-5f27-4723-a5aa-3b8b830fb914'),(8,42,3,'2014-03-28','24b930c0-5f27-4723-a5aa-3b8b830fb914'),(8,92,1,'2014-03-28','cc197bad-dc9c-440d-a5b5-d52ba2e14234'),(8,92,1,'2014-03-28','cc197bad-dc9c-440d-a5b5-d52ba2e14234'),(8,92,1,'2014-03-28','cc197bad-dc9c-440d-a5b5-d52ba2e14234'),(8,92,1,'2014-03-28','cc197bad-dc9c-440d-a5b5-d52ba2e14234'),(8,92,1,'2014-03-28','cc197bad-dc9c-440d-a5b5-d52ba2e14234'),(8,522,5,'2014-03-28','5ccb7bf1-4e5d-44fe-94fe-a15eeffa2335'),(8,547,4,'2014-03-28','97b226c8-7140-4da3-91ac-15e62e131a81'),(8,548,4,'2014-03-28','395cc503-63b5-4a0b-a20a-604e3fcacea2'),(8,287,5,'2014-03-28','02f4c1ff-65e0-4412-8e8b-6239b0faecb5'),(8,287,5,'2014-03-28','02f4c1ff-65e0-4412-8e8b-6239b0faecb5'),(8,287,5,'2014-03-28','02f4c1ff-65e0-4412-8e8b-6239b0faecb5'),(8,287,5,'2014-03-28','02f4c1ff-65e0-4412-8e8b-6239b0faecb5'),(8,460,5,'2014-03-28','af37c51c-0790-4a29-b995-456f98a6b8c9'),(8,460,5,'2014-03-28','af37c51c-0790-4a29-b995-456f98a6b8c9'),(8,460,5,'2014-03-28','af37c51c-0790-4a29-b995-456f98a6b8c9'),(9,29,4,'2014-03-28','66c662b6-6e2f-4930-8610-912e24c63ed1'),(9,29,4,'2014-03-28','66c662b6-6e2f-4930-8610-912e24c63ed1'),(9,29,4,'2014-03-28','66c662b6-6e2f-4930-8610-912e24c63ed1'),(9,29,4,'2014-03-28','66c662b6-6e2f-4930-8610-912e24c63ed1'),(9,29,4,'2014-03-28','66c662b6-6e2f-4930-8610-912e24c63ed1'),(9,39,3,'2014-03-28','3d2b98e5-556f-4451-a3ff-c50ea18d57cb'),(9,39,3,'2014-03-28','3d2b98e5-556f-4451-a3ff-c50ea18d57cb'),(9,39,3,'2014-03-28','3d2b98e5-556f-4451-a3ff-c50ea18d57cb'),(9,39,3,'2014-03-28','3d2b98e5-556f-4451-a3ff-c50ea18d57cb'),(9,39,3,'2014-03-28','3d2b98e5-556f-4451-a3ff-c50ea18d57cb'),(9,39,3,'2014-03-28','3d2b98e5-556f-4451-a3ff-c50ea18d57cb'),(9,39,3,'2014-03-28','3d2b98e5-556f-4451-a3ff-c50ea18d57cb'),(9,39,3,'2014-03-28','3d2b98e5-556f-4451-a3ff-c50ea18d57cb'),(9,8,5,'2014-03-28','b10bbbfc-cf9e-42e0-be17-e2c3e1d2600d'),(9,8,5,'2014-03-28','b10bbbfc-cf9e-42e0-be17-e2c3e1d2600d'),(9,8,5,'2014-03-28','b10bbbfc-cf9e-42e0-be17-e2c3e1d2600d'),(9,8,5,'2014-03-28','b10bbbfc-cf9e-42e0-be17-e2c3e1d2600d'),(9,302,5,'2014-03-28','25144665-e9ac-416f-aba3-0c8b4ee547d5'),(9,302,5,'2014-03-28','25144665-e9ac-416f-aba3-0c8b4ee547d5'),(9,555,5,'2014-03-28','3c3cec7c-97ea-4fc9-bfd7-813bbb9add44'),(9,556,5,'2014-03-28','1ba1d493-7114-45e2-b163-a36d49a0c065'),(9,45,4,'2014-03-28','056e4f3e-d505-4dad-8ec1-d04f521cbb56'),(9,45,4,'2014-03-28','056e4f3e-d505-4dad-8ec1-d04f521cbb56'),(9,45,4,'2014-03-28','056e4f3e-d505-4dad-8ec1-d04f521cbb56'),(9,45,4,'2014-03-28','056e4f3e-d505-4dad-8ec1-d04f521cbb56'),(9,45,4,'2014-03-28','056e4f3e-d505-4dad-8ec1-d04f521cbb56'),(9,45,4,'2014-03-28','056e4f3e-d505-4dad-8ec1-d04f521cbb56'),(9,558,4,'2014-03-28',NULL),(9,228,4,'2014-03-28','4ba36a26-5624-45d7-bd9f-bdc374ec077c'),(9,228,4,'2014-03-28','4ba36a26-5624-45d7-bd9f-bdc374ec077c'),(9,228,4,'2014-03-28','4ba36a26-5624-45d7-bd9f-bdc374ec077c'),(9,228,4,'2014-03-28','4ba36a26-5624-45d7-bd9f-bdc374ec077c'),(9,369,3,'2014-03-28','a4852e21-7f09-470b-b5ae-9740d939d183'),(9,369,3,'2014-03-28','a4852e21-7f09-470b-b5ae-9740d939d183'),(9,270,5,'2014-03-28','334c2c2c-2ae3-4b69-8f38-167d07f83d25'),(9,270,5,'2014-03-28','334c2c2c-2ae3-4b69-8f38-167d07f83d25'),(9,270,5,'2014-03-28','334c2c2c-2ae3-4b69-8f38-167d07f83d25'),(9,201,3,'2014-03-28','01809552-4f87-45b0-afff-2c6f0730a3be'),(9,201,3,'2014-03-28','01809552-4f87-45b0-afff-2c6f0730a3be'),(9,46,5,'2014-03-28','05c35c95-dcbd-4492-b091-7f05a2091d47'),(9,46,5,'2014-03-28','05c35c95-dcbd-4492-b091-7f05a2091d47'),(9,46,5,'2014-03-28','05c35c95-dcbd-4492-b091-7f05a2091d47'),(9,46,5,'2014-03-28','05c35c95-dcbd-4492-b091-7f05a2091d47'),(9,94,4,'2014-03-28','67f66c07-6e61-4026-ade5-7e782fad3a5d'),(9,94,4,'2014-03-28','67f66c07-6e61-4026-ade5-7e782fad3a5d'),(9,94,4,'2014-03-28','67f66c07-6e61-4026-ade5-7e782fad3a5d'),(9,94,4,'2014-03-28','67f66c07-6e61-4026-ade5-7e782fad3a5d'),(9,94,4,'2014-03-28','67f66c07-6e61-4026-ade5-7e782fad3a5d'),(9,65,3,'2014-03-28','eeb1195b-f213-4ce1-b28c-8565211f8e43'),(9,65,3,'2014-03-28','eeb1195b-f213-4ce1-b28c-8565211f8e43'),(9,65,3,'2014-03-28','eeb1195b-f213-4ce1-b28c-8565211f8e43'),(9,65,3,'2014-03-28','eeb1195b-f213-4ce1-b28c-8565211f8e43'),(9,65,3,'2014-03-28','eeb1195b-f213-4ce1-b28c-8565211f8e43'),(9,65,3,'2014-03-28','eeb1195b-f213-4ce1-b28c-8565211f8e43'),(9,65,3,'2014-03-28','eeb1195b-f213-4ce1-b28c-8565211f8e43'),(9,65,3,'2014-03-28','eeb1195b-f213-4ce1-b28c-8565211f8e43'),(9,65,3,'2014-03-28','eeb1195b-f213-4ce1-b28c-8565211f8e43'),(9,31,3,'2014-03-28','7c3762a3-51f8-4cf3-8565-1ee26a90efe2'),(9,31,3,'2014-03-28','7c3762a3-51f8-4cf3-8565-1ee26a90efe2'),(9,31,3,'2014-03-28','7c3762a3-51f8-4cf3-8565-1ee26a90efe2'),(9,31,3,'2014-03-28','7c3762a3-51f8-4cf3-8565-1ee26a90efe2'),(9,31,3,'2014-03-28','7c3762a3-51f8-4cf3-8565-1ee26a90efe2'),(9,31,3,'2014-03-28','7c3762a3-51f8-4cf3-8565-1ee26a90efe2'),(9,567,5,'2014-03-28','b625448e-bf4a-41c3-a421-72ad46cdb831'),(9,380,5,'2014-03-28','044736f4-188e-47df-9ad9-a0e136ba67d2'),(9,380,5,'2014-03-28','044736f4-188e-47df-9ad9-a0e136ba67d2'),(9,569,5,'2014-03-28','d43d12a1-2dc9-4257-a2fd-0a3bb1081b86'),(9,101,5,'2014-03-28','678d88b2-87b0-403b-b63d-5da7465aecc3'),(9,101,5,'2014-03-28','678d88b2-87b0-403b-b63d-5da7465aecc3'),(9,101,5,'2014-03-28','678d88b2-87b0-403b-b63d-5da7465aecc3'),(9,101,5,'2014-03-28','678d88b2-87b0-403b-b63d-5da7465aecc3'),(9,101,5,'2014-03-28','678d88b2-87b0-403b-b63d-5da7465aecc3'),(9,101,5,'2014-03-28','678d88b2-87b0-403b-b63d-5da7465aecc3'),(9,101,5,'2014-03-28','678d88b2-87b0-403b-b63d-5da7465aecc3'),(9,101,5,'2014-03-28','678d88b2-87b0-403b-b63d-5da7465aecc3'),(9,101,5,'2014-03-28','678d88b2-87b0-403b-b63d-5da7465aecc3'),(9,102,5,'2014-03-28','47685be0-926f-4be9-b1ae-e32da47a3b99'),(9,102,5,'2014-03-28','47685be0-926f-4be9-b1ae-e32da47a3b99'),(9,102,5,'2014-03-28','47685be0-926f-4be9-b1ae-e32da47a3b99'),(9,33,4,'2014-03-28','65f4f0c5-ef9e-490c-aee3-909e7ae6b2ab'),(9,33,4,'2014-03-28','65f4f0c5-ef9e-490c-aee3-909e7ae6b2ab'),(9,33,4,'2014-03-28','65f4f0c5-ef9e-490c-aee3-909e7ae6b2ab'),(9,33,4,'2014-03-28','65f4f0c5-ef9e-490c-aee3-909e7ae6b2ab'),(9,33,4,'2014-03-28','65f4f0c5-ef9e-490c-aee3-909e7ae6b2ab'),(9,33,4,'2014-03-28','65f4f0c5-ef9e-490c-aee3-909e7ae6b2ab'),(9,33,4,'2014-03-28','65f4f0c5-ef9e-490c-aee3-909e7ae6b2ab'),(9,33,4,'2014-03-28','65f4f0c5-ef9e-490c-aee3-909e7ae6b2ab'),(9,33,4,'2014-03-28','65f4f0c5-ef9e-490c-aee3-909e7ae6b2ab'),(9,33,4,'2014-03-28','65f4f0c5-ef9e-490c-aee3-909e7ae6b2ab'),(9,188,5,'2014-03-28','561d854a-6a28-4aa7-8c99-323e6ce46c2a'),(9,188,5,'2014-03-28','561d854a-6a28-4aa7-8c99-323e6ce46c2a'),(9,12,5,'2014-03-28','1695c115-bf3f-4014-9966-2b0c50179193'),(9,12,5,'2014-03-28','1695c115-bf3f-4014-9966-2b0c50179193'),(9,12,5,'2014-03-28','1695c115-bf3f-4014-9966-2b0c50179193'),(9,13,2,'2014-03-28','b7ffd2af-418f-4be2-bdd1-22f8b48613da'),(9,13,2,'2014-03-28','b7ffd2af-418f-4be2-bdd1-22f8b48613da'),(9,13,2,'2014-03-28','b7ffd2af-418f-4be2-bdd1-22f8b48613da'),(9,13,2,'2014-03-28','b7ffd2af-418f-4be2-bdd1-22f8b48613da'),(9,14,3,'2014-03-28','5b11f4ce-a62d-471e-81fc-a69a8278c7da'),(9,14,3,'2014-03-28','5b11f4ce-a62d-471e-81fc-a69a8278c7da'),(9,14,3,'2014-03-28','5b11f4ce-a62d-471e-81fc-a69a8278c7da'),(9,14,3,'2014-03-28','5b11f4ce-a62d-471e-81fc-a69a8278c7da'),(9,14,3,'2014-03-28','5b11f4ce-a62d-471e-81fc-a69a8278c7da'),(9,55,4,'2014-03-28','39ab1aed-75e0-4140-bd47-540276886b60'),(9,55,4,'2014-03-28','39ab1aed-75e0-4140-bd47-540276886b60'),(9,55,4,'2014-03-28','39ab1aed-75e0-4140-bd47-540276886b60'),(9,55,4,'2014-03-28','39ab1aed-75e0-4140-bd47-540276886b60'),(9,111,4,'2014-03-28','83b9cbe7-9857-49e2-ab8e-b57b01038103'),(9,111,4,'2014-03-28','83b9cbe7-9857-49e2-ab8e-b57b01038103'),(9,111,4,'2014-03-28','83b9cbe7-9857-49e2-ab8e-b57b01038103'),(9,111,4,'2014-03-28','83b9cbe7-9857-49e2-ab8e-b57b01038103'),(9,111,4,'2014-03-28','83b9cbe7-9857-49e2-ab8e-b57b01038103'),(9,56,5,'2014-03-28','83d91898-7763-47d7-b03b-b92132375c47'),(9,56,5,'2014-03-28','83d91898-7763-47d7-b03b-b92132375c47'),(9,56,5,'2014-03-28','83d91898-7763-47d7-b03b-b92132375c47'),(9,56,5,'2014-03-28','83d91898-7763-47d7-b03b-b92132375c47'),(9,56,5,'2014-03-28','83d91898-7763-47d7-b03b-b92132375c47'),(9,56,5,'2014-03-28','83d91898-7763-47d7-b03b-b92132375c47'),(9,56,5,'2014-03-28','83d91898-7763-47d7-b03b-b92132375c47'),(9,6,5,'2014-03-28','0383dadf-2a4e-4d10-a46a-e9e041da8eb3'),(9,6,5,'2014-03-28','0383dadf-2a4e-4d10-a46a-e9e041da8eb3'),(9,6,5,'2014-03-28','0383dadf-2a4e-4d10-a46a-e9e041da8eb3'),(9,6,5,'2014-03-28','0383dadf-2a4e-4d10-a46a-e9e041da8eb3'),(9,6,5,'2014-03-28','0383dadf-2a4e-4d10-a46a-e9e041da8eb3'),(9,6,5,'2014-03-28','0383dadf-2a4e-4d10-a46a-e9e041da8eb3'),(9,17,4,'2014-03-28','a74b1b7f-71a5-4011-9441-d0b5e4122711'),(9,17,4,'2014-03-28','a74b1b7f-71a5-4011-9441-d0b5e4122711'),(9,17,4,'2014-03-28','a74b1b7f-71a5-4011-9441-d0b5e4122711'),(9,17,4,'2014-03-28','a74b1b7f-71a5-4011-9441-d0b5e4122711'),(9,17,4,'2014-03-28','a74b1b7f-71a5-4011-9441-d0b5e4122711'),(9,17,4,'2014-03-28','a74b1b7f-71a5-4011-9441-d0b5e4122711'),(9,17,4,'2014-03-28','a74b1b7f-71a5-4011-9441-d0b5e4122711'),(9,582,4,'2014-03-28','2ce02909-598b-44ef-a456-151ba0a3bd70'),(9,57,4,'2014-03-28','8bfac288-ccc5-448d-9573-c33ea2aa5c30'),(9,57,4,'2014-03-28','8bfac288-ccc5-448d-9573-c33ea2aa5c30'),(9,57,4,'2014-03-28','8bfac288-ccc5-448d-9573-c33ea2aa5c30'),(9,57,4,'2014-03-28','8bfac288-ccc5-448d-9573-c33ea2aa5c30'),(9,57,4,'2014-03-28','8bfac288-ccc5-448d-9573-c33ea2aa5c30'),(9,57,4,'2014-03-28','8bfac288-ccc5-448d-9573-c33ea2aa5c30'),(9,123,4,'2014-03-28','b071f9fa-14b0-4217-8e97-eb41da73f598'),(9,123,4,'2014-03-28','b071f9fa-14b0-4217-8e97-eb41da73f598'),(9,118,3,'2014-03-28','49855822-68b4-4dff-aec7-642546611518'),(9,118,3,'2014-03-28','49855822-68b4-4dff-aec7-642546611518'),(9,586,5,'2014-03-28','5d02f264-e225-41ff-83f7-d9b1f0b1874a'),(9,587,3,'2014-03-28','4d8afa16-4018-4ca8-8b5e-ede8f9314562'),(9,588,3,'2014-03-28','69ee3720-a7cb-4402-b48d-a02c366f2bcf'),(9,155,5,'2014-03-28','9efff43b-3b29-4082-824e-bc82f646f93d'),(9,155,5,'2014-03-28','9efff43b-3b29-4082-824e-bc82f646f93d'),(9,155,5,'2014-03-28','9efff43b-3b29-4082-824e-bc82f646f93d'),(9,155,5,'2014-03-28','9efff43b-3b29-4082-824e-bc82f646f93d'),(9,121,5,'2014-03-28','24b4aee8-32ed-4163-98f7-55bae67411ae'),(9,121,5,'2014-03-28','24b4aee8-32ed-4163-98f7-55bae67411ae'),(9,121,5,'2014-03-28','24b4aee8-32ed-4163-98f7-55bae67411ae'),(9,121,5,'2014-03-28','24b4aee8-32ed-4163-98f7-55bae67411ae'),(9,121,5,'2014-03-28','24b4aee8-32ed-4163-98f7-55bae67411ae'),(9,121,5,'2014-03-28','24b4aee8-32ed-4163-98f7-55bae67411ae'),(9,591,4,'2014-03-28','04dec8a2-8a41-49a9-b8f5-f7c6d01400ca'),(9,296,4,'2014-03-28','40f5d9e4-2de7-4f2d-ad41-e31a9a9fea27'),(9,296,4,'2014-03-28','40f5d9e4-2de7-4f2d-ad41-e31a9a9fea27'),(9,403,5,'2014-03-28','9fdaa16b-a6c4-4831-b87c-bc9ca8ce7eaa'),(9,403,5,'2014-03-28','9fdaa16b-a6c4-4831-b87c-bc9ca8ce7eaa'),(9,405,4,'2014-03-28','446ac261-09ae-43f4-a7e1-2c753c0813ce'),(9,405,4,'2014-03-28','446ac261-09ae-43f4-a7e1-2c753c0813ce'),(9,409,4,'2014-03-28','a81259a0-a2f5-464b-866e-71220f2739f1'),(9,409,4,'2014-03-28','a81259a0-a2f5-464b-866e-71220f2739f1'),(23,29,4,'2014-03-28','66c662b6-6e2f-4930-8610-912e24c63ed1'),(23,29,4,'2014-03-28','66c662b6-6e2f-4930-8610-912e24c63ed1'),(23,29,4,'2014-03-28','66c662b6-6e2f-4930-8610-912e24c63ed1'),(23,29,4,'2014-03-28','66c662b6-6e2f-4930-8610-912e24c63ed1'),(23,29,4,'2014-03-28','66c662b6-6e2f-4930-8610-912e24c63ed1'),(23,9,5,'2014-03-28','ada7a83c-e3e1-40f1-93f9-3e73dbc9298a'),(23,9,5,'2014-03-28','ada7a83c-e3e1-40f1-93f9-3e73dbc9298a'),(23,9,5,'2014-03-28','ada7a83c-e3e1-40f1-93f9-3e73dbc9298a'),(23,9,5,'2014-03-28','ada7a83c-e3e1-40f1-93f9-3e73dbc9298a'),(23,9,5,'2014-03-28','ada7a83c-e3e1-40f1-93f9-3e73dbc9298a'),(23,9,5,'2014-03-28','ada7a83c-e3e1-40f1-93f9-3e73dbc9298a'),(23,9,5,'2014-03-28','ada7a83c-e3e1-40f1-93f9-3e73dbc9298a'),(23,9,5,'2014-03-28','ada7a83c-e3e1-40f1-93f9-3e73dbc9298a'),(23,25,5,'2014-03-28','f59c5520-5f46-4d2c-b2c4-822eabf53419'),(23,25,5,'2014-03-28','f59c5520-5f46-4d2c-b2c4-822eabf53419'),(23,25,5,'2014-03-28','f59c5520-5f46-4d2c-b2c4-822eabf53419'),(23,25,5,'2014-03-28','f59c5520-5f46-4d2c-b2c4-822eabf53419'),(23,25,5,'2014-03-28','f59c5520-5f46-4d2c-b2c4-822eabf53419'),(23,25,5,'2014-03-28','f59c5520-5f46-4d2c-b2c4-822eabf53419'),(23,25,5,'2014-03-28','f59c5520-5f46-4d2c-b2c4-822eabf53419'),(23,25,5,'2014-03-28','f59c5520-5f46-4d2c-b2c4-822eabf53419'),(23,25,5,'2014-03-28','f59c5520-5f46-4d2c-b2c4-822eabf53419'),(23,12,3,'2014-03-28','1695c115-bf3f-4014-9966-2b0c50179193'),(23,12,3,'2014-03-28','1695c115-bf3f-4014-9966-2b0c50179193'),(23,12,3,'2014-03-28','1695c115-bf3f-4014-9966-2b0c50179193'),(23,17,2,'2014-03-28','a74b1b7f-71a5-4011-9441-d0b5e4122711'),(23,17,2,'2014-03-28','a74b1b7f-71a5-4011-9441-d0b5e4122711'),(23,17,2,'2014-03-28','a74b1b7f-71a5-4011-9441-d0b5e4122711'),(23,17,2,'2014-03-28','a74b1b7f-71a5-4011-9441-d0b5e4122711'),(23,17,2,'2014-03-28','a74b1b7f-71a5-4011-9441-d0b5e4122711'),(23,17,2,'2014-03-28','a74b1b7f-71a5-4011-9441-d0b5e4122711'),(23,17,2,'2014-03-28','a74b1b7f-71a5-4011-9441-d0b5e4122711'),(23,601,3,'2014-03-28','a66999a7-ae5c-460e-ba94-1a01143ae847'),(23,178,4,'2014-03-28','cc0b7089-c08d-4c10-b6b0-873582c17fd6'),(23,8,5,'2014-03-28','b10bbbfc-cf9e-42e0-be17-e2c3e1d2600d'),(23,8,5,'2014-03-28','b10bbbfc-cf9e-42e0-be17-e2c3e1d2600d'),(23,8,5,'2014-03-28','b10bbbfc-cf9e-42e0-be17-e2c3e1d2600d'),(23,18,4,'2014-03-28','d15721d8-56b4-453d-b506-fc915b14cba2'),(23,18,4,'2014-03-28','d15721d8-56b4-453d-b506-fc915b14cba2'),(23,18,4,'2014-03-28','d15721d8-56b4-453d-b506-fc915b14cba2'),(23,20,5,'2014-03-28','f181961b-20f7-459e-89de-920ef03c7ed0'),(23,20,5,'2014-03-28','f181961b-20f7-459e-89de-920ef03c7ed0'),(23,20,5,'2014-03-28','f181961b-20f7-459e-89de-920ef03c7ed0'),(23,20,5,'2014-03-28','f181961b-20f7-459e-89de-920ef03c7ed0'),(23,20,5,'2014-03-28','f181961b-20f7-459e-89de-920ef03c7ed0'),(23,20,5,'2014-03-28','f181961b-20f7-459e-89de-920ef03c7ed0'),(50,29,5,'2014-03-28','66c662b6-6e2f-4930-8610-912e24c63ed1'),(50,140,5,'2014-03-28','28503ab7-8bf2-4666-a7bd-2644bfc7cb1d'),(50,140,5,'2014-03-28','28503ab7-8bf2-4666-a7bd-2644bfc7cb1d'),(50,140,5,'2014-03-28','28503ab7-8bf2-4666-a7bd-2644bfc7cb1d'),(50,101,4,'2014-03-28','678d88b2-87b0-403b-b63d-5da7465aecc3'),(50,418,4,'2014-03-28','a9044915-8be3-4c7e-b11f-9e2d2ea0a91e'),(50,33,5,'2014-03-28','65f4f0c5-ef9e-490c-aee3-909e7ae6b2ab'),(50,33,5,'2014-03-28','65f4f0c5-ef9e-490c-aee3-909e7ae6b2ab'),(50,33,5,'2014-03-28','65f4f0c5-ef9e-490c-aee3-909e7ae6b2ab'),(50,33,5,'2014-03-28','65f4f0c5-ef9e-490c-aee3-909e7ae6b2ab'),(50,33,5,'2014-03-28','65f4f0c5-ef9e-490c-aee3-909e7ae6b2ab'),(50,33,5,'2014-03-28','65f4f0c5-ef9e-490c-aee3-909e7ae6b2ab'),(50,33,5,'2014-03-28','65f4f0c5-ef9e-490c-aee3-909e7ae6b2ab'),(50,33,5,'2014-03-28','65f4f0c5-ef9e-490c-aee3-909e7ae6b2ab'),(50,33,5,'2014-03-28','65f4f0c5-ef9e-490c-aee3-909e7ae6b2ab'),(50,33,5,'2014-03-28','65f4f0c5-ef9e-490c-aee3-909e7ae6b2ab'),(50,6,5,'2014-03-28','0383dadf-2a4e-4d10-a46a-e9e041da8eb3'),(50,6,5,'2014-03-28','0383dadf-2a4e-4d10-a46a-e9e041da8eb3'),(50,6,5,'2014-03-28','0383dadf-2a4e-4d10-a46a-e9e041da8eb3'),(50,6,5,'2014-03-28','0383dadf-2a4e-4d10-a46a-e9e041da8eb3'),(50,6,5,'2014-03-28','0383dadf-2a4e-4d10-a46a-e9e041da8eb3'),(50,6,5,'2014-03-28','0383dadf-2a4e-4d10-a46a-e9e041da8eb3'),(28,29,3,'2014-03-28','66c662b6-6e2f-4930-8610-912e24c63ed1'),(28,29,3,'2014-03-28','66c662b6-6e2f-4930-8610-912e24c63ed1'),(28,29,3,'2014-03-28','66c662b6-6e2f-4930-8610-912e24c63ed1'),(28,29,3,'2014-03-28','66c662b6-6e2f-4930-8610-912e24c63ed1'),(28,29,3,'2014-03-28','66c662b6-6e2f-4930-8610-912e24c63ed1'),(28,39,2,'2014-03-28','3d2b98e5-556f-4451-a3ff-c50ea18d57cb'),(28,39,2,'2014-03-28','3d2b98e5-556f-4451-a3ff-c50ea18d57cb'),(28,39,2,'2014-03-28','3d2b98e5-556f-4451-a3ff-c50ea18d57cb'),(28,39,2,'2014-03-28','3d2b98e5-556f-4451-a3ff-c50ea18d57cb'),(28,39,2,'2014-03-28','3d2b98e5-556f-4451-a3ff-c50ea18d57cb'),(28,39,2,'2014-03-28','3d2b98e5-556f-4451-a3ff-c50ea18d57cb'),(28,39,2,'2014-03-28','3d2b98e5-556f-4451-a3ff-c50ea18d57cb'),(28,39,2,'2014-03-28','3d2b98e5-556f-4451-a3ff-c50ea18d57cb'),(28,614,5,'2014-03-28','24e1b53c-3085-4581-8472-0b0088d2508c'),(28,174,5,'2014-03-28','a8e935c6-3fcc-414c-900c-77e8170e7e7c'),(28,174,5,'2014-03-28','a8e935c6-3fcc-414c-900c-77e8170e7e7c'),(28,92,2,'2014-03-28','cc197bad-dc9c-440d-a5b5-d52ba2e14234'),(28,92,2,'2014-03-28','cc197bad-dc9c-440d-a5b5-d52ba2e14234'),(28,92,2,'2014-03-28','cc197bad-dc9c-440d-a5b5-d52ba2e14234'),(28,92,2,'2014-03-28','cc197bad-dc9c-440d-a5b5-d52ba2e14234'),(28,92,2,'2014-03-28','cc197bad-dc9c-440d-a5b5-d52ba2e14234'),(28,65,3,'2014-03-28','eeb1195b-f213-4ce1-b28c-8565211f8e43'),(28,65,3,'2014-03-28','eeb1195b-f213-4ce1-b28c-8565211f8e43'),(28,65,3,'2014-03-28','eeb1195b-f213-4ce1-b28c-8565211f8e43'),(28,65,3,'2014-03-28','eeb1195b-f213-4ce1-b28c-8565211f8e43'),(28,65,3,'2014-03-28','eeb1195b-f213-4ce1-b28c-8565211f8e43'),(28,65,3,'2014-03-28','eeb1195b-f213-4ce1-b28c-8565211f8e43'),(28,65,3,'2014-03-28','eeb1195b-f213-4ce1-b28c-8565211f8e43'),(28,65,3,'2014-03-28','eeb1195b-f213-4ce1-b28c-8565211f8e43'),(28,65,3,'2014-03-28','eeb1195b-f213-4ce1-b28c-8565211f8e43'),(28,31,4,'2014-03-28','7c3762a3-51f8-4cf3-8565-1ee26a90efe2'),(28,31,4,'2014-03-28','7c3762a3-51f8-4cf3-8565-1ee26a90efe2'),(28,31,4,'2014-03-28','7c3762a3-51f8-4cf3-8565-1ee26a90efe2'),(28,31,4,'2014-03-28','7c3762a3-51f8-4cf3-8565-1ee26a90efe2'),(28,31,4,'2014-03-28','7c3762a3-51f8-4cf3-8565-1ee26a90efe2'),(28,31,4,'2014-03-28','7c3762a3-51f8-4cf3-8565-1ee26a90efe2'),(28,33,4,'2014-03-28','65f4f0c5-ef9e-490c-aee3-909e7ae6b2ab'),(28,33,4,'2014-03-28','65f4f0c5-ef9e-490c-aee3-909e7ae6b2ab'),(28,33,4,'2014-03-28','65f4f0c5-ef9e-490c-aee3-909e7ae6b2ab'),(28,33,4,'2014-03-28','65f4f0c5-ef9e-490c-aee3-909e7ae6b2ab'),(28,33,4,'2014-03-28','65f4f0c5-ef9e-490c-aee3-909e7ae6b2ab'),(28,33,4,'2014-03-28','65f4f0c5-ef9e-490c-aee3-909e7ae6b2ab'),(28,33,4,'2014-03-28','65f4f0c5-ef9e-490c-aee3-909e7ae6b2ab'),(28,33,4,'2014-03-28','65f4f0c5-ef9e-490c-aee3-909e7ae6b2ab'),(28,33,4,'2014-03-28','65f4f0c5-ef9e-490c-aee3-909e7ae6b2ab'),(28,33,4,'2014-03-28','65f4f0c5-ef9e-490c-aee3-909e7ae6b2ab'),(28,110,5,'2014-03-28','8aa5b65a-5b3c-4029-92bf-47a544356934'),(28,110,5,'2014-03-28','8aa5b65a-5b3c-4029-92bf-47a544356934'),(28,111,4,'2014-03-28','83b9cbe7-9857-49e2-ab8e-b57b01038103'),(28,111,4,'2014-03-28','83b9cbe7-9857-49e2-ab8e-b57b01038103'),(28,111,4,'2014-03-28','83b9cbe7-9857-49e2-ab8e-b57b01038103'),(28,111,4,'2014-03-28','83b9cbe7-9857-49e2-ab8e-b57b01038103'),(28,111,4,'2014-03-28','83b9cbe7-9857-49e2-ab8e-b57b01038103'),(28,56,4,'2014-03-28','83d91898-7763-47d7-b03b-b92132375c47'),(28,56,4,'2014-03-28','83d91898-7763-47d7-b03b-b92132375c47'),(28,56,4,'2014-03-28','83d91898-7763-47d7-b03b-b92132375c47'),(28,56,4,'2014-03-28','83d91898-7763-47d7-b03b-b92132375c47'),(28,56,4,'2014-03-28','83d91898-7763-47d7-b03b-b92132375c47'),(28,56,4,'2014-03-28','83d91898-7763-47d7-b03b-b92132375c47'),(28,56,4,'2014-03-28','83d91898-7763-47d7-b03b-b92132375c47'),(28,114,2,'2014-03-28','3798b104-01cb-484c-a3b0-56adc6399b80'),(28,114,2,'2014-03-28','3798b104-01cb-484c-a3b0-56adc6399b80'),(28,624,4,'2014-03-28','b2d122f9-eadb-4930-a196-8f221eeb0c66'),(28,117,3,'2014-03-28','5dc3d829-9131-4732-839a-432c9cd35c38'),(28,178,3,'2014-03-28','cc0b7089-c08d-4c10-b6b0-873582c17fd6'),(28,178,3,'2014-03-28','cc0b7089-c08d-4c10-b6b0-873582c17fd6'),(28,178,3,'2014-03-28','cc0b7089-c08d-4c10-b6b0-873582c17fd6'),(28,178,3,'2014-03-28','cc0b7089-c08d-4c10-b6b0-873582c17fd6'),(28,155,3,'2014-03-28','9efff43b-3b29-4082-824e-bc82f646f93d'),(28,155,3,'2014-03-28','9efff43b-3b29-4082-824e-bc82f646f93d'),(28,155,3,'2014-03-28','9efff43b-3b29-4082-824e-bc82f646f93d'),(28,155,3,'2014-03-28','9efff43b-3b29-4082-824e-bc82f646f93d');
/*!40000 ALTER TABLE `PessoaCurteArtistaMusical` ENABLE KEYS */;
UNLOCK TABLES;

--
-- Table structure for table `Regiao`
--

DROP TABLE IF EXISTS `Regiao`;
/*!40101 SET @saved_cs_client     = @@character_set_client */;
/*!40101 SET character_set_client = utf8 */;
CREATE TABLE `Regiao` (
  `id` int(11) NOT NULL AUTO_INCREMENT,
  `id_cidade` int(11) NOT NULL,
  `id_pais` int(11) NOT NULL,
  PRIMARY KEY (`id`),
  KEY `id_cidade` (`id_cidade`),
  KEY `id_pais` (`id_pais`),
  CONSTRAINT `regiao_ibfk_1` FOREIGN KEY (`id_cidade`) REFERENCES `Cidade` (`id`),
  CONSTRAINT `regiao_ibfk_2` FOREIGN KEY (`id_pais`) REFERENCES `Pais` (`id`)
) ENGINE=InnoDB AUTO_INCREMENT=126 DEFAULT CHARSET=latin1;
/*!40101 SET character_set_client = @saved_cs_client */;

--
-- Dumping data for table `Regiao`
--

LOCK TABLES `Regiao` WRITE;
/*!40000 ALTER TABLE `Regiao` DISABLE KEYS */;
INSERT INTO `Regiao` VALUES (1,1,1),(2,2,2),(3,3,1),(4,4,2),(5,5,2),(6,6,3),(7,7,4),(8,8,2),(9,9,3),(10,10,3),(11,11,3),(12,12,2),(13,13,3),(14,14,2),(15,15,3),(16,16,5),(17,17,6),(18,18,3),(19,19,3),(20,20,3),(21,21,7),(22,22,8),(23,23,7),(24,24,8),(25,25,9),(26,26,3),(27,27,6),(28,28,2),(29,29,3),(30,30,9),(31,31,3),(32,32,3),(33,33,10),(34,34,2),(35,35,3),(36,36,6),(37,37,2),(38,38,2),(39,38,2),(40,40,3),(41,41,6),(42,42,3),(43,43,4),(44,44,11),(45,45,3),(46,46,3),(47,47,3),(48,48,3),(49,49,3),(50,50,2),(51,51,4),(52,52,3),(53,53,3),(54,54,3),(55,55,3),(56,56,4),(57,57,4),(58,58,7),(59,59,3),(60,60,12),(61,61,4),(62,62,3),(63,63,2),(64,64,7),(65,65,13),(66,66,7),(67,67,2),(68,68,3),(69,69,14),(70,70,4),(71,71,13),(72,72,1),(73,73,1),(74,74,6),(75,75,3),(76,76,4),(77,77,3),(78,78,3),(79,79,3),(80,80,3),(81,81,3),(82,82,7),(83,83,3),(84,84,4),(85,85,3),(86,86,3),(87,87,3),(88,88,3),(89,89,3),(90,90,3),(91,91,3),(92,92,4),(93,93,4),(94,94,4),(95,95,4),(96,96,4),(97,97,4),(98,98,3),(99,99,3),(100,100,2),(101,101,12),(102,102,4),(103,103,3),(104,104,14),(105,105,3),(106,106,3),(107,107,6),(108,108,3),(109,109,3),(110,110,3),(111,111,3),(112,112,3),(113,113,6),(114,114,15),(115,115,3),(116,116,3),(117,117,3),(118,118,3),(119,119,7),(120,120,14),(121,121,4),(122,122,3),(123,123,3),(124,124,3),(125,125,3);
/*!40000 ALTER TABLE `Regiao` ENABLE KEYS */;
UNLOCK TABLES;

--
-- Table structure for table `SemelhancaArtistaMusical`
--

DROP TABLE IF EXISTS `SemelhancaArtistaMusical`;
/*!40101 SET @saved_cs_client     = @@character_set_client */;
/*!40101 SET character_set_client = utf8 */;
CREATE TABLE `SemelhancaArtistaMusical` (
  `id_artista` int(11) NOT NULL,
  `id_artista_similar` int(11) NOT NULL,
  KEY `id_artista` (`id_artista`),
  KEY `id_artista_similar` (`id_artista_similar`),
  CONSTRAINT `semelhancaartistamusical_ibfk_1` FOREIGN KEY (`id_artista`) REFERENCES `ArtistaMusical` (`id`),
  CONSTRAINT `semelhancaartistamusical_ibfk_2` FOREIGN KEY (`id_artista_similar`) REFERENCES `ArtistaMusicalSemelhante` (`id`)
) ENGINE=InnoDB DEFAULT CHARSET=latin1;
/*!40101 SET character_set_client = @saved_cs_client */;

--
-- Dumping data for table `SemelhancaArtistaMusical`
--

LOCK TABLES `SemelhancaArtistaMusical` WRITE;
/*!40000 ALTER TABLE `SemelhancaArtistaMusical` DISABLE KEYS */;
INSERT INTO `SemelhancaArtistaMusical` VALUES (1,1),(1,2),(1,2),(1,3),(1,4),(2,5),(2,6),(2,7),(2,8),(2,9),(3,10),(3,11),(3,12),(3,13),(4,14),(4,15),(4,16),(4,17),(4,18),(5,19),(5,20),(5,21),(5,22),(5,23),(6,24),(6,25),(6,26),(6,27),(7,28),(7,29),(7,30),(7,31),(7,32),(8,33),(8,34),(8,35),(8,36),(8,37),(9,38),(9,39),(9,40),(9,41),(10,42),(10,43),(10,44),(10,45),(10,46),(11,47),(11,48),(11,49),(11,50),(11,51),(12,52),(12,53),(12,54),(12,55),(13,56),(13,57),(13,58),(13,59),(13,60),(14,61),(14,62),(14,63),(14,64),(14,65),(15,66),(15,67),(15,68),(15,69),(16,70),(16,71),(16,72),(16,73),(16,74),(17,75),(17,76),(17,55),(17,77),(17,78),(18,79),(18,80),(18,81),(18,82),(19,83),(19,84),(19,38),(19,39),(19,85),(20,86),(20,68),(20,87),(20,84),(20,88),(21,89),(21,90),(21,91),(21,92),(22,93),(22,94),(22,95),(22,96),(22,97),(23,98),(23,99),(23,100),(23,101),(23,102),(24,103),(24,104),(24,105),(24,106),(25,107),(25,108),(25,109),(25,110),(25,111),(26,112),(26,113),(26,114),(26,115),(26,116),(27,117),(27,118),(27,119),(27,120),(28,121),(28,122),(28,99),(28,123),(28,124),(29,125),(29,126),(29,127),(29,128),(29,129),(30,130),(30,131),(30,132),(30,133),(31,134),(31,135),(31,136),(31,137),(31,138),(32,139),(32,140),(32,141),(32,142),(32,143),(33,144),(33,145),(33,146),(33,138),(34,147),(34,148),(34,149),(34,150),(34,151),(35,152),(35,153),(35,154),(35,155),(35,156),(36,157),(36,158),(36,159),(36,160),(37,161),(37,162),(37,163),(37,164),(37,165),(38,166),(38,161),(38,167),(38,168),(38,169),(39,170),(39,171),(39,172),(39,173),(41,174),(41,175),(41,63),(41,176),(41,177),(42,178),(42,179),(42,180),(42,124),(42,181),(43,182),(43,183),(43,125),(43,184),(44,65),(44,185),(44,176),(44,64),(44,63),(45,186),(45,187),(45,188),(45,189),(45,190),(46,191),(46,192),(46,193),(46,194),(47,195),(47,196),(47,197),(47,198),(47,199),(48,200),(48,201),(48,202),(48,203),(48,178),(50,204),(50,205),(50,206),(50,207),(51,117),(51,118),(51,119),(51,120),(51,208),(53,209),(53,177),(53,210),(53,211),(53,212),(55,213),(55,214),(55,215),(55,216),(56,217),(56,218),(56,219),(56,220),(56,221),(57,222),(57,223),(57,224),(57,225),(57,226),(58,227),(58,228),(58,229),(58,230),(60,231),(60,232),(60,233),(60,234),(60,235),(61,236),(61,237),(61,238),(61,239),(61,240),(62,241),(62,242),(62,243),(62,244),(63,245),(63,246),(63,247),(63,51),(63,248),(64,249),(64,250),(64,251),(64,252),(64,253),(65,125),(65,254),(65,255),(65,174),(69,256),(69,257),(69,258),(69,259),(69,260),(70,261),(70,262),(70,263),(70,264),(70,265),(71,64),(71,266),(71,176),(71,267),(72,268),(72,269),(72,270),(72,271),(72,272),(73,273),(73,274),(73,275),(73,276),(73,277),(75,278),(75,279),(75,280),(75,281),(80,282),(80,283),(80,284),(80,285),(80,286),(81,63),(81,267),(81,65),(81,176),(81,287),(82,65),(82,267),(82,63),(82,64),(84,288),(84,289),(84,290),(84,291),(84,292),(85,293),(85,294),(85,225),(85,295),(85,296),(86,296),(86,297),(86,170),(86,26),(87,177),(87,298),(87,299),(87,300),(87,209),(90,136),(90,301),(90,302),(90,134),(90,303),(91,304),(91,305),(91,306),(91,307),(92,54),(92,308),(92,309),(92,310),(92,311),(93,312),(93,313),(93,314),(93,193),(93,315),(94,316),(94,317),(94,296),(94,176),(95,288),(95,318),(95,319),(95,320),(95,321),(97,322),(97,323),(97,324),(97,325),(97,326),(99,327),(99,328),(99,329),(99,330),(100,129),(100,331),(100,125),(100,26),(100,332),(101,127),(101,125),(101,333),(101,334),(101,335),(102,336),(102,337),(102,304),(102,305),(104,338),(104,339),(104,340),(104,222),(104,224),(105,337),(105,341),(105,342),(105,343),(105,344),(110,135),(110,136),(110,301),(110,345),(111,267),(111,65),(111,176),(111,317),(111,63),(114,346),(114,347),(114,296),(114,339),(114,348),(115,47),(115,305),(115,341),(115,349),(117,136),(117,331),(117,350),(117,171),(117,351),(118,352),(118,353),(118,354),(118,355),(118,356),(119,254),(119,357),(119,358),(119,274),(120,359),(120,288),(120,360),(120,318),(120,292),(121,40),(121,361),(121,362),(121,38),(121,363),(123,364),(123,365),(123,366),(123,36),(124,80),(124,367),(124,368),(124,369),(124,370),(125,371),(125,372),(125,373),(125,374),(125,27),(126,127),(126,125),(126,270),(126,171),(127,375),(127,341),(127,305),(127,376),(127,337),(128,171),(128,129),(128,377),(128,254),(128,351),(129,378),(129,379),(129,380),(129,381),(130,382),(130,171),(130,383),(130,384),(130,125),(131,385),(131,386),(131,270),(131,387),(131,182),(132,117),(132,118),(132,119),(132,120),(134,388),(134,389),(134,131),(134,390),(134,391),(136,392),(136,393),(136,394),(136,391),(136,388),(138,395),(138,132),(138,130),(138,393),(140,150),(140,396),(140,397),(140,151),(140,398),(141,332),(141,399),(141,400),(141,401),(141,402),(142,390),(142,130),(142,403),(142,132),(144,404),(144,405),(144,406),(144,407),(144,408),(145,38),(145,409),(145,84),(145,410),(145,362),(149,134),(149,136),(149,301),(149,135),(152,411),(152,412),(152,413),(152,414),(152,415),(154,391),(154,388),(154,390),(154,131),(154,394),(155,416),(155,417),(155,418),(155,419),(158,420),(158,421),(158,422),(158,423),(158,424),(160,343),(160,342),(160,337),(160,425),(160,426),(164,124),(164,427),(164,178),(164,428),(165,429),(165,430),(165,431),(165,432),(165,433),(166,434),(166,435),(166,29),(166,29),(166,15),(169,436),(169,437),(169,438),(169,439),(171,440),(171,441),(171,442),(171,443),(171,444),(172,445),(172,446),(172,447),(172,448),(172,449),(173,442),(173,450),(173,451),(173,452),(174,453),(174,146),(174,454),(174,455),(174,456),(177,457),(177,458),(177,459),(177,460),(177,461),(178,462),(178,463),(178,111),(178,464),(179,465),(179,466),(179,467),(179,468),(179,469),(180,470),(180,471),(180,472),(180,473),(180,474),(181,130),(181,395),(181,475),(181,476),(182,193),(182,477),(182,419),(182,478),(182,479),(183,466),(183,144),(183,480),(183,468),(183,467),(184,481),(184,482),(184,483),(184,484),(186,485),(186,486),(186,487),(186,488),(186,489),(187,490),(187,491),(187,492),(187,493),(187,494),(188,495),(188,496),(188,497),(188,498),(189,443),(189,499),(189,500),(189,450),(189,501),(191,454),(191,502),(191,503),(191,504),(191,505),(194,506),(194,146),(194,507),(194,145),(195,508),(195,509),(195,510),(195,511),(195,512),(196,513),(196,191),(196,514),(196,515),(196,516),(197,517),(197,518),(197,519),(197,520),(198,521),(198,522),(198,439),(198,523),(198,524),(199,525),(199,526),(199,527),(199,528),(199,529),(200,117),(200,118),(200,119),(200,120),(201,530),(201,531),(201,532),(201,533),(201,534),(203,535),(203,536),(203,537),(203,538),(203,539),(204,117),(204,118),(204,119),(204,120),(205,117),(205,118),(205,119),(205,120),(205,208),(207,540),(207,541),(207,528),(207,537),(207,542),(208,543),(208,305),(208,47),(208,544),(210,545),(210,546),(210,547),(210,548),(210,549),(211,543),(211,550),(211,551),(211,552),(211,305),(212,553),(212,554),(212,555),(212,556),(213,557),(213,558),(213,305),(213,426),(213,559),(215,560),(215,241),(215,243),(215,561),(215,562),(216,563),(216,564),(216,565),(216,525),(218,566),(218,567),(218,568),(218,111),(218,569),(219,344),(219,570),(219,343),(219,341),(219,559),(221,571),(221,572),(221,573),(221,574),(222,503),(222,502),(222,575),(222,576),(222,144),(224,577),(224,578),(224,579),(224,580),(224,581),(228,582),(228,135),(228,334),(228,387),(229,583),(229,584),(229,585),(229,586),(229,587),(238,559),(238,543),(238,304),(238,544),(238,588),(239,589),(239,590),(239,591),(239,592),(241,593),(241,594),(241,595),(241,596),(241,597),(243,598),(243,599),(243,600),(243,601),(243,602),(245,603),(245,604),(245,605),(245,307),(246,606),(246,607),(246,608),(246,609),(246,209),(250,610),(250,611),(250,612),(250,613),(250,614),(254,615),(254,616),(254,617),(254,618),(257,619),(257,620),(257,621),(257,94),(257,622),(258,623),(258,624),(258,625),(258,626),(258,627),(259,628),(259,629),(259,630),(259,631),(260,632),(260,633),(260,634),(260,635),(260,636),(261,637),(261,638),(261,639),(261,640),(261,641),(262,642),(262,643),(262,644),(262,645),(263,646),(263,647),(263,648),(263,649),(263,650),(269,651),(269,652),(269,653),(269,654),(269,655),(270,656),(270,657),(270,658),(270,659),(273,152),(273,660),(273,661),(273,662),(273,663),(275,237),(275,664),(275,665),(275,666),(275,667),(276,644),(276,668),(276,665),(276,669),(277,117),(277,118),(277,119),(277,120),(277,208),(278,670),(278,671),(278,644),(278,665),(278,672),(279,117),(279,118),(279,119),(279,120),(280,673),(280,674),(280,675),(280,671),(280,665),(282,117),(282,118),(282,119),(282,120),(282,208),(283,676),(283,677),(283,678),(283,238),(285,153),(285,660),(285,661),(285,662),(285,679),(287,680),(287,681),(287,682),(287,683),(287,684),(288,685),(288,660),(288,153),(288,686),(289,687),(289,688),(289,689),(289,690),(289,691),(290,692),(290,693),(290,694),(290,695),(290,696),(291,697),(291,698),(291,699),(291,700),(292,640),(292,701),(292,702),(292,703),(292,227),(293,673),(293,671),(293,644),(293,643),(293,704),(296,705),(296,69),(296,215),(296,706),(297,696),(297,707),(297,708),(297,709),(297,695),(298,710),(298,711),(298,712),(298,713),(298,714),(302,715),(302,716),(302,717),(302,718),(305,719),(305,720),(305,315),(305,721),(305,722),(308,221),(308,723),(308,330),(308,724),(308,725),(310,726),(310,727),(310,728),(310,729),(311,717),(311,730),(311,731),(311,716),(311,732),(316,227),(316,733),(316,663),(316,734),(316,735),(317,736),(317,737),(317,738),(317,739),(318,740),(318,741),(318,596),(318,742),(318,743),(319,744),(319,745),(319,746),(319,747),(319,748),(320,749),(320,750),(320,751),(320,752),(323,753),(323,754),(323,755),(323,756),(323,757),(324,758),(324,759),(324,760),(324,761),(324,762),(325,763),(325,711),(325,764),(325,710),(326,765),(326,766),(326,767),(326,768),(326,769),(327,264),(327,770),(327,262),(327,263),(327,771),(328,772),(328,773),(328,774),(328,775),(330,117),(330,118),(330,119),(330,120),(330,208),(331,544),(331,343),(331,376),(331,337),(331,559),(334,764),(334,763),(334,776),(334,714),(336,777),(336,767),(336,778),(336,779),(336,774),(337,117),(337,118),(337,119),(337,120),(337,208),(339,780),(339,781),(339,782),(339,783),(340,784),(340,785),(340,786),(340,787),(340,788),(342,789),(342,658),(342,790),(342,791),(342,314),(343,792),(343,793),(343,794),(343,795),(345,117),(345,118),(345,119),(345,120),(345,208),(347,796),(347,797),(347,798),(347,799),(347,800),(349,117),(349,118),(349,119),(349,120),(350,801),(350,94),(350,802),(350,95),(350,620),(352,117),(352,118),(352,119),(352,120),(352,208),(353,803),(353,804),(353,805),(353,806),(354,807),(354,808),(354,809),(354,810),(354,422),(356,811),(356,812),(356,813),(356,814),(356,815),(357,816),(357,817),(357,806),(357,818),(358,819),(358,820),(358,821),(358,822),(358,823),(359,806),(359,824),(359,825),(359,826),(359,827),(361,828),(361,829),(361,806),(361,830),(366,827),(366,422),(366,825),(366,421),(366,818),(369,831),(369,832),(369,732),(369,721),(369,833),(370,834),(370,327),(370,835),(370,836),(373,837),(373,827),(373,838),(373,424),(373,839),(375,812),(375,422),(375,423),(375,817),(375,818),(379,824),(379,806),(379,420),(379,840),(380,841),(380,842),(380,843),(380,844),(380,845),(381,846),(381,817),(381,847),(381,848),(381,804),(382,849),(382,329),(382,850),(382,851),(384,485),(384,486),(384,487),(384,488),(384,489),(385,423),(385,852),(385,827),(385,853),(385,854),(387,424),(387,181),(387,178),(387,124),(390,825),(390,855),(390,856),(390,422),(390,857),(391,858),(391,859),(391,860),(391,427),(391,838),(396,117),(396,118),(396,119),(396,120),(397,861),(397,806),(397,840),(397,862),(397,863),(398,806),(398,864),(398,811),(398,865),(398,812),(399,866),(399,867),(399,221),(399,868),(402,869),(402,870),(402,871),(402,872),(402,873),(403,314),(403,366),(403,126),(403,36),(403,874),(405,740),(405,743),(405,875),(405,876),(406,803),(406,804),(406,877),(406,878),(406,879),(407,803),(407,864),(407,846),(407,880),(407,881),(409,515),(409,269),(409,882),(409,883),(411,884),(411,885),(411,886),(411,887),(411,888),(418,144),(418,466),(418,889),(418,507),(418,467),(421,890),(421,299),(421,210),(421,300),(424,891),(424,892),(424,893),(424,894),(424,895),(428,896),(428,691),(428,897),(428,898),(428,899),(430,900),(430,901),(430,902),(430,408),(432,903),(432,904),(432,905),(432,906),(432,907),(433,117),(433,118),(433,119),(433,120),(433,208),(436,199),(436,908),(436,909),(436,910),(439,900),(439,409),(439,895),(439,911),(439,893),(443,912),(443,645),(443,913),(443,665),(443,238),(445,117),(445,118),(445,119),(445,120),(447,914),(447,915),(447,916),(447,917),(447,918),(453,117),(453,118),(453,119),(453,120),(453,208),(458,408),(458,911),(458,919),(458,920),(459,911),(459,919),(459,682),(459,920),(459,921),(460,922),(460,923),(460,407),(460,680),(460,924),(461,925),(461,86),(461,923),(461,68),(465,87),(465,926),(465,84),(465,927),(465,410),(466,928),(466,929),(466,930),(466,931),(466,932),(467,933),(467,934),(467,935),(467,936),(469,937),(469,938),(469,939),(469,940),(469,941),(470,189),(470,942),(470,943),(470,944),(470,945),(471,652),(471,198),(471,946),(471,947),(472,368),(472,948),(472,80),(472,949),(472,925),(473,950),(473,951),(473,952),(473,953),(473,290),(474,954),(474,955),(474,956),(474,957),(475,958),(475,959),(475,960),(475,961),(475,410),(477,962),(477,963),(477,964),(477,965),(477,966),(479,967),(479,968),(479,969),(479,970),(480,971),(480,972),(480,973),(480,974),(480,975),(486,976),(486,977),(486,978),(486,404),(486,979),(487,980),(487,981),(487,982),(487,983),(488,984),(488,985),(488,986),(488,987),(488,988),(489,925),(489,989),(489,68),(489,923),(489,363),(490,990),(490,991),(490,992),(490,942),(491,993),(491,611),(491,994),(491,995),(491,996),(492,40),(492,84),(492,997),(492,998),(492,83),(493,999),(493,1000),(493,1001),(493,1002),(494,84),(494,38),(494,1003),(494,40),(494,87),(495,1004),(495,1005),(495,1006),(495,1007),(495,1008),(496,1009),(496,683),(496,1010),(496,1011),(498,989),(498,248),(498,245),(498,1012),(498,51),(499,1013),(499,1014),(499,1015),(499,85),(499,1016),(501,1017),(501,1018),(501,1019),(501,1020),(502,405),(502,1021),(502,682),(502,1022),(502,1023),(505,1024),(505,1025),(505,1026),(505,1027),(505,1023),(506,1028),(506,1029),(506,1030),(506,1031),(507,1032),(507,1033),(507,1034),(507,1035),(507,1036),(508,1037),(508,680),(508,681),(508,682),(508,407),(511,79),(511,368),(511,1038),(511,1039),(513,117),(513,118),(513,119),(513,120),(513,208),(518,410),(518,39),(518,1040),(518,900),(518,1041),(519,958),(519,39),(519,1042),(519,1040),(520,1043),(520,1044),(520,960),(520,1045),(520,958),(521,78),(521,1046),(521,1047),(521,1048),(521,1049),(522,83),(522,41),(522,926),(522,84),(524,1050),(524,370),(524,79),(524,1039),(524,368),(526,84),(526,39),(526,41),(526,87),(526,1051),(528,960),(528,958),(528,1052),(528,1053),(529,1054),(529,1055),(529,1056),(529,1057),(529,1058),(530,1059),(530,1060),(530,1061),(530,1062),(530,46),(531,1063),(531,1064),(531,1065),(531,1066),(532,1067),(532,1068),(532,1069),(532,1070),(532,1071),(534,1072),(534,39),(534,1051),(534,87),(534,84),(535,39),(535,1040),(535,958),(535,85),(536,1073),(536,1074),(536,682),(536,684),(536,86),(537,39),(537,926),(537,927),(537,84),(537,85),(540,1075),(540,1076),(540,1077),(540,1013),(541,981),(541,409),(541,983),(541,1078),(541,68),(547,1079),(547,1080),(547,1081),(547,1082),(547,1083),(548,1084),(548,787),(548,1085),(548,371),(555,1086),(555,1087),(555,1088),(555,1089),(555,1090),(556,1091),(556,1092),(556,1093),(556,1094),(556,1095),(558,117),(558,118),(558,119),(558,120),(567,1096),(567,1097),(567,1098),(567,1099),(567,1100),(569,1101),(569,1102),(569,1103),(569,1104),(569,1105),(582,1106),(582,1107),(582,1108),(582,1109),(586,885),(586,886),(586,1110),(586,1111),(586,1112),(587,1113),(587,366),(587,314),(587,1114),(587,1115),(588,1116),(588,1117),(588,1118),(588,1119),(591,1120),(591,1121),(591,1122),(591,1123),(591,37),(601,54),(601,1124),(601,1125),(601,52),(601,309),(614,1126),(614,1127),(614,1128),(614,1129),(624,1130),(624,1131),(624,1132),(624,57),(624,1133);
/*!40000 ALTER TABLE `SemelhancaArtistaMusical` ENABLE KEYS */;
UNLOCK TABLES;
/*!40103 SET TIME_ZONE=@OLD_TIME_ZONE */;

/*!40101 SET SQL_MODE=@OLD_SQL_MODE */;
/*!40014 SET FOREIGN_KEY_CHECKS=@OLD_FOREIGN_KEY_CHECKS */;
/*!40014 SET UNIQUE_CHECKS=@OLD_UNIQUE_CHECKS */;
/*!40101 SET CHARACTER_SET_CLIENT=@OLD_CHARACTER_SET_CLIENT */;
/*!40101 SET CHARACTER_SET_RESULTS=@OLD_CHARACTER_SET_RESULTS */;
/*!40101 SET COLLATION_CONNECTION=@OLD_COLLATION_CONNECTION */;
/*!40111 SET SQL_NOTES=@OLD_SQL_NOTES */;

-- Dump completed on 2014-05-16  6:16:44
